<?xml version="1.0" encoding="utf-8"?>
<COLLADA xmlns="http://www.collada.org/2005/11/COLLADASchema" version="1.4.1" xmlns:xsi="http://www.w3.org/2001/XMLSchema-instance">
  <asset>
    <contributor>
      <author>Blender User</author>
      <authoring_tool>Blender 4.2.18 LTS commit date:2026-02-16, commit time:13:37, hash:d71e3422e438</authoring_tool>
    </contributor>
    <created>2026-04-12T20:18:24</created>
    <modified>2026-04-12T20:18:24</modified>
    <unit name="meter" meter="1"/>
    <up_axis>Z_UP</up_axis>
  </asset>
  <library_effects>
    <effect id="Material_018-effect">
      <profile_COMMON>
        <technique sid="common">
          <lambert>
            <emission>
              <color sid="emission">0 0 0 1</color>
            </emission>
            <diffuse>
              <color sid="diffuse">0 0 0 1</color>
            </diffuse>
            <index_of_refraction>
              <float sid="ior">1.5</float>
            </index_of_refraction>
          </lambert>
        </technique>
      </profile_COMMON>
    </effect>
  </library_effects>
  <library_images/>
  <library_materials>
    <material id="Material_018-material" name="Material.018">
      <instance_effect url="#Material_018-effect"/>
    </material>
  </library_materials>
  <library_geometries>
    <geometry id="Cube_003-mesh" name="Cube.003">
      <mesh>
        <source id="Cube_003-mesh-positions">
          <float_array id="Cube_003-mesh-positions-array" count="1800">-0.999994 -1 0.4000018 -0.999994 -1 2.400002 -0.999994 1 0.4000018 -0.999994 1 2.400002 1.000006 -1 0.4000018 1.000006 -1 2.400002 1.000006 1 0.4000018 1.000006 1 2.400002 -5.999996 -0.9999999 -0.3999983 -5.999996 -0.9999999 0.4000017 -5.999996 1 -0.3999983 -5.999996 1 0.4000017 6.000003 -0.9999999 -0.3999983 6.000003 -0.9999999 0.4000017 6.000003 1 -0.3999983 6.000003 1 0.4000017 -0.999996 -0.9999999 -2.399998 -0.999996 -0.9999999 -0.3999984 -0.999996 1 -2.399998 -0.999996 1 -0.3999984 1.000004 -0.9999999 -2.399998 1.000004 -0.9999999 -0.3999984 1.000004 1 -2.399998 1.000004 1 -0.3999984 9.732056 -2.00176 1.66893e-6 8.000006 -4.00176 1.54972e-6 6.267955 -2.00176 1.66893e-6 7.000006 3.462341 1.78814e-6 8.000006 3.998239 1.78814e-6 9.732056 1.998239 1.66893e-6 9.914454 -0.001760482 0.5221064 8.923009 -3.465862 0.4698958 6.214332 1.998239 0.3272543 8.923009 3.462341 0.469896 9.659263 -0.001760542 1.035278 6.761486 -3.465862 0.7246948 6.054379 -2.00176 0.6489073 5.795561 -0.001760482 0.6211673 6.761486 3.462341 0.7246949 8.693338 3.462341 0.9317501 8.991249 -2.00176 1.489719 7.391042 -4.00176 1.224588 5.790835 -2.00176 0.9594576 5.790835 1.998239 0.9594577 6.467162 3.462341 1.071515 8.991249 1.998239 1.489719 8.428208 -2.00176 1.946412 6.928208 -4.00176 1.600002 6.062182 -3.465862 1.400002 5.428208 -2.00176 1.253592 6.062182 3.462341 1.400002 7.794233 3.462341 1.800002 7.140186 -3.465862 2.191542 6.346833 -4.00176 1.948038 4.972705 -2.00176 1.526276 7.140186 3.462341 2.191542 7.720962 1.998239 2.3698 4.242646 -0.001760601 1.697058 4.432115 1.998239 1.772846 4.949753 3.462341 1.979901 6.881604 1.998239 2.752641 5.47886 -3.465862 2.856073 4.870098 -4.00176 2.538732 3.652575 -0.001760601 1.904049 4.261336 3.462341 2.221391 5.47886 3.462341 2.856073 5.924504 1.998239 3.088383 4.000006 -4.00176 2.771283 3.13398 -2.00176 2.171283 4.000006 3.998239 2.771283 3.826843 -0.00176084 3.695519 3.724303 -2.001761 3.596498 2.296108 -0.001760661 2.217312 2.678791 3.462341 2.586864 3.061475 3.998239 2.956416 2.588197 -0.00176084 3.863705 2.329378 -3.465862 3.477335 2.070559 -4.00176 3.090964 1.622271 -2.001761 2.421751 1.622271 1.998239 2.421751 2.329378 3.46234 3.477335 1.270292 -2.001761 3.859519 1.17474 -3.465862 3.569203 0.9136882 -3.465862 2.776047 0.8181365 -2.001761 2.485732 0.8181365 1.998239 2.485732 6.92569e-6 -2.001761 3.892822 6.71943e-6 -3.465862 2.800002 6.64393e-6 -0.001760661 2.400002 6.66416e-6 1.998239 2.507181 6.87042e-6 3.46234 3.600002 -1.174731 -3.465862 3.569203 -1.044204 -4.00176 3.172625 -0.9136781 -3.465862 2.776047 -0.8181262 -2.001761 2.485732 -0.7831518 -0.001760661 2.379469 -0.9136781 3.462341 2.776047 -1.044204 3.998239 3.172625 -1.174731 3.46234 3.569203 -2.518832 -2.001761 3.760178 -2.070545 -4.00176 3.090965 -1.622257 1.998239 2.421751 -1.811726 3.462341 2.704594 -3.724289 -2.001761 3.596499 -2.678778 -3.465862 2.586864 -2.296095 -0.001760661 2.217312 -2.398634 1.998239 2.316334 -2.678778 3.462341 2.586864 -3.061462 3.998239 2.956416 -3.444145 3.46234 3.325968 -3.999992 -4.00176 2.771283 -2.999993 -0.001760661 2.078463 -3.133967 1.998239 2.171283 -3.499993 3.462341 2.424873 -4.499992 3.462341 3.117693 -5.924491 -2.001761 3.088384 -5.478847 -3.465862 2.856074 -4.870085 -4.00176 2.538732 -3.815679 -2.00176 1.989081 -5.924491 1.998239 3.088384 -7.071063 -0.001760721 2.828428 -6.881595 -2.001761 2.752641 -4.949742 -3.465862 1.9799 -4.432104 -2.00176 1.772845 -5.656849 3.998239 2.262743 -6.363956 3.462341 2.545585 -6.881595 1.998239 2.752641 -7.933527 -0.001760661 2.435047 -4.972692 -2.00176 1.526276 -5.553467 3.462341 1.704534 -7.720948 1.998239 2.369801 -8.428195 -2.00176 1.946413 -6.928196 -4.00176 1.600002 -6.06217 -3.465862 1.400002 -5.428196 -2.00176 1.253592 -5.428196 1.998239 1.253592 -9.238789 -0.001760601 1.530736 -7.391029 -4.00176 1.224589 -6.46715 -3.465862 1.071515 -5.790823 -2.00176 0.9594579 -5.54327 -0.001760482 0.918442 -5.790823 1.998239 0.959458 -8.314909 3.462341 1.377662 -8.991236 1.998239 1.48972 -9.659253 -0.001760542 1.035277 -8.693326 -3.465862 0.9317497 -7.727401 -4.00176 0.8282222 -6.054368 -2.00176 0.6489071 -5.795548 -0.001760482 0.6211671 -6.054368 1.998239 0.6489073 -6.761475 3.462341 0.7246947 -8.693326 3.462341 0.9317498 -9.400434 1.998239 1.007537 -9.914442 -0.001760482 0.522107 -9.648785 -2.00176 0.5081171 -8.922997 -3.465862 0.4698963 -6.214319 -2.00176 0.3272545 -5.948663 -0.001760423 0.3132649 -6.214319 1.998239 0.3272547 -6.940107 3.462341 0.3654754 -8.999994 -3.465862 1.90735e-6 -6.267942 1.998239 1.90735e-6 -6.999993 3.462341 2.02656e-6 -7.931552 -4.00176 -0.4176827 -5.948663 -0.001760363 -0.3132615 -6.940107 3.462341 -0.365472 -9.659253 -0.001760303 -1.035274 -9.400434 -2.00176 -1.007534 -8.693326 -3.465862 -0.9317465 -6.054368 1.998239 -0.6489039 -7.727401 3.998239 -0.8282187 -8.693326 3.462341 -0.9317463 -9.400434 1.998239 -1.007534 -8.991238 -2.00176 -1.489715 -6.467152 3.462341 -1.071511 -7.391031 3.998239 -1.224584 -8.991238 1.998239 -1.489715 -8.428198 -2.00176 -1.946408 -6.062172 -3.465862 -1.399998 -5.196147 -0.001760303 -1.199998 -5.428197 1.998239 -1.253588 -7.720948 -2.00176 -2.369797 -7.140173 -3.465862 -2.19154 -4.760114 -0.001760244 -1.461026 -4.972692 1.998239 -1.526273 -5.553467 3.462341 -1.70453 -6.34682 3.998239 -1.948035 -7.140173 3.462341 -2.19154 -4.432104 -2.00176 -1.772842 -4.242635 -0.001760244 -1.697054 -5.656849 3.998239 -2.262739 -6.363956 3.462341 -2.545582 -6.881595 1.99824 -2.752638 -6.087612 -0.001760065 -3.17341 -5.47885 -3.465862 -2.856069 -4.870089 -4.00176 -2.538728 -4.261327 -3.465862 -2.221387 -3.652565 -0.001760184 -1.904046 -4.870089 3.998239 -2.538728 -5.924495 1.99824 -3.088379 -4.866017 -2.00176 -3.37128 -2.999993 -0.001760184 -2.07846 -3.133967 1.998239 -2.17128 -3.499993 3.462341 -2.42487 -3.999992 3.998239 -2.77128 -3.826829 -0.001760005 -3.695516 -3.444145 -3.465861 -3.325965 -3.061462 -4.00176 -2.956413 -3.444145 3.462341 -3.325965 -2.518837 -2.00176 -3.760174 -1.811729 -3.465862 -2.704591 -1.62226 -2.00176 -2.421748 -1.55291 -0.001760184 -2.31822 -1.62226 1.99824 -2.421748 -1.811729 3.462341 -2.704591 -2.070549 3.998239 -3.090961 -2.329368 3.462341 -3.477331 -2.518837 1.99824 -3.760174 -1.174735 -3.465861 -3.569199 -0.9136813 -3.465862 -2.776044 -0.8181291 -2.00176 -2.485728 -1.044208 3.998239 -3.172621 -1.174735 3.462341 -3.569199 6.92569e-6 -2.00176 -3.892819 6.79492e-6 -4.00176 -3.199999 6.71943e-6 -3.465862 -2.799998 6.66416e-6 -2.00176 -2.507178 6.71943e-6 3.462341 -2.799998 6.92569e-6 1.99824 -3.892819 1.305266 -0.001760005 -3.965778 1.270292 -2.00176 -3.859515 1.17474 -3.465861 -3.5692 1.044214 -4.00176 -3.172622 0.9136882 -3.465862 -2.776044 0.8181365 -2.00176 -2.485729 0.8181365 1.99824 -2.485729 1.17474 3.462341 -3.5692 2.588192 -0.001760005 -3.863703 2.329373 -3.465861 -3.477332 1.622268 -2.00176 -2.421748 1.552918 -0.001760184 -2.318221 2.070555 3.998239 -3.090961 3.826843 -0.001760005 -3.695516 3.724303 -2.00176 -3.596495 2.296108 -0.001760184 -2.217309 2.678791 3.462341 -2.586861 3.444159 3.462341 -3.325964 4.866031 -2.00176 -3.371279 4.000006 -4.00176 -2.77128 3.13398 -2.00176 -2.17128 3.500006 3.462341 -2.42487 4.500005 3.462341 -3.11769 3.652573 -0.001760184 -1.904047 3.81569 1.998239 -1.989078 5.478856 3.462341 -2.856071 5.9245 1.99824 -3.088381 7.07107 -0.001760125 -2.828427 6.363963 -3.465862 -2.545584 5.656857 -4.00176 -2.262741 4.94975 -3.465862 -1.979899 4.94975 3.462341 -1.979898 5.656857 3.998239 -2.262741 6.346833 -4.00176 -1.948035 5.553479 -3.465862 -1.70453 4.760126 -0.001760244 -1.461025 4.972705 1.998239 -1.526272 5.553479 3.462341 -1.70453 6.346833 3.998239 -1.948035 7.140186 3.462341 -2.191539 8.660259 -0.001760184 -1.999999 7.794233 -3.465862 -1.799999 5.196157 -0.001760303 -1.199999 6.062182 3.462341 -1.399999 7.794233 3.462341 -1.799998 8.428208 1.998239 -1.946409 8.991247 -2.00176 -1.489718 8.31492 -3.465862 -1.37766 7.391041 -4.00176 -1.224587 6.467161 -3.465862 -1.071513 5.543282 -0.001760303 -0.9184396 5.790834 1.998239 -0.9594553 8.31492 3.462341 -1.37766 8.991247 1.998239 -1.489718 9.659264 -0.001760303 -1.035273 9.400445 -2.00176 -1.007533 8.693338 -3.465862 -0.931746 7.727412 -4.00176 -0.8282185 6.761487 -3.465862 -0.7246909 6.054379 1.998239 -0.6489036 9.648797 -2.00176 -0.5081134 8.923009 -3.465862 -0.4698926 6.94012 -3.465862 -0.3654716 5.948675 -0.001760363 -0.3132612 6.214332 1.998239 -0.3272508 8.923009 3.462341 -0.4698925 10 -0.001760423 1.66893e-6 9.000005 -3.465862 1.54972e-6 7.000006 -3.465862 1.54972e-6 6.000006 -0.001760423 1.66893e-6 6.267955 1.998239 1.66893e-6 9.000005 3.462341 1.78814e-6 9.648797 -2.00176 0.5081166 7.931564 -4.00176 0.4176854 6.94012 -3.465862 0.3654749 6.214332 -2.00176 0.3272542 5.948675 -0.001760423 0.3132645 6.94012 3.462341 0.3654749 7.931564 3.998239 0.4176855 9.648797 1.998239 0.5081167 9.400444 -2.00176 1.007537 8.693338 -3.465862 0.93175 7.727412 -4.00176 0.8282224 6.054379 1.998239 0.6489074 7.727412 3.998239 0.8282225 9.400444 1.998239 1.007537 9.238801 -0.001760601 1.530735 8.314921 -3.465862 1.377662 6.467162 -3.465862 1.071515 5.543282 -0.001760482 0.9184417 7.391042 3.998239 1.224589 8.314921 3.462341 1.377662 8.660259 -0.001760601 2.000002 7.794233 -3.465862 1.800002 5.196157 -0.001760542 1.200002 5.428208 1.998239 1.253592 6.928208 3.998239 1.600002 8.428208 1.998239 1.946412 7.93354 -0.001760661 2.435047 7.720962 -2.001761 2.3698 5.553479 -3.465862 1.704533 4.760126 -0.001760542 1.461029 4.972705 1.998239 1.526276 5.553479 3.462341 1.704533 6.346833 3.998239 1.948038 7.071073 -0.001760721 2.828429 6.881604 -2.001761 2.752641 6.363966 -3.465862 2.545586 5.656859 -4.00176 2.262743 4.949753 -3.465862 1.979901 4.432115 -2.00176 1.772846 5.656859 3.998239 2.262743 6.363966 3.462341 2.545586 6.087621 -0.00176078 3.173414 5.924504 -2.001761 3.088383 4.261336 -3.465862 2.221391 3.815692 -2.00176 1.989081 3.815692 1.998239 1.989081 4.870098 3.998239 2.538732 5.000005 -0.00176078 3.464103 4.866031 -2.001761 3.371283 4.500005 -3.465862 3.117693 3.500006 -3.465862 2.424873 3.000006 -0.001760661 2.078463 3.13398 1.998239 2.171283 3.500006 3.462341 2.424873 4.500005 3.462341 3.117693 4.866031 1.998239 3.371283 3.444159 -3.465862 3.325968 3.061475 -4.00176 2.956416 2.678791 -3.465862 2.586864 2.398648 -2.001761 2.316333 2.398648 1.998239 2.316333 3.444159 3.46234 3.325968 3.724303 1.998239 3.596498 2.518846 -2.001761 3.760177 1.81174 -3.465862 2.704594 1.55292 -0.001760661 2.318224 1.81174 3.462341 2.704594 2.070559 3.998239 3.090964 2.518846 1.998239 3.760177 1.305266 -0.00176084 3.965781 1.044214 -4.00176 3.172625 0.7831622 -0.001760661 2.379469 0.9136882 3.462341 2.776047 1.044214 3.998239 3.172625 1.17474 3.46234 3.569203 1.270292 1.998239 3.859519 6.94592e-6 -0.00176084 4.000002 6.87042e-6 -3.465862 3.600002 6.79492e-6 -4.00176 3.200002 6.66416e-6 -2.001761 2.507181 6.71943e-6 3.462341 2.800002 6.79492e-6 3.998239 3.200002 6.92569e-6 1.998239 3.892822 -1.305257 -0.00176084 3.965781 -1.270283 -2.001761 3.859518 -0.8181262 1.998239 2.485732 -1.270283 1.998239 3.859518 -2.588183 -0.00176084 3.863705 -2.329364 -3.465862 3.477335 -1.811726 -3.465862 2.704594 -1.622257 -2.001761 2.421751 -1.552907 -0.001760661 2.318224 -2.070545 3.998239 3.090965 -2.329364 3.46234 3.477335 -2.518832 1.998239 3.760178 -3.826829 -0.00176084 3.69552 -3.444145 -3.465862 3.325968 -3.061462 -4.00176 2.956416 -2.398634 -2.001761 2.316334 -3.724289 1.998239 3.596499 -4.999992 -0.00176078 3.464104 -4.866017 -2.001761 3.371284 -4.499992 -3.465862 3.117693 -3.499993 -3.465862 2.424873 -3.133967 -2.00176 2.171283 -3.999992 3.998239 2.771283 -4.866017 1.998239 3.371284 -6.087607 -0.00176078 3.173415 -4.261324 -3.465862 2.221391 -3.652562 -0.001760601 1.90405 -3.815679 1.998239 1.989081 -4.261324 3.462341 2.221391 -4.870085 3.998239 2.538732 -5.478847 3.462341 2.856074 -6.363956 -3.465862 2.545585 -5.656849 -4.00176 2.262743 -4.242635 -0.001760601 1.697057 -4.432104 1.998239 1.772845 -4.949742 3.462341 1.9799 -7.720948 -2.001761 2.369801 -7.140173 -3.465862 2.191543 -6.34682 -4.00176 1.948038 -5.553467 -3.465862 1.704534 -4.760114 -0.001760542 1.461029 -4.972692 1.998239 1.526276 -6.34682 3.998239 1.948038 -7.140173 3.462341 2.191543 -8.660246 -0.001760601 2.000003 -7.794221 -3.465862 1.800002 -5.196145 -0.001760542 1.200002 -6.06217 3.462341 1.400002 -6.928196 3.998239 1.600003 -7.794221 3.462341 1.800003 -8.428195 1.998239 1.946413 -8.991236 -2.00176 1.48972 -8.314909 -3.465862 1.377662 -6.46715 3.462341 1.071516 -7.391029 3.998239 1.224589 -9.400434 -2.00176 1.007537 -6.761475 -3.465862 0.7246946 -7.727401 3.998239 0.8282223 -7.931552 -4.00176 0.4176859 -6.940107 -3.465862 0.3654753 -7.931552 3.998239 0.417686 -8.922997 3.462341 0.4698964 -9.648785 1.998239 0.5081173 -9.999994 -0.001760423 2.02656e-6 -9.732045 -2.00176 2.02656e-6 -7.999993 -4.00176 1.90735e-6 -6.999993 -3.465862 1.90735e-6 -6.267942 -2.00176 1.90735e-6 -5.999993 -0.001760423 1.90735e-6 -7.999993 3.998239 2.02656e-6 -8.999994 3.462341 2.02656e-6 -9.732045 1.998239 2.02656e-6 -9.914442 -0.001760363 -0.5221036 -9.648785 -2.00176 -0.5081139 -8.922997 -3.465862 -0.4698931 -6.940107 -3.465862 -0.3654721 -6.214319 -2.00176 -0.3272513 -6.214319 1.998239 -0.3272512 -7.931552 3.998239 -0.4176825 -8.922997 3.462341 -0.469893 -9.648785 1.998239 -0.5081139 -7.727401 -4.00176 -0.8282189 -6.761475 -3.465862 -0.7246914 -6.054368 -2.00176 -0.6489039 -5.795548 -0.001760363 -0.6211639 -6.761475 3.462341 -0.7246912 -9.238791 -0.001760244 -1.53073 -8.314911 -3.465862 -1.377658 -7.391031 -4.00176 -1.224584 -6.467152 -3.465862 -1.071511 -5.790824 -2.00176 -0.9594536 -5.543272 -0.001760303 -0.9184377 -5.790824 1.998239 -0.9594534 -8.314911 3.462341 -1.377657 -8.660249 -0.001760184 -1.999998 -7.794223 -3.465862 -1.799998 -6.928198 -4.00176 -1.599998 -5.428197 -2.00176 -1.253588 -6.062172 3.462341 -1.399998 -6.928198 3.998239 -1.599998 -7.794223 3.462341 -1.799998 -8.428198 1.998239 -1.946408 -7.933527 -0.001760125 -2.435044 -6.34682 -4.00176 -1.948035 -5.553467 -3.465862 -1.70453 -4.972692 -2.00176 -1.526273 -7.720948 1.99824 -2.369797 -7.071063 -0.001760125 -2.828425 -6.881595 -2.00176 -2.752638 -6.363956 -3.465862 -2.545582 -5.656849 -4.00176 -2.262739 -4.949742 -3.465862 -1.979897 -4.432104 1.998239 -1.772842 -4.949742 3.462341 -1.979897 -5.924495 -2.00176 -3.088379 -3.815682 -2.00176 -1.989077 -3.815682 1.998239 -1.989077 -4.261327 3.462341 -2.221387 -5.47885 3.462341 -2.856069 -4.999992 -0.001760005 -3.464101 -4.499992 -3.465862 -3.11769 -3.999992 -4.00176 -2.77128 -3.499993 -3.465862 -2.42487 -3.133967 -2.00176 -2.17128 -4.499992 3.462341 -3.11769 -4.866017 1.99824 -3.37128 -3.724289 -2.00176 -3.596495 -2.678778 -3.465862 -2.586861 -2.398634 -2.00176 -2.31633 -2.296095 -0.001760184 -2.217309 -2.398634 1.99824 -2.31633 -2.678778 3.462341 -2.586861 -3.061462 3.998239 -2.956413 -3.724289 1.99824 -3.596495 -2.588187 -0.001760005 -3.863702 -2.329368 -3.465861 -3.477331 -2.070549 -4.00176 -3.090961 -1.305262 -0.001760005 -3.965777 -1.270287 -2.00176 -3.859515 -1.044208 -4.00176 -3.172621 -0.7831546 -0.001760125 -2.379466 -0.8181291 1.99824 -2.485728 -0.9136813 3.462341 -2.776044 -1.270287 1.99824 -3.859515 6.94592e-6 -0.001759946 -3.999998 6.87042e-6 -3.465861 -3.599998 6.64393e-6 -0.001760125 -2.399998 6.66416e-6 1.99824 -2.507178 6.79492e-6 3.998239 -3.199999 6.87042e-6 3.462341 -3.599998 0.7831622 -0.001760125 -2.379466 0.9136882 3.462341 -2.776044 1.044214 3.998239 -3.172622 1.270292 1.99824 -3.859515 2.518842 -2.00176 -3.760174 2.070555 -4.00176 -3.090961 1.811736 -3.465862 -2.704591 1.622268 1.99824 -2.421748 1.811736 3.462341 -2.704591 2.329373 3.462341 -3.477332 2.518842 1.99824 -3.760174 3.444159 -3.465861 -3.325964 3.061475 -4.00176 -2.956413 2.678791 -3.465862 -2.586861 2.398648 -2.00176 -2.31633 2.398648 1.99824 -2.31633 3.061475 3.998239 -2.956413 3.724303 1.99824 -3.596495 5.000005 -0.001760005 -3.4641 4.500005 -3.465862 -3.11769 3.500006 -3.465862 -2.42487 3.000006 -0.001760184 -2.078459 3.13398 1.998239 -2.17128 4.000006 3.998239 -2.77128 4.866031 1.99824 -3.371279 6.087618 -0.001760065 -3.173412 5.9245 -2.00176 -3.088381 5.478856 -3.465862 -2.856071 4.870095 -4.00176 -2.53873 4.261333 -3.465862 -2.221388 3.81569 -2.00176 -1.989078 4.261333 3.462341 -2.221388 4.870095 3.998239 -2.53873 6.881601 -2.00176 -2.75264 4.432113 -2.00176 -1.772843 4.242644 -0.001760244 -1.697056 4.432113 1.998239 -1.772843 6.363963 3.462341 -2.545584 6.881601 1.99824 -2.75264 7.93354 -0.001760125 -2.435044 7.720962 -2.00176 -2.369797 7.140186 -3.465862 -2.191539 4.972705 -2.00176 -1.526272 7.720962 1.99824 -2.369797 8.428208 -2.00176 -1.946409 6.928208 -4.00176 -1.599999 6.062182 -3.465862 -1.399999 5.428208 -2.00176 -1.253588 5.428208 1.998239 -1.253588 6.928208 3.998239 -1.599999 9.2388 -0.001760244 -1.530734 5.790834 -2.00176 -0.9594555 6.467161 3.462341 -1.071513 7.391041 3.998239 -1.224586 6.054379 -2.00176 -0.6489036 5.795561 -0.001760363 -0.6211634 6.761487 3.462341 -0.7246909 7.727412 3.998239 -0.8282182 8.693338 3.462341 -0.9317458 9.400445 1.998239 -1.007533 9.914454 -0.001760363 -0.5221031 7.931564 -4.00176 -0.4176822 6.214332 -2.00176 -0.327251 6.94012 3.462341 -0.3654716 7.931564 3.998239 -0.4176821 9.648797 1.998239 -0.5081132</float_array>
          <technique_common>
            <accessor source="#Cube_003-mesh-positions-array" count="600" stride="3">
              <param name="X" type="float"/>
              <param name="Y" type="float"/>
              <param name="Z" type="float"/>
            </accessor>
          </technique_common>
        </source>
        <source id="Cube_003-mesh-normals">
          <float_array id="Cube_003-mesh-normals-array" count="3564">-1 0 0 0 1 0 1 0 0 0 -1 0 0 0 -1 0 0 1 -1 0 0 0 1 0 1 0 0 0 -1 0 0 0 -1 0 0 1 -1 0 0 0 1 0 1 0 0 0 -1 0 0 0 -1 0 0 1 0.9783262 -0.1310708 0.1603065 0.8849732 -0.4424867 0.1450098 0.4709395 -0.8787838 0.0771678 -0.4709392 -0.8787841 -0.07716745 -0.8849731 -0.4424867 -0.1450106 -0.9783263 -0.1310708 -0.1603064 -0.9783261 0.1310708 -0.1603072 -0.8849731 0.4424867 -0.1450105 -0.470939 0.8787841 -0.07716774 0.4709394 0.878784 0.07716709 0.8849732 0.4424867 0.1450098 0.9783262 0.1310708 0.160307 0.8888033 -0.1211498 0.4419858 0.8148499 -0.4145176 0.4052097 0.4540008 -0.8619241 0.2257658 -0.4540007 -0.8619239 -0.2257665 -0.8148498 -0.4145176 -0.4052097 -0.8888035 -0.1211498 -0.4419854 -0.8888034 0.1211498 -0.4419855 -0.8148497 0.4145175 -0.4052102 -0.4540007 0.8619242 -0.2257657 0.4540006 0.8619241 0.225766 0.8148497 0.4145175 0.4052102 0.8888032 0.1211498 0.4419859 0.7580738 -0.1070247 0.6433272 0.7074963 -0.3727738 0.6004071 0.4230742 -0.8319264 0.359036 -0.4230741 -0.8319267 -0.3590356 -0.7074965 -0.3727739 -0.6004068 -0.7580724 -0.1070246 -0.6433289 -0.7580731 0.1070247 -0.643328 -0.7074968 0.372774 -0.6004065 -0.423074 0.8319267 -0.3590352 0.423074 0.8319263 0.3590364 0.707497 0.372774 0.6004061 0.7580734 0.1070247 0.6433276 0.6271874 -0.09348821 0.7732373 0.5944995 -0.3307199 0.7329356 0.3826314 -0.7943942 0.471732 -0.3826311 -0.794394 -0.4717326 -0.5944994 -0.3307195 -0.732936 -0.6271882 -0.09348857 -0.7732367 -0.627188 0.09348863 -0.7732368 -0.5944991 0.3307194 -0.7329363 -0.3826311 0.7943946 -0.4717317 0.3826315 0.7943943 0.4717317 0.5944986 0.3307194 0.7329366 0.6271881 0.09348827 0.7732367 0.5118968 -0.08230525 0.855095 0.4908537 -0.2945402 0.8199444 0.3369947 -0.7546805 0.5629315 -0.3369945 -0.7546808 -0.5629314 -0.4908537 -0.2945402 -0.8199443 -0.5118963 -0.08230519 -0.8550953 -0.4908534 0.2945403 -0.8199445 -0.3369945 0.7546808 -0.5629314 0.3369946 0.7546805 0.5629316 0.4908539 0.2945402 0.8199442 0.5118969 0.08230531 0.855095 0.4000902 -0.2655045 0.8771746 0.2893935 -0.7167209 0.6344782 -0.2893937 -0.7167213 -0.6344777 -0.4000903 -0.2655043 -0.8771746 -0.4138593 -0.07359004 -0.9073615 -0.413859 0.07359004 -0.9073617 -0.4000908 0.2655045 -0.8771742 -0.2893933 0.7167209 -0.6344782 0.2893935 0.7167208 0.6344785 0.4000902 0.2655045 0.8771745 0.4138588 0.07359004 0.9073618 0.3210955 -0.2429742 0.9153476 0.2418127 -0.6828926 0.6893362 -0.2418125 -0.6828925 -0.6893364 -0.3302721 -0.06696528 -0.9415073 -0.3302717 0.06696528 -0.9415075 -0.3210949 0.2429741 -0.9153478 -0.2418128 0.6828923 -0.6893363 0.2418127 0.6828926 0.6893361 0.3210954 0.2429742 0.9153476 0.3302718 0.06696528 0.9415075 0.2515344 -0.2258902 0.9411185 0.1952474 -0.654384 0.7305204 -0.1952474 -0.6543841 -0.7305203 -0.2515348 -0.2258902 -0.9411184 -0.2577113 -0.06201326 -0.9642299 -0.2577118 0.06201332 -0.9642297 -0.2515344 0.2258902 -0.9411185 -0.1952474 0.6543841 -0.7305203 0.1952474 0.654384 0.7305205 0.2515342 0.2258901 0.9411186 0.2577114 0.06201332 0.96423 0.1931987 -0.05839687 0.9794203 0.1890756 -0.2132892 0.9585188 0.1500348 -0.6316447 0.7606014 -0.1500347 -0.6316449 -0.7606014 -0.1890752 -0.213289 -0.9585188 -0.1931985 -0.05839693 -0.9794203 -0.1931983 0.05839687 -0.9794204 -0.1890755 0.2132891 -0.9585187 -0.1500347 0.6316449 -0.7606013 0.1500346 0.6316446 0.7606016 0.1931988 0.05839687 0.9794203 0.134337 -0.05587118 0.9893594 0.1317058 -0.2044298 0.9699804 0.1061214 -0.6147388 0.781559 -0.1061217 -0.6147389 -0.7815589 -0.1317058 -0.2044299 -0.9699804 -0.134337 -0.05587106 -0.9893594 -0.1343371 0.05587106 -0.9893594 -0.1317059 0.2044298 -0.9699804 -0.1061214 0.6147388 -0.781559 0.1061216 0.6147385 0.7815592 0.1317057 0.2044298 0.9699804 0.1343369 0.05587118 0.9893594 0.07919734 -0.0542708 0.9953805 0.07773125 -0.1987922 0.9769542 0.0632379 -0.603572 0.7947968 -0.06323766 -0.6035715 -0.7947972 -0.07773119 -0.1987923 -0.9769542 -0.07919728 -0.0542708 -0.9953806 -0.07919728 0.0542708 -0.9953806 -0.07773095 0.1987923 -0.9769542 0.06323796 0.6035716 0.794797 0.07773125 0.1987922 0.9769542 0.07919734 0.0542708 0.9953806 0.02617079 -0.05349469 0.9982251 0.02569973 -0.1960513 0.9802568 0.02100539 -0.5980255 0.8012018 -0.02100545 -0.5980254 -0.8012019 -0.02569985 -0.1960514 -0.9802568 -0.0261709 -0.05349469 -0.9982251 -0.02617096 0.05349469 -0.9982252 -0.02569979 0.1960513 -0.9802568 0.02100539 0.5980252 0.801202 0.02569973 0.1960513 0.9802567 -0.0261709 -0.05349481 0.9982252 -0.02570003 -0.1960512 0.9802568 -0.02100551 -0.5980255 0.8012018 0.02100539 -0.5980253 -0.8012019 0.02569979 -0.1960513 -0.9802569 0.02617084 -0.05349469 -0.9982251 0.02617084 0.05349469 -0.9982252 0.02569973 0.1960512 -0.9802568 0.02100551 0.5980254 -0.8012019 -0.02100563 0.5980252 0.801202 -0.02569979 0.1960512 0.9802568 -0.0791971 -0.05427068 0.9953805 -0.07773113 -0.1987923 0.9769542 -0.06323778 -0.6035718 0.7947969 0.0632379 -0.6035716 -0.794797 0.07773119 -0.1987922 -0.9769542 0.07919752 -0.0542708 -0.9953806 0.07919728 0.0542708 -0.9953805 0.07773125 0.1987922 -0.9769542 0.06323778 0.6035716 -0.7947971 -0.06323784 0.6035715 0.7947971 -0.07773101 0.1987923 0.9769542 -0.134337 -0.055871 0.9893594 -0.1317054 -0.20443 0.9699804 -0.1061214 -0.6147387 0.7815591 0.1061215 -0.6147387 -0.781559 0.1317058 -0.2044298 -0.9699804 0.134337 -0.05587124 -0.9893594 0.1343371 0.05587124 -0.9893593 0.1317057 0.2044298 -0.9699804 0.1061214 0.6147387 -0.781559 -0.1061213 0.6147383 0.7815594 -0.1317057 0.2044301 0.9699804 -0.1931986 -0.05839693 0.9794203 -0.1890758 -0.2132892 0.9585186 -0.1500347 -0.631645 0.7606012 0.1500347 -0.6316448 -0.7606013 0.1890754 -0.2132892 -0.9585188 0.1931982 -0.05839693 -0.9794204 0.1931985 0.05839693 -0.9794203 0.1890755 0.2132892 -0.9585187 0.1500347 0.6316449 -0.7606014 -0.1500348 0.6316447 0.7606015 -0.1890756 0.2132892 0.9585187 -0.2577112 -0.0620135 0.9642298 -0.2515341 -0.2258902 0.9411185 -0.1952474 -0.6543839 0.7305204 0.1952471 -0.6543839 -0.7305205 0.2515342 -0.2258901 -0.9411186 0.2577114 -0.06201332 -0.9642298 0.2577112 0.06201332 -0.96423 0.2515339 0.2258901 -0.9411187 0.1952474 0.654384 -0.7305203 -0.1952473 0.6543839 0.7305206 -0.2515342 0.2258902 0.9411186 -0.2577116 0.06201356 0.9642298 -0.3302718 -0.06696516 0.9415073 -0.3210953 -0.2429742 0.9153476 -0.2418127 -0.6828927 0.6893361 0.2418131 -0.6828925 -0.6893361 0.3210955 -0.2429743 -0.9153476 0.3302723 -0.0669654 -0.9415073 0.2418127 0.6828923 -0.6893364 -0.2418126 0.6828927 0.6893361 -0.3210953 0.2429741 0.9153477 -0.3302718 0.06696516 0.9415074 -0.4138595 -0.07358986 0.9073615 -0.4000906 -0.2655047 0.8771743 0.2893936 -0.7167209 -0.6344782 0.4000906 -0.2655045 -0.8771744 0.4138586 -0.07359004 -0.9073619 0.4000904 0.2655047 -0.8771744 0.2893936 0.7167208 -0.6344783 -0.2893936 0.7167212 0.6344778 -0.4000906 0.2655047 0.8771743 -0.413859 0.0735898 0.9073617 -0.5118962 -0.08230525 0.8550954 -0.4908532 -0.2945402 0.8199446 -0.3369943 -0.7546804 0.5629318 0.3369947 -0.7546806 -0.5629315 0.490853 -0.2945401 -0.8199448 0.5118963 -0.08230501 -0.8550953 0.5118958 0.08230495 -0.8550957 0.4908535 0.2945404 -0.8199443 0.3369944 0.7546803 -0.562932 -0.4908534 0.2945404 0.8199445 -0.5118963 0.08230525 0.8550953 -0.6271875 -0.09348851 0.7732372 -0.5944989 -0.3307192 0.7329365 -0.3826313 -0.7943943 0.471732 0.3826308 -0.7943943 -0.4717323 0.5944995 -0.3307192 -0.732936 0.6271882 -0.09348857 -0.7732366 0.627188 0.09348857 -0.7732368 0.5944991 0.3307192 -0.7329363 -0.3826311 0.7943941 0.4717323 -0.5944988 0.3307191 0.7329366 -0.6271874 0.09348851 0.7732372 -0.7580727 -0.1070249 0.6433284 -0.7074968 -0.3727741 0.6004065 -0.4230737 -0.8319265 0.3590361 0.4230739 -0.8319264 -0.3590362 0.7074959 -0.3727738 -0.6004076 0.7580729 -0.1070249 -0.6433283 0.7580724 0.1070249 -0.6433287 0.7074962 0.3727738 -0.6004073 0.4230738 0.8319267 -0.3590355 -0.4230739 0.8319266 0.3590357 -0.7074962 0.3727738 0.6004073 -0.7580731 0.1070249 0.643328 -0.8888043 -0.1211499 0.4419836 -0.8148501 -0.4145181 0.4052088 -0.454001 -0.8619241 0.2257652 0.4540006 -0.8619242 -0.2257656 0.8148505 -0.4145177 -0.4052084 0.8888031 -0.1211501 -0.441986 0.8888041 0.1211503 -0.4419839 0.8148502 0.4145175 -0.4052091 0.4540006 0.8619244 -0.225765 -0.4540008 0.8619241 0.2257655 -0.8148504 0.4145181 0.4052081 -0.8888043 0.1211498 0.4419838 -0.978326 -0.1310706 0.1603081 -0.8849729 -0.4424867 0.1450114 -0.4709393 -0.878784 0.07716774 0.8849732 -0.4424867 -0.1450105 0.9783263 -0.1310706 -0.1603063 0.9783262 0.1310707 -0.1603072 0.8849732 0.4424867 -0.1450105 0.4709391 0.8787841 -0.07716774 -0.9783259 0.1310706 0.1603087 -0.884973 -0.4424866 -0.1450113 -0.4709392 -0.8787841 -0.07716763 0.4709392 -0.8787841 0.07716733 0.9783263 -0.1310708 0.1603061 0.9783262 0.1310708 0.1603071 0.8849732 0.4424867 0.1450102 0.470939 0.8787842 0.07716763 -0.8888042 -0.1211498 -0.4419838 -0.8148502 -0.4145177 -0.4052088 -0.4540009 -0.8619242 -0.2257652 0.4540008 -0.8619241 0.2257657 0.8888033 -0.1211498 0.4419859 0.8888042 0.1211499 0.4419839 0.8148501 0.4145177 0.4052091 0.4540007 0.8619243 0.2257652 -0.4540007 0.8619242 -0.2257655 -0.8148505 0.4145179 -0.4052081 -0.8888043 0.1211499 -0.4419838 -0.7580733 -0.1070247 -0.6433278 -0.7074971 -0.3727744 -0.6004058 -0.4230741 -0.8319261 -0.3590365 0.7580723 0.1070249 0.6433289 0.7074971 0.3727741 0.6004061 0.4230738 0.8319267 0.3590357 -0.4230744 0.8319268 -0.3590348 -0.7074965 0.3727744 -0.6004065 -0.7580735 0.1070248 -0.6433276 -0.627188 -0.09348845 -0.7732369 -0.5944991 -0.3307192 -0.7329363 0.3826311 -0.7943946 0.4717316 0.5944992 -0.3307197 0.732936 0.6271883 -0.09348827 0.7732365 0.6271883 0.09348821 0.7732365 0.5944988 0.3307195 0.7329363 0.3826314 0.7943944 0.4717319 -0.3826312 0.7943943 -0.4717321 -0.5944993 0.3307195 -0.7329361 -0.6271882 0.09348851 -0.7732366 -0.5118961 -0.08230513 -0.8550954 -0.4908531 -0.2945401 -0.8199448 -0.3369945 -0.7546806 -0.5629316 0.3369946 -0.7546807 0.5629313 0.4908534 -0.2945405 0.8199444 0.5118961 -0.08230483 0.8550955 0.5118963 0.08230483 0.8550954 0.4908536 0.2945403 0.8199444 0.3369942 0.7546806 0.5629317 -0.3369947 0.7546804 -0.5629316 -0.4908534 0.2945404 -0.8199445 -0.4138597 -0.07359009 -0.9073613 -0.4000906 -0.2655047 -0.8771742 -0.2893935 -0.7167208 -0.6344782 0.4000909 -0.265505 0.8771741 0.4138584 -0.07358968 0.9073621 0.4138597 0.0735898 0.9073614 0.4000906 0.2655047 0.8771744 0.2893936 0.7167209 0.6344781 -0.2893937 0.7167211 -0.6344779 -0.4000909 0.2655048 -0.8771741 -0.413859 0.07359004 -0.9073616 -0.3302718 -0.06696504 -0.9415074 -0.3210957 -0.2429744 -0.9153475 -0.2418128 -0.6828929 -0.6893357 0.241813 -0.6828927 0.6893359 0.3210954 -0.242974 0.9153476 0.3302725 -0.06696552 0.9415072 0.330272 0.06696546 0.9415073 0.2418129 0.6828927 0.689336 -0.2418128 0.6828929 -0.6893358 -0.3210952 0.2429742 -0.9153476 -0.330272 0.0669651 -0.9415073 -0.2577115 -0.06201332 -0.9642298 -0.2515339 -0.2258899 -0.9411187 -0.1952474 -0.6543841 -0.7305203 0.1952472 -0.6543838 0.7305206 0.2515344 -0.2258902 0.9411186 0.2577115 -0.06201338 0.9642298 0.2577113 0.06201338 0.9642298 0.2515341 0.2258902 0.9411185 0.1952474 0.6543839 0.7305205 -0.1952471 0.6543839 -0.7305206 -0.2515345 0.2258901 -0.9411185 -0.2577117 0.06201332 -0.9642297 -0.1931984 -0.05839681 -0.9794204 -0.1890758 -0.2132897 -0.9585185 -0.1500349 -0.6316445 -0.7606016 0.1500347 -0.6316447 0.7606014 0.1931982 -0.05839675 0.9794204 0.1931985 0.05839681 0.9794203 0.1890755 0.2132892 0.9585187 0.1500349 0.6316449 0.7606013 -0.1500352 0.6316447 -0.7606014 -0.1890754 0.2132896 -0.9585187 -0.1931983 0.05839681 -0.9794203 -0.1343368 -0.05587106 -0.9893594 -0.1317055 -0.2044298 -0.9699805 -0.1061213 -0.6147383 -0.7815594 0.1061216 -0.6147391 0.7815587 0.1317057 -0.2044298 0.9699804 0.1343372 -0.05587118 0.9893593 0.134337 0.05587118 0.9893594 0.1317059 0.2044299 0.9699804 0.1061213 0.6147389 0.7815589 -0.1061213 0.6147387 -0.7815591 -0.1317054 0.2044298 -0.9699805 -0.1343372 0.05587106 -0.9893594 -0.07919782 -0.05427104 -0.9953805 -0.07773137 -0.1987922 -0.9769542 -0.06323796 -0.6035714 -0.7947971 0.0632379 -0.6035716 0.794797 0.07773149 -0.1987923 0.9769541 0.07919752 -0.0542708 0.9953806 0.07919758 0.0542708 0.9953805 0.07773125 0.1987923 0.9769542 0.06323796 0.6035716 0.794797 -0.06323802 0.6035718 -0.7947969 -0.07773172 0.1987922 -0.9769542 -0.0791971 0.05427104 -0.9953806 -0.02617079 -0.05349445 -0.9982252 -0.02569997 -0.1960517 -0.9802567 -0.0210058 -0.598025 -0.8012021 0.02100527 -0.5980252 0.8012021 0.02569997 -0.1960514 0.9802569 0.02617102 -0.05349469 0.9982252 0.02569961 0.1960514 0.9802568 0.0210058 0.5980252 0.8012021 -0.02100557 0.5980253 -0.8012019 -0.02569967 0.1960516 -0.9802567 -0.02617114 0.05349445 -0.9982252 0.02617096 -0.05349469 -0.9982251 0.02569937 -0.1960514 -0.9802568 0.02100563 -0.5980247 -0.8012024 -0.02100545 -0.5980258 0.8012016 -0.02569985 -0.1960511 0.9802568 -0.0261709 -0.05349469 0.9982252 -0.02617096 0.05349469 0.9982252 -0.02569979 0.1960511 0.9802568 -0.02100557 0.5980257 0.8012016 0.02100509 0.598025 -0.8012021 0.02569991 0.1960514 -0.9802567 0.02617061 0.05349469 -0.9982252 0.0791971 -0.05427104 -0.9953805 0.07773137 -0.1987919 -0.9769542 0.06323796 -0.603572 -0.7947968 -0.0632379 -0.603572 0.7947967 -0.07773119 -0.198792 0.9769543 -0.07919722 -0.0542708 0.9953806 -0.07919728 0.0542708 0.9953805 -0.07773125 0.198792 0.9769542 -0.06323796 0.603572 0.7947967 0.06323796 0.6035723 -0.7947965 0.07773101 0.1987919 -0.9769543 0.0791971 0.05427104 -0.9953806 0.1343369 -0.05587136 -0.9893593 0.1317057 -0.2044298 -0.9699805 0.1061213 -0.6147387 -0.7815591 -0.1317056 -0.2044295 0.9699805 -0.1343368 -0.05587112 0.9893594 -0.1343369 0.05587112 0.9893594 -0.1317052 0.2044296 0.9699805 -0.1061212 0.6147389 0.781559 0.1061215 0.6147391 -0.7815588 0.1317056 0.2044297 -0.9699805 0.134337 0.05587136 -0.9893594 0.1931989 -0.05839705 -0.9794203 0.1890757 -0.2132893 -0.9585186 0.1500346 -0.6316445 -0.7606016 -0.1500347 -0.6316449 0.7606012 -0.1890752 -0.2132892 0.9585188 -0.1931985 -0.05839681 0.9794204 -0.1931982 0.05839681 0.9794204 -0.1890755 0.2132892 0.9585187 -0.1500346 0.6316448 0.7606014 0.150035 0.631645 -0.7606012 0.1890758 0.2132893 -0.9585187 0.1931989 0.05839705 -0.9794203 0.2577108 -0.0620135 -0.96423 0.2515338 -0.2258899 -0.9411188 0.1952475 -0.6543835 -0.7305207 -0.1952474 -0.6543843 0.7305201 -0.2515345 -0.22589 0.9411185 -0.2577112 -0.06201344 0.9642298 -0.2577115 0.06201344 0.9642298 -0.2515345 0.22589 0.9411185 -0.1952474 0.6543843 0.7305201 0.1952471 0.6543833 -0.730521 0.2515339 0.22589 -0.9411187 0.2577112 0.0620135 -0.96423 0.3302716 -0.06696516 -0.9415076 0.3210952 -0.2429739 -0.9153478 0.2418125 -0.6828925 -0.6893362 -0.2418121 -0.6828926 0.6893364 -0.3210949 -0.2429738 0.9153479 -0.3302716 -0.06696522 0.9415075 -0.3302714 0.06696522 0.9415075 -0.3210949 0.2429738 0.9153479 -0.2418125 0.6828927 0.689336 0.2418125 0.6828925 -0.6893362 0.321095 0.2429739 -0.9153479 0.3302714 0.06696516 -0.9415076 0.4138591 -0.07358998 -0.9073617 0.4000903 -0.2655045 -0.8771745 0.2893933 -0.7167209 -0.6344783 -0.2893937 -0.7167209 0.6344782 -0.4000903 -0.2655045 0.8771744 -0.4138593 -0.07358998 0.9073616 -0.413859 0.07358992 0.9073617 -0.4000903 0.2655043 0.8771746 -0.2893933 0.7167209 0.6344783 0.2893934 0.7167209 -0.6344781 0.4000903 0.2655047 -0.8771744 0.4138589 0.07358992 -0.9073618 0.5118967 -0.08230531 -0.8550951 0.4908533 -0.2945403 -0.8199446 0.3369946 -0.7546805 -0.5629315 -0.3369944 -0.7546808 0.5629314 -0.4908537 -0.2945402 0.8199443 -0.5118963 -0.08230525 0.8550953 -0.5118966 0.08230531 0.8550952 -0.4908536 0.2945401 0.8199445 -0.3369945 0.7546808 0.5629312 0.3369948 0.7546806 -0.5629314 0.4908539 0.2945405 -0.8199441 0.5118969 0.08230531 -0.855095 0.6271873 -0.09348851 -0.7732374 0.5944993 -0.3307191 -0.7329363 0.382631 -0.7943941 -0.4717325 -0.382631 -0.7943943 0.471732 -0.5944989 -0.3307192 0.7329366 -0.6271874 -0.09348851 0.7732372 -0.6271877 0.09348851 0.7732369 -0.5944985 0.3307189 0.7329369 -0.3826308 0.7943943 0.471732 0.3826312 0.7943941 -0.4717324 0.5944987 0.3307191 -0.7329368 0.6271873 0.09348851 -0.7732374 0.7580733 -0.1070249 -0.6433278 0.7074968 -0.3727742 -0.6004063 0.4230741 -0.8319263 -0.3590359 -0.4230737 -0.8319268 0.3590356 -0.7074969 -0.3727741 0.6004062 -0.7580731 -0.1070249 0.643328 -0.7580733 0.1070249 0.6433277 -0.7074962 0.372774 0.6004071 0.4230744 0.8319267 -0.3590348 0.7074966 0.372774 -0.6004067 0.7580737 0.1070249 -0.6433272 0.8888036 -0.1211498 -0.4419852 0.8148495 -0.4145177 -0.4052102 0.4540008 -0.8619239 -0.2257662 -0.454001 -0.8619241 0.2257658 -0.8148497 -0.4145178 0.40521 -0.8888031 -0.1211498 0.441986 -0.8888032 0.1211498 0.441986 -0.81485 0.4145179 0.405209 0.4540007 0.8619239 -0.2257665 0.8148499 0.414518 -0.4052091 0.8888036 0.1211498 -0.4419853 0.9783263 -0.1310706 -0.1603064 0.8849732 -0.4424867 -0.1450098 0.4709393 -0.878784 -0.0771678 -0.4709393 -0.878784 0.07716751 -0.8849732 -0.4424867 0.1450105 -0.9783263 -0.1310707 0.1603064 -0.9783262 0.1310706 0.1603073 -0.8849732 0.4424867 0.1450105 -0.4709392 0.8787841 0.07716774 0.4709392 0.8787841 -0.07716703 0.8849732 0.4424867 -0.1450098 0.9783262 0.1310707 -0.1603069 -0.5118965 0.08230519 -0.8550952 0.413859 -0.07359004 0.9073617 0.330272 -0.06696528 0.9415073 -0.3210951 -0.242974 -0.9153478 0.2577112 -0.06201326 0.9642298 0.1890757 0.2132892 0.9585187 -0.0632379 0.6035715 -0.7947971 -0.02100539 0.5980254 -0.8012019 0.02617096 0.05349469 0.9982252 -0.02617126 0.05349481 0.998225 -0.0791971 0.05427068 0.9953806 -0.1343367 0.055871 0.9893594 -0.1931985 0.05839693 0.9794203 0.330272 0.06696534 -0.9415073 0.3210957 0.2429744 -0.9153475 -0.2893936 -0.7167212 0.6344779 0.4138594 0.07359009 -0.9073615 -0.3369944 0.7546803 0.5629319 0.3826311 0.7943946 -0.4717317 0.4709393 -0.878784 -0.07716745 -0.4709392 0.8787841 0.07716798 -0.884973 0.4424867 0.1450113 -0.978326 -0.1310707 -0.1603079 0.8849732 -0.4424867 0.1450103 -0.470939 0.8787841 -0.07716786 -0.8849731 0.4424867 -0.1450111 -0.9783259 0.1310707 -0.1603084 0.8148505 -0.4145179 0.4052081 0.4230741 -0.8319268 0.3590351 0.7074961 -0.3727737 0.6004075 0.7580742 -0.1070252 0.6433268 -0.3826312 -0.7943944 -0.471732 -0.5118963 0.08230519 -0.8550953 0.2893935 -0.7167208 0.6344783 0.3210959 0.2429741 0.9153475 0.1890755 -0.2132892 0.9585187 0.02617102 0.05349469 0.9982252 -0.1061211 -0.6147389 0.7815591 -0.4230741 0.8319266 0.3590354 -0.4540007 0.8619241 0.2257662 -1 0 0 0 1 0 1 0 0 0 -1 0 0 0 -1 0 0 1 -1 0 0 0 1 0 1 0 0 0 -1 0 0 0 -1 0 0 1 -1 0 0 0 1 0 1 0 0 0 -1 0 0 0 -1 0 0 1 0.9783262 -0.1310706 0.1603069 0.8849732 -0.4424867 0.1450098 0.4709393 -0.8787841 0.07716709 -0.4709393 -0.878784 -0.07716774 -0.8849731 -0.4424867 -0.1450105 -0.9783262 -0.1310706 -0.1603073 -0.9783263 0.1310707 -0.1603064 -0.8849732 0.4424867 -0.1450105 -0.4709392 0.8787841 -0.07716751 0.4709392 0.8787841 0.07716774 0.8849732 0.4424867 0.1450098 0.9783263 0.1310707 0.1603064 0.8888033 -0.1211498 0.4419859 0.8148497 -0.4145174 0.40521 0.4540008 -0.8619239 0.2257661 -0.4540006 -0.8619242 -0.2257657 -0.8148497 -0.4145174 -0.4052103 -0.8888034 -0.1211498 -0.4419855 -0.8888034 0.1211498 -0.4419854 -0.81485 0.4145174 -0.4052097 -0.4540003 0.8619242 -0.2257663 0.4540008 0.8619241 0.2257658 0.81485 0.4145174 0.4052097 0.8888033 0.1211498 0.4419859 0.7580734 -0.1070246 0.6433276 0.7074968 -0.3727745 0.6004059 0.4230742 -0.8319264 0.3590359 -0.423074 -0.8319264 -0.3590359 -0.7074967 -0.372774 -0.6004066 -0.7580731 -0.1070249 -0.643328 -0.7580723 0.1070249 -0.6433288 -0.7074965 0.372774 -0.6004068 -0.4230739 0.8319268 -0.3590353 0.4230741 0.8319263 0.3590363 0.7074961 0.3727742 0.6004071 0.7580738 0.1070246 0.6433272 0.6271881 -0.09348863 0.7732367 0.5944988 -0.330719 0.7329367 0.3826314 -0.7943944 0.4717316 -0.3826311 -0.7943946 -0.4717317 -0.5944989 -0.3307191 -0.7329366 -0.6271881 -0.09348857 -0.7732367 -0.6271882 0.09348857 -0.7732367 -0.5944992 0.3307194 -0.7329362 -0.3826311 0.7943945 -0.4717316 0.3826313 0.7943943 0.471732 0.5944997 0.3307192 0.7329358 0.6271873 0.09348857 0.7732373 0.5118969 -0.08230531 0.855095 0.490854 -0.2945405 0.819944 0.3369947 -0.7546806 0.5629314 -0.3369945 -0.7546808 -0.5629312 -0.4908534 -0.2945399 -0.8199446 -0.5118965 -0.08230525 -0.8550952 -0.4908537 0.2945402 -0.8199443 -0.3369944 0.7546808 -0.5629313 0.3369947 0.7546805 0.5629315 0.4908534 0.2945403 0.8199445 0.5118968 0.08230531 0.855095 0.4000902 -0.2655046 0.8771745 0.2893934 -0.7167208 0.6344783 -0.2893936 -0.7167208 -0.6344783 -0.4000908 -0.2655047 -0.8771743 -0.413859 -0.07358992 -0.9073617 -0.4138593 0.07358998 -0.9073615 -0.4000903 0.2655047 -0.8771744 -0.2893939 0.7167209 -0.634478 0.2893934 0.7167207 0.6344785 0.4000902 0.2655045 0.8771746 0.413859 0.07358992 0.9073618 0.3210954 -0.2429742 0.9153476 0.2418127 -0.6828926 0.6893361 -0.2418127 -0.6828927 -0.689336 -0.3302717 -0.06696516 -0.9415075 -0.330272 0.06696516 -0.9415073 -0.3210951 0.2429741 -0.9153478 -0.2418123 0.6828925 -0.6893364 0.2418127 0.6828926 0.6893362 0.3210955 0.2429742 0.9153476 0.330272 0.06696516 0.9415073 0.2515342 -0.2258901 0.9411186 0.1952474 -0.654384 0.7305205 -0.1952474 -0.6543841 -0.7305203 -0.2515344 -0.22589 -0.9411185 -0.2577118 -0.0620135 -0.9642297 -0.2577113 0.06201344 -0.9642299 -0.2515348 0.2258901 -0.9411185 -0.1952474 0.6543841 -0.7305203 0.1952474 0.6543839 0.7305204 0.2515344 0.2258901 0.9411185 0.2577112 0.06201338 0.9642298 0.1931988 -0.05839693 0.9794203 0.1890757 -0.2132892 0.9585187 0.1500349 -0.631645 0.7606012 -0.1500347 -0.631645 -0.7606013 -0.1890755 -0.2132892 -0.9585187 -0.1931982 -0.05839681 -0.9794204 -0.1931985 0.05839681 -0.9794204 -0.1890752 0.2132892 -0.9585188 -0.1500347 0.6316449 -0.7606014 0.1500348 0.6316446 0.7606016 0.1931987 0.05839693 0.9794203 0.1343369 -0.05587112 0.9893594 0.1317057 -0.2044298 0.9699804 0.1061215 -0.614739 0.7815588 -0.1061215 -0.6147386 -0.7815592 -0.1317059 -0.2044299 -0.9699804 -0.1343371 -0.05587112 -0.9893593 -0.134337 0.05587112 -0.9893594 -0.1317058 0.2044299 -0.9699804 -0.1061217 0.6147386 -0.7815591 0.1061215 0.6147387 0.7815592 0.1317058 0.2044298 0.9699804 0.134337 0.05587112 0.9893594 0.07919734 -0.0542708 0.9953806 0.07773125 -0.1987922 0.9769542 0.0632379 -0.603572 0.7947967 -0.0632379 -0.6035718 -0.7947968 -0.07773095 -0.1987922 -0.9769542 -0.07919728 -0.0542708 -0.9953805 -0.07919722 0.0542708 -0.9953805 -0.07773119 0.1987922 -0.9769542 0.0632379 0.6035717 0.794797 0.07773125 0.1987922 0.9769542 0.07919734 0.0542708 0.9953805 0.02617096 -0.05349481 0.998225 0.02569973 -0.1960512 0.9802567 0.02100539 -0.5980255 0.8012018 -0.02100539 -0.5980253 -0.8012019 -0.02569979 -0.1960513 -0.9802568 -0.02617096 -0.05349469 -0.9982252 -0.0261709 0.05349469 -0.9982252 -0.02569985 0.1960513 -0.9802568 0.02100539 0.5980252 0.8012021 0.02569973 0.1960513 0.9802568 -0.02617126 -0.05349457 0.998225 -0.02569979 -0.1960515 0.9802568 -0.02100563 -0.5980253 0.8012019 0.02100551 -0.5980251 -0.801202 0.02569973 -0.1960513 -0.9802568 0.02617084 -0.05349469 -0.9982252 0.02617084 0.05349469 -0.9982251 0.02569979 0.1960513 -0.9802568 0.02100539 0.5980252 -0.8012021 -0.02100551 0.598025 0.8012021 -0.02570003 0.1960515 0.9802567 -0.0791971 -0.05427068 0.9953806 -0.07773101 -0.1987924 0.9769542 -0.06323784 -0.6035717 0.794797 0.06323778 -0.6035717 -0.7947969 0.07773125 -0.1987922 -0.9769542 0.07919728 -0.05427092 -0.9953805 0.07919752 0.05427092 -0.9953806 0.07773119 0.1987922 -0.9769542 0.0632379 0.6035718 -0.794797 -0.06323778 0.6035714 0.7947972 -0.07773113 0.1987925 0.9769542 -0.1343367 -0.05587118 0.9893594 -0.1317057 -0.2044298 0.9699804 -0.1061213 -0.6147388 0.7815589 0.1061214 -0.6147388 -0.781559 0.1317057 -0.2044298 -0.9699804 0.1343371 -0.05587118 -0.9893593 0.134337 0.05587118 -0.9893594 0.1317058 0.2044298 -0.9699804 0.1061215 0.6147388 -0.781559 -0.1061215 0.6147387 0.7815592 -0.1317054 0.2044298 0.9699805 -0.1931985 -0.05839699 0.9794203 -0.1890756 -0.2132893 0.9585187 -0.150035 -0.6316448 0.7606013 0.1500347 -0.6316448 -0.7606014 0.1890755 -0.2132892 -0.9585187 0.1931985 -0.05839681 -0.9794203 0.1931982 0.05839675 -0.9794204 0.1890755 0.2132892 -0.9585187 0.1500347 0.6316448 -0.7606014 -0.1500347 0.6316446 0.7606015 -0.1890757 0.2132893 0.9585186 -0.2577116 -0.06201332 0.9642298 -0.2515342 -0.2258902 0.9411186 -0.1952472 -0.6543841 0.7305204 0.1952475 -0.6543837 -0.7305206 0.2515339 -0.2258902 -0.9411186 0.2577111 -0.06201344 -0.9642299 0.2577114 0.06201344 -0.9642298 0.2515341 0.2258902 -0.9411185 0.1952471 0.6543835 -0.7305209 -0.1952474 0.6543841 0.7305203 -0.2515341 0.2258901 0.9411186 -0.2577112 0.06201326 0.9642298 -0.3302718 -0.06696516 0.9415074 -0.3210953 -0.2429741 0.9153476 -0.2418126 -0.6828927 0.6893361 0.2418127 -0.6828926 -0.6893361 0.3210959 -0.2429741 -0.9153474 0.330272 -0.0669654 -0.9415073 0.2418128 0.6828926 -0.6893361 -0.2418126 0.6828928 0.689336 -0.3210954 0.2429741 0.9153476 -0.3302719 0.06696516 0.9415073 -0.413859 -0.07359004 0.9073616 -0.4000906 -0.2655047 0.8771743 0.2893936 -0.7167209 -0.6344781 0.4000905 -0.2655045 -0.8771744 0.4138593 -0.07358986 -0.9073615 0.4000906 0.2655048 -0.8771743 0.2893936 0.7167209 -0.6344782 -0.2893935 0.7167208 0.6344783 -0.4000907 0.2655047 0.8771743 -0.4138594 0.07359009 0.9073615 -0.5118963 -0.08230519 0.8550953 -0.4908535 -0.2945402 0.8199445 -0.3369945 -0.7546805 0.5629318 0.3369942 -0.7546806 -0.5629318 0.4908536 -0.2945401 -0.8199445 0.5118958 -0.08230513 -0.8550957 0.5118963 0.08230519 -0.8550953 0.490853 0.2945401 -0.8199448 0.3369945 0.7546809 -0.5629312 -0.4908531 0.29454 0.8199449 -0.5118962 0.08230519 0.8550955 -0.6271874 -0.09348851 0.7732372 -0.5944988 -0.3307192 0.7329366 -0.382631 -0.7943943 0.4717321 0.3826313 -0.7943943 -0.4717319 0.5944989 -0.3307192 -0.7329365 0.6271882 -0.09348857 -0.7732366 0.6271882 0.09348863 -0.7732366 0.5944993 0.3307194 -0.732936 -0.3826311 0.7943944 0.4717317 -0.5944989 0.3307192 0.7329364 -0.6271875 0.09348851 0.7732372 -0.7580732 -0.1070247 0.643328 -0.7074961 -0.3727742 0.6004071 -0.4230744 -0.8319264 0.3590353 0.4230738 -0.8319264 -0.3590362 0.7074962 -0.3727737 -0.6004074 0.7580724 -0.1070249 -0.6433287 0.7580729 0.107025 -0.6433283 0.707496 0.3727737 -0.6004077 0.4230737 0.8319265 -0.3590359 -0.423074 0.8319262 0.3590366 -0.7074965 0.3727743 0.6004065 -0.7580728 0.1070247 0.6433284 -0.8888043 -0.1211499 0.4419838 -0.8148505 -0.4145179 0.405208 -0.4540008 -0.8619241 0.2257656 0.4540008 -0.8619242 -0.2257651 0.8148501 -0.4145177 -0.405209 0.8888042 -0.1211499 -0.441984 0.8888033 0.1211498 -0.441986 0.8148505 0.4145178 -0.4052082 0.4540007 0.8619242 -0.2257656 -0.4540007 0.8619243 0.2257651 -0.8148502 0.4145177 0.4052088 -0.8888043 0.1211499 0.4419838 -0.9783259 -0.1310707 0.1603086 -0.884973 -0.4424867 0.1450114 -0.4709392 -0.878784 0.07716798 0.8849731 -0.4424867 -0.1450105 0.9783261 -0.1310707 -0.1603072 0.9783263 0.1310708 -0.1603063 0.8849732 0.4424867 -0.1450105 0.470939 0.8787842 -0.07716745 -0.978326 0.1310707 0.1603081 -0.8849731 -0.4424867 -0.1450111 -0.4709393 -0.878784 -0.07716792 0.4709393 -0.878784 0.07716763 0.9783262 -0.1310706 0.1603069 0.9783263 0.1310707 0.1603061 0.8849732 0.4424867 0.1450104 0.4709392 0.8787841 0.07716733 -0.8888043 -0.1211499 -0.4419838 -0.8148504 -0.414518 -0.4052082 -0.454001 -0.8619239 -0.2257657 0.4540007 -0.8619242 0.2257651 0.8888041 -0.1211503 0.441984 0.8888032 0.1211501 0.4419859 0.8148504 0.4145176 0.4052084 0.4540004 0.8619243 0.2257656 -0.4540009 0.8619242 -0.2257652 -0.81485 0.414518 -0.4052088 -0.8888043 0.1211499 -0.4419838 -0.7580734 -0.1070249 -0.6433275 -0.7074967 -0.372774 -0.6004067 -0.4230741 -0.8319267 -0.3590352 0.7580742 0.1070246 0.6433268 0.7074957 0.3727741 0.6004077 0.4230742 0.8319267 0.3590352 -0.4230742 0.8319268 -0.359035 -0.7074971 0.3727743 -0.6004058 -0.7580733 0.1070249 -0.6433278 -0.6271882 -0.09348857 -0.7732366 -0.5944992 -0.3307193 -0.7329362 0.3826311 -0.7943945 0.4717319 0.5944991 -0.3307195 0.7329362 0.6271881 -0.09348815 0.7732368 0.6271883 0.09348821 0.7732365 0.5944995 0.3307195 0.7329357 0.3826308 0.7943943 0.4717323 -0.3826314 0.7943943 -0.4717319 -0.5944991 0.3307195 -0.7329362 -0.627188 0.09348857 -0.7732368 -0.5118963 -0.08230525 -0.8550954 -0.4908534 -0.2945403 -0.8199446 -0.3369944 -0.7546804 -0.5629319 0.3369945 -0.7546804 0.5629317 0.4908535 -0.2945405 0.8199443 0.5118963 -0.08230489 0.8550953 0.5118961 0.08230489 0.8550955 0.4908535 0.2945404 0.8199445 0.3369947 0.7546806 0.5629314 -0.3369944 0.7546804 -0.5629318 -0.4908534 0.2945404 -0.8199445 -0.4138591 -0.07358974 -0.9073617 -0.4000909 -0.2655049 -0.8771742 -0.2893936 -0.7167212 -0.6344778 0.4000903 -0.2655045 0.8771746 0.4138597 -0.07359021 0.9073614 0.4138584 0.07359009 0.9073619 0.4000909 0.2655046 0.8771742 0.2893937 0.7167209 0.6344782 -0.2893936 0.7167212 -0.6344779 -0.4000906 0.2655048 -0.8771743 -0.4138597 0.0735898 -0.9073614 -0.330272 -0.06696522 -0.9415073 -0.3210952 -0.2429739 -0.9153478 -0.2418128 -0.6828928 -0.6893359 0.2418129 -0.6828927 0.689336 0.3210959 -0.2429744 0.9153475 0.330272 -0.06696528 0.9415073 0.3302725 0.06696534 0.9415072 0.241813 0.6828927 0.689336 -0.2418129 0.6828929 -0.6893358 -0.3210957 0.2429741 -0.9153475 -0.3302718 0.06696522 -0.9415074 -0.2577117 -0.06201344 -0.9642298 -0.2515345 -0.2258905 -0.9411184 -0.1952471 -0.6543836 -0.7305209 0.1952474 -0.654384 0.7305203 0.2515341 -0.2258901 0.9411186 0.2577113 -0.06201332 0.9642298 0.2577115 0.06201332 0.9642298 0.2515344 0.2258901 0.9411186 0.1952472 0.654384 0.7305205 -0.1952474 0.6543837 -0.7305206 -0.2515339 0.2258904 -0.9411187 -0.2577115 0.06201344 -0.9642298 -0.1931983 -0.05839681 -0.9794204 -0.1890754 -0.2132892 -0.9585188 -0.150035 -0.6316445 -0.7606016 0.1500349 -0.6316451 0.7606011 0.1931985 -0.05839693 0.9794203 0.1931982 0.05839693 0.9794204 0.1890754 0.2132892 0.9585188 0.1500346 0.631645 0.7606012 -0.1500349 0.6316449 -0.7606013 -0.189076 0.2132893 -0.9585186 -0.1931984 0.05839681 -0.9794203 -0.1343372 -0.05587136 -0.9893593 -0.1317055 -0.2044298 -0.9699805 -0.1061214 -0.6147384 -0.7815594 0.1061213 -0.6147385 0.7815592 0.1317059 -0.2044299 0.9699804 0.134337 -0.05587112 0.9893594 0.1343372 0.05587112 0.9893594 0.1317057 0.2044299 0.9699804 0.1061217 0.6147387 0.7815591 -0.1061213 0.6147387 -0.7815591 -0.1317055 0.2044298 -0.9699805 -0.1343368 0.05587136 -0.9893594 -0.0791971 -0.05427056 -0.9953806 -0.07773172 -0.1987926 -0.9769542 -0.06323802 -0.6035715 -0.7947971 0.06323796 -0.6035717 0.794797 0.07773125 -0.1987922 0.9769542 0.07919758 -0.0542708 0.9953805 0.07919752 0.0542708 0.9953806 0.07773149 0.1987922 0.9769542 0.0632379 0.6035717 0.794797 -0.06323796 0.6035718 -0.7947968 -0.07773137 0.1987925 -0.9769542 -0.07919782 0.05427062 -0.9953805 -0.02617114 -0.05349469 -0.9982252 -0.02569973 -0.1960515 -0.9802568 -0.02100557 -0.5980247 -0.8012024 0.0210058 -0.5980257 0.8012016 0.02569961 -0.1960511 0.9802569 0.02617102 -0.05349469 0.9982252 0.02569997 0.1960511 0.9802569 0.02100527 0.5980258 0.8012016 -0.0210058 0.598025 -0.8012021 -0.02569997 0.1960514 -0.9802568 -0.02617079 0.05349469 -0.9982251 0.02617061 -0.05349493 -0.9982252 0.02569991 -0.1960511 -0.9802569 0.02100509 -0.5980253 -0.8012018 -0.02100557 -0.5980256 0.8012017 -0.02569979 -0.1960511 0.9802568 -0.02617096 -0.05349469 0.9982252 -0.0261709 0.05349469 0.9982252 -0.02569985 0.1960512 0.9802568 -0.02100545 0.5980256 0.8012018 0.02100557 0.5980257 -0.8012016 0.02569937 0.196051 -0.9802569 0.02617096 0.05349493 -0.9982251 0.0791971 -0.05427104 -0.9953806 0.07773101 -0.1987922 -0.9769543 0.06323802 -0.6035718 -0.7947968 -0.06323796 -0.603572 0.7947967 -0.07773125 -0.198792 0.9769543 -0.07919728 -0.0542708 0.9953805 -0.07919722 0.0542708 0.9953806 -0.07773119 0.198792 0.9769543 -0.0632379 0.603572 0.7947968 0.06323796 0.6035721 -0.7947966 0.07773137 0.1987922 -0.9769542 0.0791971 0.05427104 -0.9953806 0.134337 -0.0558713 -0.9893594 0.1317056 -0.2044298 -0.9699804 0.1061215 -0.6147384 -0.7815593 -0.1317052 -0.2044298 0.9699805 -0.1343369 -0.05587106 0.9893594 -0.1343368 0.05587106 0.9893594 -0.1317056 0.2044298 0.9699804 -0.1061211 0.6147387 0.7815591 0.1061213 0.6147387 -0.7815591 0.1317057 0.2044298 -0.9699805 0.1343369 0.0558713 -0.9893593 0.1931989 -0.05839699 -0.9794203 0.1890758 -0.2132892 -0.9585187 0.1500349 -0.6316443 -0.7606018 -0.1500346 -0.631645 0.7606012 -0.1890755 -0.2132891 0.9585188 -0.1931983 -0.05839687 0.9794204 -0.1931985 0.05839693 0.9794203 -0.1890752 0.213289 0.9585188 -0.1500347 0.631645 0.7606012 0.1500347 0.6316443 -0.7606019 0.1890758 0.2132892 -0.9585186 0.1931988 0.05839699 -0.9794202 0.2577112 -0.06201332 -0.96423 0.2515339 -0.2258899 -0.9411188 0.1952469 -0.6543838 -0.7305206 -0.1952474 -0.6543843 0.7305201 -0.2515345 -0.2258901 0.9411185 -0.2577115 -0.06201338 0.9642298 -0.2577112 0.06201338 0.9642298 -0.2515345 0.2258901 0.9411185 -0.1952474 0.6543843 0.7305201 0.1952474 0.6543841 -0.7305203 0.2515338 0.2258899 -0.9411188 0.2577109 0.06201326 -0.96423 0.3302714 -0.06696522 -0.9415076 0.3210949 -0.242974 -0.9153478 0.2418125 -0.6828926 -0.6893362 -0.2418125 -0.6828924 0.6893363 -0.3210946 -0.2429739 0.915348 -0.3302714 -0.06696528 0.9415075 -0.3302716 0.06696528 0.9415075 -0.3210949 0.2429738 0.9153479 -0.2418124 0.6828925 0.6893364 0.2418125 0.6828926 -0.6893362 0.3210952 0.2429741 -0.9153477 0.3302716 0.06696528 -0.9415076 0.4138588 -0.07359004 -0.9073617 0.4000903 -0.2655045 -0.8771744 0.2893935 -0.7167208 -0.6344782 -0.2893933 -0.7167209 0.6344782 -0.4000905 -0.2655044 0.8771744 -0.413859 -0.07359004 0.9073617 -0.4138593 0.07359004 0.9073616 -0.4000903 0.2655043 0.8771746 -0.2893934 0.7167211 0.6344781 0.2893934 0.7167207 -0.6344785 0.4000903 0.2655046 -0.8771746 0.4138591 0.07359004 -0.9073617 0.5118968 -0.08230525 -0.855095 0.4908539 -0.2945402 -0.8199442 0.3369945 -0.7546805 -0.5629316 -0.3369946 -0.7546808 0.5629314 -0.4908533 -0.2945402 0.8199446 -0.5118965 -0.08230519 0.8550952 -0.5118963 0.08230519 0.8550953 -0.4908537 0.2945402 0.8199443 -0.3369945 0.7546809 0.5629312 0.3369947 0.7546804 -0.5629316 0.4908537 0.2945403 -0.8199442 0.5118967 0.08230525 -0.8550951 0.6271873 -0.09348845 -0.7732374 0.5944986 -0.3307192 -0.7329368 0.3826314 -0.7943941 -0.4717321 -0.3826308 -0.7943944 0.4717323 -0.5944986 -0.3307192 0.7329366 -0.6271875 -0.09348851 0.7732372 -0.6271874 0.09348845 0.7732372 -0.5944991 0.3307194 0.7329362 -0.3826308 0.7943939 0.4717329 0.3826311 0.794394 -0.4717324 0.5944988 0.3307193 -0.7329365 0.6271873 0.09348851 -0.7732374 0.7580737 -0.1070247 -0.6433272 0.7074965 -0.3727743 -0.6004066 0.4230743 -0.8319264 -0.3590358 -0.4230747 -0.8319267 0.3590344 -0.7074964 -0.3727742 0.6004068 -0.7580736 -0.1070248 0.6433274 -0.7580731 0.1070247 0.643328 -0.7074966 0.3727743 0.6004065 0.4230744 0.8319267 -0.3590347 0.707497 0.3727746 -0.6004057 0.7580733 0.1070247 -0.6433278 0.8888036 -0.1211498 -0.4419853 0.8148499 -0.4145177 -0.4052096 0.4540007 -0.8619239 -0.2257664 -0.4540007 -0.861924 0.2257661 -0.8148501 -0.4145177 0.405209 -0.8888032 -0.1211498 0.441986 -0.8888031 0.1211497 0.441986 -0.8148496 0.4145175 0.4052103 0.4540005 0.8619241 -0.2257661 0.8148496 0.4145174 -0.4052103 0.8888037 0.1211499 -0.441985 0.9783262 -0.1310708 -0.160307 0.8849732 -0.4424868 -0.1450098 0.4709396 -0.8787839 -0.07716715 -0.4709392 -0.8787841 0.0771678 -0.8849731 -0.4424867 0.1450106 -0.9783261 -0.1310707 0.1603072 -0.9783262 0.1310708 0.1603064 -0.8849732 0.4424867 0.1450106 -0.470939 0.8787842 0.07716745 0.4709394 0.878784 -0.0771678 0.8849733 0.4424867 -0.1450098 0.9783262 0.1310708 -0.1603065 -0.5118963 0.08230525 -0.8550953 0.4138588 -0.07358992 0.9073618 0.3302718 -0.06696516 0.9415075 -0.3210952 -0.2429741 -0.9153478 0.2577114 -0.06201338 0.96423 0.1890755 0.2132892 0.9585188 -0.06323766 0.6035718 -0.794797 -0.02100545 0.5980253 -0.8012019 0.02617079 0.05349481 0.9982251 -0.0261709 0.05349457 0.9982252 -0.0791971 0.05427068 0.9953805 -0.134337 0.05587118 0.9893594 -0.1931986 0.05839699 0.9794203 0.3302722 0.0669654 -0.9415073 0.3210954 0.2429742 -0.9153476 -0.2893937 -0.7167211 0.6344779 0.4138586 0.0735898 -0.9073619 -0.3369944 0.7546803 0.562932 0.3826311 0.7943946 -0.4717316 0.4709392 -0.8787841 -0.07716774 -0.470939 0.8787841 0.07716768 -0.8849731 0.4424866 0.1450115 -0.978326 -0.1310706 -0.1603085 0.8849732 -0.4424867 0.1450102 -0.4709392 0.8787841 -0.07716763 -0.884973 0.4424867 -0.1450113 -0.978326 0.1310706 -0.160308 0.8148502 -0.4145175 0.405209 0.4230741 -0.831927 0.3590345 0.7074969 -0.3727745 0.600406 0.7580726 -0.1070245 0.6433287 -0.3826312 -0.7943943 -0.471732 -0.5118961 0.08230525 -0.8550954 0.2893935 -0.7167208 0.6344783 0.3210954 0.2429742 0.9153476 0.1890755 -0.2132892 0.9585187 0.02617102 0.05349469 0.9982252 -0.1061212 -0.6147387 0.7815591 -0.4230741 0.8319263 0.3590362 -0.4540007 0.8619242 0.2257657</float_array>
          <technique_common>
            <accessor source="#Cube_003-mesh-normals-array" count="1188" stride="3">
              <param name="X" type="float"/>
              <param name="Y" type="float"/>
              <param name="Z" type="float"/>
            </accessor>
          </technique_common>
        </source>
        <source id="Cube_003-mesh-map-0">
          <float_array id="Cube_003-mesh-map-0-array" count="7128">0.375 0 0.625 0.25 0.375 0.25 0.375 0.25 0.625 0.5 0.375 0.5 0.375 0.5 0.625 0.75 0.375 0.75 0.375 0.75 0.625 1 0.375 1 0.125 0.5 0.375 0.75 0.125 0.75 0.625 0.5 0.875 0.75 0.625 0.75 0.375 0 0.625 0.25 0.375 0.25 0.375 0.25 0.625 0.5 0.375 0.5 0.375 0.5 0.625 0.75 0.375 0.75 0.375 0.75 0.625 1 0.375 1 0.125 0.5 0.375 0.75 0.125 0.75 0.625 0.5 0.875 0.75 0.625 0.75 0.375 0 0.625 0.25 0.375 0.25 0.375 0.25 0.625 0.5 0.375 0.5 0.375 0.5 0.625 0.75 0.375 0.75 0.375 0.75 0.625 1 0.375 1 0.125 0.5 0.375 0.75 0.125 0.75 0.625 0.5 0.875 0.75 0.625 0.75 0.5 0.5 0.5208333 0.5833333 0.5 0.5833333 0.5 0.5833333 0.5208333 0.6666667 0.5 0.6666667 0.5 0.6666667 0.5208333 0.75 0.5 0.75 0.5 0.75 0.5208333 0.8333333 0.5 0.8333333 0.5 0.8333333 0.5208333 0.9166667 0.5 0.9166667 0.5 0.9166667 0.5208333 1 0.5 1 0.5 0 0.5208333 0.08333331 0.5 0.08333331 0.5 0.08333331 0.5208333 0.1666666 0.5 0.1666666 0.5 0.1666666 0.5208333 0.25 0.5 0.25 0.5 0.25 0.5208333 0.3333333 0.5 0.3333333 0.5 0.3333333 0.5208333 0.4166666 0.5 0.4166666 0.5 0.4166666 0.5208333 0.5 0.5 0.5 0.5208333 0.5 0.5416667 0.5833333 0.5208333 0.5833333 0.5208333 0.5833333 0.5416667 0.6666667 0.5208333 0.6666667 0.5208333 0.6666667 0.5416667 0.75 0.5208333 0.75 0.5208333 0.75 0.5416667 0.8333333 0.5208333 0.8333333 0.5208333 0.8333333 0.5416667 0.9166667 0.5208333 0.9166667 0.5208333 0.9166667 0.5416667 1 0.5208333 1 0.5208333 0 0.5416667 0.08333331 0.5208333 0.08333331 0.5208333 0.08333331 0.5416667 0.1666666 0.5208333 0.1666666 0.5208333 0.1666666 0.5416667 0.25 0.5208333 0.25 0.5208333 0.25 0.5416667 0.3333333 0.5208333 0.3333333 0.5208333 0.3333333 0.5416667 0.4166666 0.5208333 0.4166666 0.5208333 0.4166666 0.5416667 0.5 0.5208333 0.5 0.5416667 0.5 0.5625 0.5833333 0.5416667 0.5833333 0.5416667 0.5833333 0.5625 0.6666667 0.5416667 0.6666667 0.5416667 0.6666667 0.5625 0.75 0.5416667 0.75 0.5416667 0.75 0.5625 0.8333333 0.5416667 0.8333333 0.5416667 0.8333333 0.5625 0.9166667 0.5416667 0.9166667 0.5416667 0.9166667 0.5625 1 0.5416667 1 0.5416667 0 0.5625 0.08333331 0.5416667 0.08333331 0.5416667 0.08333331 0.5625 0.1666666 0.5416667 0.1666666 0.5416667 0.1666666 0.5625 0.25 0.5416667 0.25 0.5416667 0.25 0.5625 0.3333333 0.5416667 0.3333333 0.5416667 0.3333333 0.5625 0.4166666 0.5416667 0.4166666 0.5416667 0.4166666 0.5625 0.5 0.5416667 0.5 0.5625 0.5 0.5833333 0.5833333 0.5625 0.5833333 0.5625 0.5833333 0.5833333 0.6666667 0.5625 0.6666667 0.5625 0.6666667 0.5833333 0.75 0.5625 0.75 0.5625 0.75 0.5833333 0.8333333 0.5625 0.8333333 0.5625 0.8333333 0.5833333 0.9166667 0.5625 0.9166667 0.5625 0.9166667 0.5833333 1 0.5625 1 0.5625 0 0.5833333 0.08333331 0.5625 0.08333331 0.5625 0.08333331 0.5833333 0.1666666 0.5625 0.1666666 0.5625 0.1666666 0.5833333 0.25 0.5625 0.25 0.5625 0.25 0.5833333 0.3333333 0.5625 0.3333333 0.5625 0.3333333 0.5833333 0.4166666 0.5625 0.4166666 0.5625 0.4166666 0.5833333 0.5 0.5625 0.5 0.5833333 0.5 0.6041667 0.5833333 0.5833333 0.5833333 0.5833333 0.5833333 0.6041667 0.6666667 0.5833333 0.6666667 0.5833333 0.6666667 0.6041667 0.75 0.5833333 0.75 0.5833333 0.75 0.6041667 0.8333333 0.5833333 0.8333333 0.5833333 0.8333333 0.6041667 0.9166667 0.5833333 0.9166667 0.5833333 0.9166667 0.6041667 1 0.5833333 1 0.5833333 0.08333331 0.6041667 0.1666666 0.5833333 0.1666666 0.5833333 0.1666666 0.6041667 0.25 0.5833333 0.25 0.5833333 0.25 0.6041667 0.3333333 0.5833333 0.3333333 0.5833333 0.3333333 0.6041667 0.4166666 0.5833333 0.4166666 0.5833333 0.4166666 0.6041667 0.5 0.5833333 0.5 0.6041667 0.5833333 0.625 0.6666667 0.6041667 0.6666667 0.6041667 0.6666667 0.625 0.75 0.6041667 0.75 0.6041667 0.75 0.625 0.8333333 0.6041667 0.8333333 0.6041667 0.8333333 0.625 0.9166667 0.6041667 0.9166667 0.6041667 0.9166667 0.625 1 0.6041667 1 0.6041667 0 0.625 0.08333331 0.6041667 0.08333331 0.6041667 0.08333331 0.625 0.1666666 0.6041667 0.1666666 0.6041667 0.1666666 0.625 0.25 0.6041667 0.25 0.6041667 0.25 0.625 0.3333333 0.6041667 0.3333333 0.6041667 0.3333333 0.625 0.4166666 0.6041667 0.4166666 0.6041667 0.4166666 0.625 0.5 0.6041667 0.5 0.625 0.5833333 0.6458333 0.6666667 0.625 0.6666667 0.625 0.6666667 0.6458333 0.75 0.625 0.75 0.625 0.75 0.6458333 0.8333333 0.625 0.8333333 0.625 0.9166667 0.6458333 1 0.625 1 0.625 0 0.6458333 0.08333331 0.625 0.08333331 0.625 0.08333331 0.6458333 0.1666666 0.625 0.1666666 0.625 0.1666666 0.6458333 0.25 0.625 0.25 0.625 0.25 0.6458333 0.3333333 0.625 0.3333333 0.625 0.3333333 0.6458333 0.4166666 0.625 0.4166666 0.625 0.4166666 0.6458333 0.5 0.625 0.5 0.6458333 0.5833333 0.6666667 0.6666667 0.6458333 0.6666667 0.6458333 0.6666667 0.6666667 0.75 0.6458333 0.75 0.6458333 0.75 0.6666667 0.8333333 0.6458333 0.8333333 0.6458333 0.8333333 0.6666667 0.9166667 0.6458333 0.9166667 0.6458333 0.9166667 0.6666667 1 0.6458333 1 0.6458333 0 0.6666667 0.08333331 0.6458333 0.08333331 0.6458333 0.08333331 0.6666667 0.1666666 0.6458333 0.1666666 0.6458333 0.1666666 0.6666667 0.25 0.6458333 0.25 0.6458333 0.25 0.6666667 0.3333333 0.6458333 0.3333333 0.6458333 0.3333333 0.6666667 0.4166666 0.6458333 0.4166666 0.6458333 0.4166666 0.6666667 0.5 0.6458333 0.5 0.6666667 0.5 0.6875 0.5833333 0.6666667 0.5833333 0.6666667 0.5833333 0.6875 0.6666667 0.6666667 0.6666667 0.6666667 0.6666667 0.6875 0.75 0.6666667 0.75 0.6666667 0.75 0.6875 0.8333333 0.6666667 0.8333333 0.6666667 0.8333333 0.6875 0.9166667 0.6666667 0.9166667 0.6666667 0.9166667 0.6875 1 0.6666667 1 0.6666667 0 0.6875 0.08333331 0.6666667 0.08333331 0.6666667 0.08333331 0.6875 0.1666666 0.6666667 0.1666666 0.6666667 0.1666666 0.6875 0.25 0.6666667 0.25 0.6666667 0.25 0.6875 0.3333333 0.6666667 0.3333333 0.6666667 0.4166666 0.6875 0.5 0.6666667 0.5 0.6875 0.5 0.7083333 0.5833333 0.6875 0.5833333 0.6875 0.5833333 0.7083333 0.6666667 0.6875 0.6666667 0.6875 0.6666667 0.7083333 0.75 0.6875 0.75 0.6875 0.75 0.7083333 0.8333333 0.6875 0.8333333 0.6875 0.8333333 0.7083333 0.9166667 0.6875 0.9166667 0.6875 0.9166667 0.7083333 1 0.6875 1 0.6875 0 0.7083333 0.08333331 0.6875 0.08333331 0.6875 0.08333331 0.7083333 0.1666666 0.6875 0.1666666 0.6875 0.1666666 0.7083333 0.25 0.6875 0.25 0.6875 0.25 0.7083333 0.3333333 0.6875 0.3333333 0.6875 0.3333333 0.7083333 0.4166666 0.6875 0.4166666 0.6875 0.4166666 0.7083333 0.5 0.6875 0.5 0.7083333 0.5 0.7291667 0.5833333 0.7083333 0.5833333 0.7083333 0.5833333 0.7291667 0.6666667 0.7083333 0.6666667 0.7083333 0.6666667 0.7291667 0.75 0.7083333 0.75 0.7083333 0.75 0.7291667 0.8333333 0.7083333 0.8333333 0.7083333 0.8333333 0.7291667 0.9166667 0.7083333 0.9166667 0.7083333 0.9166667 0.7291667 1 0.7083333 1 0.7083333 0 0.7291667 0.08333331 0.7083333 0.08333331 0.7083333 0.08333331 0.7291667 0.1666666 0.7083333 0.1666666 0.7083333 0.25 0.7291667 0.3333333 0.7083333 0.3333333 0.7083333 0.3333333 0.7291667 0.4166666 0.7083333 0.4166666 0.7083333 0.4166666 0.7291667 0.5 0.7083333 0.5 0.7291667 0.5 0.75 0.5833333 0.7291667 0.5833333 0.7291667 0.5833333 0.75 0.6666667 0.7291667 0.6666667 0.7291667 0.6666667 0.75 0.75 0.7291667 0.75 0.7291667 0.75 0.75 0.8333333 0.7291667 0.8333333 0.7291667 0.8333333 0.75 0.9166667 0.7291667 0.9166667 0.7291667 0.9166667 0.75 1 0.7291667 1 0.7291667 0 0.75 0.08333331 0.7291667 0.08333331 0.7291667 0.08333331 0.75 0.1666666 0.7291667 0.1666666 0.7291667 0.25 0.75 0.3333333 0.7291667 0.3333333 0.7291667 0.3333333 0.75 0.4166666 0.7291667 0.4166666 0.75 0.5 0.7708333 0.5833333 0.75 0.5833333 0.75 0.5833333 0.7708333 0.6666667 0.75 0.6666667 0.75 0.6666667 0.7708333 0.75 0.75 0.75 0.75 0.75 0.7708333 0.8333333 0.75 0.8333333 0.75 0.8333333 0.7708333 0.9166667 0.75 0.9166667 0.75 0.9166667 0.7708333 1 0.75 1 0.75 0 0.7708333 0.08333331 0.75 0.08333331 0.75 0.08333331 0.7708333 0.1666666 0.75 0.1666666 0.75 0.1666666 0.7708333 0.25 0.75 0.25 0.75 0.25 0.7708333 0.3333333 0.75 0.3333333 0.75 0.3333333 0.7708333 0.4166666 0.75 0.4166666 0.7708333 0.5 0.7916667 0.5833333 0.7708333 0.5833333 0.7708333 0.5833333 0.7916667 0.6666667 0.7708333 0.6666667 0.7708333 0.6666667 0.7916667 0.75 0.7708333 0.75 0.7708333 0.75 0.7916667 0.8333333 0.7708333 0.8333333 0.7708333 0.8333333 0.7916667 0.9166667 0.7708333 0.9166667 0.7708333 0.9166667 0.7916667 1 0.7708333 1 0.7708333 0 0.7916667 0.08333331 0.7708333 0.08333331 0.7708333 0.08333331 0.7916667 0.1666666 0.7708333 0.1666666 0.7708333 0.1666666 0.7916667 0.25 0.7708333 0.25 0.7708333 0.25 0.7916667 0.3333333 0.7708333 0.3333333 0.7708333 0.3333333 0.7916667 0.4166666 0.7708333 0.4166666 0.7916667 0.5 0.8125 0.5833333 0.7916667 0.5833333 0.7916667 0.5833333 0.8125 0.6666667 0.7916667 0.6666667 0.7916667 0.6666667 0.8125 0.75 0.7916667 0.75 0.7916667 0.75 0.8125 0.8333333 0.7916667 0.8333333 0.7916667 0.8333333 0.8125 0.9166667 0.7916667 0.9166667 0.7916667 0.9166667 0.8125 1 0.7916667 1 0.7916667 0 0.8125 0.08333331 0.7916667 0.08333331 0.7916667 0.08333331 0.8125 0.1666666 0.7916667 0.1666666 0.7916667 0.1666666 0.8125 0.25 0.7916667 0.25 0.7916667 0.25 0.8125 0.3333333 0.7916667 0.3333333 0.7916667 0.3333333 0.8125 0.4166666 0.7916667 0.4166666 0.8125 0.5 0.8333333 0.5833333 0.8125 0.5833333 0.8125 0.5833333 0.8333333 0.6666667 0.8125 0.6666667 0.8125 0.6666667 0.8333333 0.75 0.8125 0.75 0.8125 0.75 0.8333333 0.8333333 0.8125 0.8333333 0.8125 0.8333333 0.8333333 0.9166667 0.8125 0.9166667 0.8125 0.9166667 0.8333333 1 0.8125 1 0.8125 0 0.8333333 0.08333331 0.8125 0.08333331 0.8125 0.08333331 0.8333333 0.1666666 0.8125 0.1666666 0.8125 0.1666666 0.8333333 0.25 0.8125 0.25 0.8125 0.25 0.8333333 0.3333333 0.8125 0.3333333 0.8125 0.3333333 0.8333333 0.4166666 0.8125 0.4166666 0.8333333 0.5 0.8541667 0.5833333 0.8333333 0.5833333 0.8333333 0.5833333 0.8541667 0.6666667 0.8333333 0.6666667 0.8333333 0.6666667 0.8541667 0.75 0.8333333 0.75 0.8333333 0.75 0.8541667 0.8333333 0.8333333 0.8333333 0.8333333 0.8333333 0.8541667 0.9166667 0.8333333 0.9166667 0.8333333 0.9166667 0.8541667 1 0.8333333 1 0.8333333 0 0.8541667 0.08333331 0.8333333 0.08333331 0.8333333 0.08333331 0.8541667 0.1666666 0.8333333 0.1666666 0.8333333 0.1666666 0.8541667 0.25 0.8333333 0.25 0.8333333 0.25 0.8541667 0.3333333 0.8333333 0.3333333 0.8333333 0.3333333 0.8541667 0.4166666 0.8333333 0.4166666 0.8333333 0.4166666 0.8541667 0.5 0.8333333 0.5 0.8541667 0.5 0.875 0.5833333 0.8541667 0.5833333 0.8541667 0.5833333 0.875 0.6666667 0.8541667 0.6666667 0.8541667 0.6666667 0.875 0.75 0.8541667 0.75 0.8541667 0.75 0.875 0.8333333 0.8541667 0.8333333 0.8541667 0.8333333 0.875 0.9166667 0.8541667 0.9166667 0.8541667 0.9166667 0.875 1 0.8541667 1 0.8541667 0.1666666 0.875 0.25 0.8541667 0.25 0.8541667 0.25 0.875 0.3333333 0.8541667 0.3333333 0.8541667 0.3333333 0.875 0.4166666 0.8541667 0.4166666 0.8541667 0.4166666 0.875 0.5 0.8541667 0.5 0.875 0.5 0.8958333 0.5833333 0.875 0.5833333 0.875 0.5833333 0.8958333 0.6666667 0.875 0.6666667 0.875 0.75 0.8958333 0.8333333 0.875 0.8333333 0.875 0.8333333 0.8958333 0.9166667 0.875 0.9166667 0.875 0.9166667 0.8958333 1 0.875 1 0.875 0.08333331 0.8958333 0.1666666 0.875 0.1666666 0.875 0.1666666 0.8958333 0.25 0.875 0.25 0.875 0.25 0.8958333 0.3333333 0.875 0.3333333 0.875 0.3333333 0.8958333 0.4166666 0.875 0.4166666 0.875 0.4166666 0.8958333 0.5 0.875 0.5 0.8958333 0.5 0.9166667 0.5833333 0.8958333 0.5833333 0.8958333 0.5833333 0.9166667 0.6666667 0.8958333 0.6666667 0.8958333 0.6666667 0.9166667 0.75 0.8958333 0.75 0.8958333 0.75 0.9166667 0.8333333 0.8958333 0.8333333 0.8958333 0.8333333 0.9166667 0.9166667 0.8958333 0.9166667 0.8958333 0.9166667 0.9166667 1 0.8958333 1 0.8958333 0 0.9166667 0.08333331 0.8958333 0.08333331 0.8958333 0.08333331 0.9166667 0.1666666 0.8958333 0.1666666 0.8958333 0.1666666 0.9166667 0.25 0.8958333 0.25 0.8958333 0.3333333 0.9166667 0.4166666 0.8958333 0.4166666 0.8958333 0.4166666 0.9166667 0.5 0.8958333 0.5 0.9166667 0.5 0.9375 0.5833333 0.9166667 0.5833333 0.9166667 0.5833333 0.9375 0.6666667 0.9166667 0.6666667 0.9166667 0.6666667 0.9375 0.75 0.9166667 0.75 0.9166667 0.75 0.9375 0.8333333 0.9166667 0.8333333 0.9166667 0.8333333 0.9375 0.9166667 0.9166667 0.9166667 0.9166667 0.9166667 0.9375 1 0.9166667 1 0.9166667 0 0.9375 0.08333331 0.9166667 0.08333331 0.9166667 0.08333331 0.9375 0.1666666 0.9166667 0.1666666 0.9166667 0.25 0.9375 0.3333333 0.9166667 0.3333333 0.9166667 0.3333333 0.9375 0.4166666 0.9166667 0.4166666 0.9166667 0.4166666 0.9375 0.5 0.9166667 0.5 0.9375 0.5 0.9583333 0.5833333 0.9375 0.5833333 0.9375 0.5833333 0.9583333 0.6666667 0.9375 0.6666667 0.9375 0.6666667 0.9583333 0.75 0.9375 0.75 0.9375 0.75 0.9583333 0.8333333 0.9375 0.8333333 0.9375 0.8333333 0.9583333 0.9166667 0.9375 0.9166667 0.9375 0.9166667 0.9583333 1 0.9375 1 0.9375 0 0.9583333 0.08333331 0.9375 0.08333331 0.9375 0.08333331 0.9583333 0.1666666 0.9375 0.1666666 0.9375 0.1666666 0.9583333 0.25 0.9375 0.25 0.9375 0.25 0.9583333 0.3333333 0.9375 0.3333333 0.9375 0.3333333 0.9583333 0.4166666 0.9375 0.4166666 0.9375 0.4166666 0.9583333 0.5 0.9375 0.5 0.9583333 0.5 0.9791667 0.5833333 0.9583333 0.5833333 0.9583333 0.5833333 0.9791667 0.6666667 0.9583333 0.6666667 0.9583333 0.6666667 0.9791667 0.75 0.9583333 0.75 0.9583333 0.75 0.9791667 0.8333333 0.9583333 0.8333333 0.9583333 0.8333333 0.9791667 0.9166667 0.9583333 0.9166667 0.9583333 0.9166667 0.9791667 1 0.9583333 1 0.9583333 0 0.9791667 0.08333331 0.9583333 0.08333331 0.9583333 0.08333331 0.9791667 0.1666666 0.9583333 0.1666666 0.9583333 0.1666666 0.9791667 0.25 0.9583333 0.25 0.9583333 0.25 0.9791667 0.3333333 0.9583333 0.3333333 0.9583333 0.3333333 0.9791667 0.4166666 0.9583333 0.4166666 0.9583333 0.4166666 0.9791667 0.5 0.9583333 0.5 0.9791667 0.5 1 0.5833333 0.9791667 0.5833333 0.9791667 0.5833333 1 0.6666667 0.9791667 0.6666667 0.9791667 0.6666667 1 0.75 0.9791667 0.75 0.9791667 0.8333333 1 0.9166667 0.9791667 0.9166667 0.9791667 0.9166667 1 1 0.9791667 1 0.9791667 0 1 0.08333331 0.9791667 0.08333331 0.9791667 0.08333331 1 0.1666666 0.9791667 0.1666666 0.9791667 0.1666666 1 0.25 0.9791667 0.25 0.9791667 0.4166666 1 0.5 0.9791667 0.5 0 0.5833333 0.02083331 0.6666667 0 0.6666667 0 0.6666667 0.02083331 0.75 0 0.75 0 0.75 0.02083331 0.8333333 0 0.8333333 0 0.9166667 0.02083331 1 0 1 0 0 0.02083331 0.08333331 0 0.08333331 0 0.08333331 0.02083331 0.1666666 0 0.1666666 0 0.1666666 0.02083331 0.25 0 0.25 0.02083331 0.5 0.04166662 0.5833333 0.02083331 0.5833333 0.02083331 0.5833333 0.04166662 0.6666667 0.02083331 0.6666667 0.02083331 0.6666667 0.04166662 0.75 0.02083331 0.75 0.02083331 0.75 0.04166662 0.8333333 0.02083331 0.8333333 0.02083331 0.9166667 0.04166662 1 0.02083331 1 0.02083331 0 0.04166662 0.08333331 0.02083331 0.08333331 0.02083331 0.08333331 0.04166662 0.1666666 0.02083331 0.1666666 0.02083331 0.1666666 0.04166662 0.25 0.02083331 0.25 0.02083331 0.25 0.04166662 0.3333333 0.02083331 0.3333333 0.02083331 0.3333333 0.04166662 0.4166666 0.02083331 0.4166666 0.02083331 0.4166666 0.04166662 0.5 0.02083331 0.5 0.04166662 0.5 0.0625 0.5833333 0.04166662 0.5833333 0.04166662 0.5833333 0.0625 0.6666667 0.04166662 0.6666667 0.04166662 0.6666667 0.0625 0.75 0.04166662 0.75 0.04166662 0 0.0625 0.08333331 0.04166662 0.08333331 0.04166662 0.08333331 0.0625 0.1666666 0.04166662 0.1666666 0.04166662 0.1666666 0.0625 0.25 0.04166662 0.25 0.04166662 0.25 0.0625 0.3333333 0.04166662 0.3333333 0.04166662 0.3333333 0.0625 0.4166666 0.04166662 0.4166666 0.04166662 0.4166666 0.0625 0.5 0.04166662 0.5 0.0625 0.5 0.08333331 0.5833333 0.0625 0.5833333 0.0625 0.5833333 0.08333331 0.6666667 0.0625 0.6666667 0.0625 0.75 0.08333331 0.8333333 0.0625 0.8333333 0.0625 0.8333333 0.08333331 0.9166667 0.0625 0.9166667 0.0625 0.9166667 0.08333331 1 0.0625 1 0.0625 0 0.08333331 0.08333331 0.0625 0.08333331 0.0625 0.08333331 0.08333331 0.1666666 0.0625 0.1666666 0.0625 0.1666666 0.08333331 0.25 0.0625 0.25 0.0625 0.25 0.08333331 0.3333333 0.0625 0.3333333 0.0625 0.3333333 0.08333331 0.4166666 0.0625 0.4166666 0.0625 0.4166666 0.08333331 0.5 0.0625 0.5 0.08333331 0.5 0.1041666 0.5833333 0.08333331 0.5833333 0.08333331 0.5833333 0.1041666 0.6666667 0.08333331 0.6666667 0.08333331 0.6666667 0.1041666 0.75 0.08333331 0.75 0.08333331 0.75 0.1041666 0.8333333 0.08333331 0.8333333 0.08333331 0.8333333 0.1041666 0.9166667 0.08333331 0.9166667 0.08333331 0.9166667 0.1041666 1 0.08333331 1 0.08333331 0 0.1041666 0.08333331 0.08333331 0.08333331 0.08333331 0.08333331 0.1041666 0.1666666 0.08333331 0.1666666 0.08333331 0.1666666 0.1041666 0.25 0.08333331 0.25 0.08333331 0.25 0.1041666 0.3333333 0.08333331 0.3333333 0.08333331 0.3333333 0.1041666 0.4166666 0.08333331 0.4166666 0.1041666 0.5 0.125 0.5833333 0.1041666 0.5833333 0.1041666 0.5833333 0.125 0.6666667 0.1041666 0.6666667 0.1041666 0.6666667 0.125 0.75 0.1041666 0.75 0.1041666 0.8333333 0.125 0.9166667 0.1041666 0.9166667 0.1041666 0.9166667 0.125 1 0.1041666 1 0.1041666 0 0.125 0.08333331 0.1041666 0.08333331 0.1041666 0.08333331 0.125 0.1666666 0.1041666 0.1666666 0.1041666 0.1666666 0.125 0.25 0.1041666 0.25 0.1041666 0.25 0.125 0.3333333 0.1041666 0.3333333 0.1041666 0.3333333 0.125 0.4166666 0.1041666 0.4166666 0.1041666 0.4166666 0.125 0.5 0.1041666 0.5 0.125 0.5 0.1458333 0.5833333 0.125 0.5833333 0.125 0.5833333 0.1458333 0.6666667 0.125 0.6666667 0.125 0.6666667 0.1458333 0.75 0.125 0.75 0.125 0.75 0.1458333 0.8333333 0.125 0.8333333 0.125 0.8333333 0.1458333 0.9166667 0.125 0.9166667 0.125 0.9166667 0.1458333 1 0.125 1 0.125 0 0.1458333 0.08333331 0.125 0.08333331 0.125 0.1666666 0.1458333 0.25 0.125 0.25 0.125 0.25 0.1458333 0.3333333 0.125 0.3333333 0.125 0.3333333 0.1458333 0.4166666 0.125 0.4166666 0.125 0.4166666 0.1458333 0.5 0.125 0.5 0.1458333 0.5 0.1666666 0.5833333 0.1458333 0.5833333 0.1458333 0.5833333 0.1666666 0.6666667 0.1458333 0.6666667 0.1458333 0.6666667 0.1666666 0.75 0.1458333 0.75 0.1458333 0.75 0.1666666 0.8333333 0.1458333 0.8333333 0.1458333 0.8333333 0.1666666 0.9166667 0.1458333 0.9166667 0.1458333 0.9166667 0.1666666 1 0.1458333 1 0.1458333 0 0.1666666 0.08333331 0.1458333 0.08333331 0.1458333 0.08333331 0.1666666 0.1666666 0.1458333 0.1666666 0.1458333 0.1666666 0.1666666 0.25 0.1458333 0.25 0.1458333 0.25 0.1666666 0.3333333 0.1458333 0.3333333 0.1458333 0.3333333 0.1666666 0.4166666 0.1458333 0.4166666 0.1458333 0.4166666 0.1666666 0.5 0.1458333 0.5 0.1666666 0.5 0.1875 0.5833333 0.1666666 0.5833333 0.1666666 0.5833333 0.1875 0.6666667 0.1666666 0.6666667 0.1666666 0.6666667 0.1875 0.75 0.1666666 0.75 0.1666666 0.75 0.1875 0.8333333 0.1666666 0.8333333 0.1666666 0.9166667 0.1875 1 0.1666666 1 0.1666666 0 0.1875 0.08333331 0.1666666 0.08333331 0.1666666 0.08333331 0.1875 0.1666666 0.1666666 0.1666666 0.1666666 0.1666666 0.1875 0.25 0.1666666 0.25 0.1666666 0.25 0.1875 0.3333333 0.1666666 0.3333333 0.1666666 0.3333333 0.1875 0.4166666 0.1666666 0.4166666 0.1666666 0.4166666 0.1875 0.5 0.1666666 0.5 0.1875 0.5 0.2083333 0.5833333 0.1875 0.5833333 0.1875 0.5833333 0.2083333 0.6666667 0.1875 0.6666667 0.1875 0.6666667 0.2083333 0.75 0.1875 0.75 0.1875 0.75 0.2083333 0.8333333 0.1875 0.8333333 0.1875 0.8333333 0.2083333 0.9166667 0.1875 0.9166667 0.1875 0.9166667 0.2083333 1 0.1875 1 0.1875 0 0.2083333 0.08333331 0.1875 0.08333331 0.1875 0.08333331 0.2083333 0.1666666 0.1875 0.1666666 0.1875 0.1666666 0.2083333 0.25 0.1875 0.25 0.1875 0.25 0.2083333 0.3333333 0.1875 0.3333333 0.1875 0.3333333 0.2083333 0.4166666 0.1875 0.4166666 0.1875 0.4166666 0.2083333 0.5 0.1875 0.5 0.2083333 0.5 0.2291666 0.5833333 0.2083333 0.5833333 0.2083333 0.5833333 0.2291666 0.6666667 0.2083333 0.6666667 0.2083333 0.6666667 0.2291666 0.75 0.2083333 0.75 0.2083333 0.75 0.2291666 0.8333333 0.2083333 0.8333333 0.2083333 0.8333333 0.2291666 0.9166667 0.2083333 0.9166667 0.2083333 0.9166667 0.2291666 1 0.2083333 1 0.2083333 0 0.2291666 0.08333331 0.2083333 0.08333331 0.2083333 0.08333331 0.2291666 0.1666666 0.2083333 0.1666666 0.2083333 0.1666666 0.2291666 0.25 0.2083333 0.25 0.2083333 0.25 0.2291666 0.3333333 0.2083333 0.3333333 0.2083333 0.3333333 0.2291666 0.4166666 0.2083333 0.4166666 0.2083333 0.4166666 0.2291666 0.5 0.2083333 0.5 0.2291666 0.5 0.25 0.5833333 0.2291666 0.5833333 0.2291666 0.5833333 0.25 0.6666667 0.2291666 0.6666667 0.2291666 0.6666667 0.25 0.75 0.2291666 0.75 0.2291666 0.75 0.25 0.8333333 0.2291666 0.8333333 0.2291666 0.8333333 0.25 0.9166667 0.2291666 0.9166667 0.2291666 0.9166667 0.25 1 0.2291666 1 0.2291666 0.08333331 0.25 0.1666666 0.2291666 0.1666666 0.2291666 0.1666666 0.25 0.25 0.2291666 0.25 0.2291666 0.25 0.25 0.3333333 0.2291666 0.3333333 0.2291666 0.3333333 0.25 0.4166666 0.2291666 0.4166666 0.2291666 0.4166666 0.25 0.5 0.2291666 0.5 0.25 0.5 0.2708333 0.5833333 0.25 0.5833333 0.25 0.5833333 0.2708333 0.6666667 0.25 0.6666667 0.25 0.6666667 0.2708333 0.75 0.25 0.75 0.25 0.75 0.2708333 0.8333333 0.25 0.8333333 0.25 0.8333333 0.2708333 0.9166667 0.25 0.9166667 0.25 0.9166667 0.2708333 1 0.25 1 0.25 0 0.2708333 0.08333331 0.25 0.08333331 0.25 0.08333331 0.2708333 0.1666666 0.25 0.1666666 0.25 0.1666666 0.2708333 0.25 0.25 0.25 0.25 0.25 0.2708333 0.3333333 0.25 0.3333333 0.25 0.3333333 0.2708333 0.4166666 0.25 0.4166666 0.25 0.4166666 0.2708333 0.5 0.25 0.5 0.2708333 0.5 0.2916666 0.5833333 0.2708333 0.5833333 0.2708333 0.5833333 0.2916666 0.6666667 0.2708333 0.6666667 0.2708333 0.6666667 0.2916666 0.75 0.2708333 0.75 0.2708333 0.75 0.2916666 0.8333333 0.2708333 0.8333333 0.2708333 0.8333333 0.2916666 0.9166667 0.2708333 0.9166667 0.2708333 0.9166667 0.2916666 1 0.2708333 1 0.2708333 0 0.2916666 0.08333331 0.2708333 0.08333331 0.2708333 0.08333331 0.2916666 0.1666666 0.2708333 0.1666666 0.2708333 0.1666666 0.2916666 0.25 0.2708333 0.25 0.2708333 0.25 0.2916666 0.3333333 0.2708333 0.3333333 0.2708333 0.3333333 0.2916666 0.4166666 0.2708333 0.4166666 0.2708333 0.4166666 0.2916666 0.5 0.2708333 0.5 0.2916666 0.5 0.3125 0.5833333 0.2916666 0.5833333 0.2916666 0.5833333 0.3125 0.6666667 0.2916666 0.6666667 0.2916666 0.6666667 0.3125 0.75 0.2916666 0.75 0.2916666 0.8333333 0.3125 0.9166667 0.2916666 0.9166667 0.2916666 0.9166667 0.3125 1 0.2916666 1 0.2916666 0 0.3125 0.08333331 0.2916666 0.08333331 0.2916666 0.08333331 0.3125 0.1666666 0.2916666 0.1666666 0.2916666 0.1666666 0.3125 0.25 0.2916666 0.25 0.2916666 0.25 0.3125 0.3333333 0.2916666 0.3333333 0.2916666 0.3333333 0.3125 0.4166666 0.2916666 0.4166666 0.2916666 0.4166666 0.3125 0.5 0.2916666 0.5 0.3125 0.5 0.3333333 0.5833333 0.3125 0.5833333 0.3125 0.5833333 0.3333333 0.6666667 0.3125 0.6666667 0.3125 0.6666667 0.3333333 0.75 0.3125 0.75 0.3125 0.75 0.3333333 0.8333333 0.3125 0.8333333 0.3125 0.8333333 0.3333333 0.9166667 0.3125 0.9166667 0.3125 0.9166667 0.3333333 1 0.3125 1 0.3125 0 0.3333333 0.08333331 0.3125 0.08333331 0.3125 0.08333331 0.3333333 0.1666666 0.3125 0.1666666 0.3125 0.1666666 0.3333333 0.25 0.3125 0.25 0.3125 0.25 0.3333333 0.3333333 0.3125 0.3333333 0.3125 0.3333333 0.3333333 0.4166666 0.3125 0.4166666 0.3125 0.4166666 0.3333333 0.5 0.3125 0.5 0.3333333 0.5 0.3541666 0.5833333 0.3333333 0.5833333 0.3333333 0.5833333 0.3541666 0.6666667 0.3333333 0.6666667 0.3333333 0.6666667 0.3541666 0.75 0.3333333 0.75 0.3333333 0.75 0.3541666 0.8333333 0.3333333 0.8333333 0.3333333 0.8333333 0.3541666 0.9166667 0.3333333 0.9166667 0.3333333 0.9166667 0.3541666 1 0.3333333 1 0.3333333 0 0.3541666 0.08333331 0.3333333 0.08333331 0.3333333 0.08333331 0.3541666 0.1666666 0.3333333 0.1666666 0.3333333 0.1666666 0.3541666 0.25 0.3333333 0.25 0.3333333 0.25 0.3541666 0.3333333 0.3333333 0.3333333 0.3333333 0.3333333 0.3541666 0.4166666 0.3333333 0.4166666 0.3333333 0.4166666 0.3541666 0.5 0.3333333 0.5 0.3541666 0.5 0.375 0.5833333 0.3541666 0.5833333 0.3541666 0.5833333 0.375 0.6666667 0.3541666 0.6666667 0.3541666 0.6666667 0.375 0.75 0.3541666 0.75 0.3541666 0.75 0.375 0.8333333 0.3541666 0.8333333 0.3541666 0.8333333 0.375 0.9166667 0.3541666 0.9166667 0.3541666 0.9166667 0.375 1 0.3541666 1 0.3541666 0 0.375 0.08333331 0.3541666 0.08333331 0.3541666 0.08333331 0.375 0.1666666 0.3541666 0.1666666 0.3541666 0.1666666 0.375 0.25 0.3541666 0.25 0.3541666 0.25 0.375 0.3333333 0.3541666 0.3333333 0.3541666 0.3333333 0.375 0.4166666 0.3541666 0.4166666 0.3541666 0.4166666 0.375 0.5 0.3541666 0.5 0.375 0.5 0.3958333 0.5833333 0.375 0.5833333 0.375 0.5833333 0.3958333 0.6666667 0.375 0.6666667 0.375 0.6666667 0.3958333 0.75 0.375 0.75 0.375 0.75 0.3958333 0.8333333 0.375 0.8333333 0.375 0.8333333 0.3958333 0.9166667 0.375 0.9166667 0.375 0.9166667 0.3958333 1 0.375 1 0.375 0 0.3958333 0.08333331 0.375 0.08333331 0.375 0.08333331 0.3958333 0.1666666 0.375 0.1666666 0.375 0.1666666 0.3958333 0.25 0.375 0.25 0.375 0.25 0.3958333 0.3333333 0.375 0.3333333 0.375 0.3333333 0.3958333 0.4166666 0.375 0.4166666 0.375 0.4166666 0.3958333 0.5 0.375 0.5 0.3958333 0.5 0.4166666 0.5833333 0.3958333 0.5833333 0.3958333 0.5833333 0.4166666 0.6666667 0.3958333 0.6666667 0.3958333 0.6666667 0.4166666 0.75 0.3958333 0.75 0.3958333 0.75 0.4166666 0.8333333 0.3958333 0.8333333 0.3958333 0.8333333 0.4166666 0.9166667 0.3958333 0.9166667 0.3958333 0.9166667 0.4166666 1 0.3958333 1 0.3958333 0 0.4166666 0.08333331 0.3958333 0.08333331 0.3958333 0.08333331 0.4166666 0.1666666 0.3958333 0.1666666 0.3958333 0.1666666 0.4166666 0.25 0.3958333 0.25 0.3958333 0.25 0.4166666 0.3333333 0.3958333 0.3333333 0.3958333 0.3333333 0.4166666 0.4166666 0.3958333 0.4166666 0.3958333 0.4166666 0.4166666 0.5 0.3958333 0.5 0.4166666 0.5 0.4375 0.5833333 0.4166666 0.5833333 0.4166666 0.5833333 0.4375 0.6666667 0.4166666 0.6666667 0.4166666 0.6666667 0.4375 0.75 0.4166666 0.75 0.4166666 0.75 0.4375 0.8333333 0.4166666 0.8333333 0.4166666 0.8333333 0.4375 0.9166667 0.4166666 0.9166667 0.4166666 0.9166667 0.4375 1 0.4166666 1 0.4166666 0 0.4375 0.08333331 0.4166666 0.08333331 0.4166666 0.08333331 0.4375 0.1666666 0.4166666 0.1666666 0.4166666 0.1666666 0.4375 0.25 0.4166666 0.25 0.4166666 0.25 0.4375 0.3333333 0.4166666 0.3333333 0.4166666 0.3333333 0.4375 0.4166666 0.4166666 0.4166666 0.4166666 0.4166666 0.4375 0.5 0.4166666 0.5 0.4375 0.5 0.4583333 0.5833333 0.4375 0.5833333 0.4375 0.5833333 0.4583333 0.6666667 0.4375 0.6666667 0.4375 0.6666667 0.4583333 0.75 0.4375 0.75 0.4375 0.75 0.4583333 0.8333333 0.4375 0.8333333 0.4375 0.8333333 0.4583333 0.9166667 0.4375 0.9166667 0.4375 0.9166667 0.4583333 1 0.4375 1 0.4375 0 0.4583333 0.08333331 0.4375 0.08333331 0.4375 0.08333331 0.4583333 0.1666666 0.4375 0.1666666 0.4375 0.25 0.4583333 0.3333333 0.4375 0.3333333 0.4375 0.3333333 0.4583333 0.4166666 0.4375 0.4166666 0.4375 0.4166666 0.4583333 0.5 0.4375 0.5 0.4583333 0.5 0.4791666 0.5833333 0.4583333 0.5833333 0.4583333 0.5833333 0.4791666 0.6666667 0.4583333 0.6666667 0.4583333 0.6666667 0.4791666 0.75 0.4583333 0.75 0.4583333 0.75 0.4791666 0.8333333 0.4583333 0.8333333 0.4583333 0.8333333 0.4791666 0.9166667 0.4583333 0.9166667 0.4583333 0.9166667 0.4791666 1 0.4583333 1 0.4583333 0 0.4791666 0.08333331 0.4583333 0.08333331 0.4583333 0.08333331 0.4791666 0.1666666 0.4583333 0.1666666 0.4583333 0.25 0.4791666 0.3333333 0.4583333 0.3333333 0.4583333 0.3333333 0.4791666 0.4166666 0.4583333 0.4166666 0.4583333 0.4166666 0.4791666 0.5 0.4583333 0.5 0.4791666 0.5 0.5 0.5833333 0.4791666 0.5833333 0.4791666 0.5833333 0.5 0.6666667 0.4791666 0.6666667 0.4791666 0.6666667 0.5 0.75 0.4791666 0.75 0.4791666 0.75 0.5 0.8333333 0.4791666 0.8333333 0.4791666 0.8333333 0.5 0.9166667 0.4791666 0.9166667 0.4791666 0.9166667 0.5 1 0.4791666 1 0.4791666 0 0.5 0.08333331 0.4791666 0.08333331 0.4791666 0.08333331 0.5 0.1666666 0.4791666 0.1666666 0.4791666 0.1666666 0.5 0.25 0.4791666 0.25 0.4791666 0.25 0.5 0.3333333 0.4791666 0.3333333 0.4791666 0.3333333 0.5 0.4166666 0.4791666 0.4166666 0.4791666 0.4166666 0.5 0.5 0.4791666 0.5 0.5833333 0 0.6041667 0.08333331 0.5833333 0.08333331 0.6041667 0.5 0.625 0.5833333 0.6041667 0.5833333 0.625 0.5 0.6458333 0.5833333 0.625 0.5833333 0.625 0.8333333 0.6458333 0.9166667 0.625 0.9166667 0.6458333 0.5 0.6666667 0.5833333 0.6458333 0.5833333 0.6666667 0.3333333 0.6875 0.4166666 0.6666667 0.4166666 0.7083333 0.1666666 0.7291667 0.25 0.7083333 0.25 0.7291667 0.1666666 0.75 0.25 0.7291667 0.25 0.7291667 0.4166666 0.75 0.5 0.7291667 0.5 0.75 0.4166666 0.7708333 0.5 0.75 0.5 0.7708333 0.4166666 0.7916667 0.5 0.7708333 0.5 0.7916667 0.4166666 0.8125 0.5 0.7916667 0.5 0.8125 0.4166666 0.8333333 0.5 0.8125 0.5 0.8541667 0 0.875 0.08333331 0.8541667 0.08333331 0.8541667 0.08333331 0.875 0.1666666 0.8541667 0.1666666 0.875 0.6666667 0.8958333 0.75 0.875 0.75 0.875 0 0.8958333 0.08333331 0.875 0.08333331 0.8958333 0.25 0.9166667 0.3333333 0.8958333 0.3333333 0.9166667 0.1666666 0.9375 0.25 0.9166667 0.25 0.9791667 0.75 1 0.8333333 0.9791667 0.8333333 0.9791667 0.25 1 0.3333333 0.9791667 0.3333333 0.9791667 0.3333333 1 0.4166666 0.9791667 0.4166666 0 0.5 0.02083331 0.5833333 0 0.5833333 0 0.8333333 0.02083331 0.9166667 0 0.9166667 0 0.25 0.02083331 0.3333333 0 0.3333333 0 0.3333333 0.02083331 0.4166666 0 0.4166666 0 0.4166666 0.02083331 0.5 0 0.5 0.02083331 0.8333333 0.04166662 0.9166667 0.02083331 0.9166667 0.04166662 0.75 0.0625 0.8333333 0.04166662 0.8333333 0.04166662 0.8333333 0.0625 0.9166667 0.04166662 0.9166667 0.04166662 0.9166667 0.0625 1 0.04166662 1 0.0625 0.6666667 0.08333331 0.75 0.0625 0.75 0.08333331 0.4166666 0.1041666 0.5 0.08333331 0.5 0.1041666 0.75 0.125 0.8333333 0.1041666 0.8333333 0.125 0.08333331 0.1458333 0.1666666 0.125 0.1666666 0.1666666 0.8333333 0.1875 0.9166667 0.1666666 0.9166667 0.2291666 0 0.25 0.08333331 0.2291666 0.08333331 0.2916666 0.75 0.3125 0.8333333 0.2916666 0.8333333 0.4375 0.1666666 0.4583333 0.25 0.4375 0.25 0.4583333 0.1666666 0.4791666 0.25 0.4583333 0.25 0.375 0 0.625 0 0.625 0.25 0.375 0.25 0.625 0.25 0.625 0.5 0.375 0.5 0.625 0.5 0.625 0.75 0.375 0.75 0.625 0.75 0.625 1 0.125 0.5 0.375 0.5 0.375 0.75 0.625 0.5 0.875 0.5 0.875 0.75 0.375 0 0.625 0 0.625 0.25 0.375 0.25 0.625 0.25 0.625 0.5 0.375 0.5 0.625 0.5 0.625 0.75 0.375 0.75 0.625 0.75 0.625 1 0.125 0.5 0.375 0.5 0.375 0.75 0.625 0.5 0.875 0.5 0.875 0.75 0.375 0 0.625 0 0.625 0.25 0.375 0.25 0.625 0.25 0.625 0.5 0.375 0.5 0.625 0.5 0.625 0.75 0.375 0.75 0.625 0.75 0.625 1 0.125 0.5 0.375 0.5 0.375 0.75 0.625 0.5 0.875 0.5 0.875 0.75 0.5 0.5 0.5208333 0.5 0.5208333 0.5833333 0.5 0.5833333 0.5208333 0.5833333 0.5208333 0.6666667 0.5 0.6666667 0.5208333 0.6666667 0.5208333 0.75 0.5 0.75 0.5208333 0.75 0.5208333 0.8333333 0.5 0.8333333 0.5208333 0.8333333 0.5208333 0.9166667 0.5 0.9166667 0.5208333 0.9166667 0.5208333 1 0.5 0 0.5208333 0 0.5208333 0.08333331 0.5 0.08333331 0.5208333 0.08333331 0.5208333 0.1666666 0.5 0.1666666 0.5208333 0.1666666 0.5208333 0.25 0.5 0.25 0.5208333 0.25 0.5208333 0.3333333 0.5 0.3333333 0.5208333 0.3333333 0.5208333 0.4166666 0.5 0.4166666 0.5208333 0.4166666 0.5208333 0.5 0.5208333 0.5 0.5416667 0.5 0.5416667 0.5833333 0.5208333 0.5833333 0.5416667 0.5833333 0.5416667 0.6666667 0.5208333 0.6666667 0.5416667 0.6666667 0.5416667 0.75 0.5208333 0.75 0.5416667 0.75 0.5416667 0.8333333 0.5208333 0.8333333 0.5416667 0.8333333 0.5416667 0.9166667 0.5208333 0.9166667 0.5416667 0.9166667 0.5416667 1 0.5208333 0 0.5416667 0 0.5416667 0.08333331 0.5208333 0.08333331 0.5416667 0.08333331 0.5416667 0.1666666 0.5208333 0.1666666 0.5416667 0.1666666 0.5416667 0.25 0.5208333 0.25 0.5416667 0.25 0.5416667 0.3333333 0.5208333 0.3333333 0.5416667 0.3333333 0.5416667 0.4166666 0.5208333 0.4166666 0.5416667 0.4166666 0.5416667 0.5 0.5416667 0.5 0.5625 0.5 0.5625 0.5833333 0.5416667 0.5833333 0.5625 0.5833333 0.5625 0.6666667 0.5416667 0.6666667 0.5625 0.6666667 0.5625 0.75 0.5416667 0.75 0.5625 0.75 0.5625 0.8333333 0.5416667 0.8333333 0.5625 0.8333333 0.5625 0.9166667 0.5416667 0.9166667 0.5625 0.9166667 0.5625 1 0.5416667 0 0.5625 0 0.5625 0.08333331 0.5416667 0.08333331 0.5625 0.08333331 0.5625 0.1666666 0.5416667 0.1666666 0.5625 0.1666666 0.5625 0.25 0.5416667 0.25 0.5625 0.25 0.5625 0.3333333 0.5416667 0.3333333 0.5625 0.3333333 0.5625 0.4166666 0.5416667 0.4166666 0.5625 0.4166666 0.5625 0.5 0.5625 0.5 0.5833333 0.5 0.5833333 0.5833333 0.5625 0.5833333 0.5833333 0.5833333 0.5833333 0.6666667 0.5625 0.6666667 0.5833333 0.6666667 0.5833333 0.75 0.5625 0.75 0.5833333 0.75 0.5833333 0.8333333 0.5625 0.8333333 0.5833333 0.8333333 0.5833333 0.9166667 0.5625 0.9166667 0.5833333 0.9166667 0.5833333 1 0.5625 0 0.5833333 0 0.5833333 0.08333331 0.5625 0.08333331 0.5833333 0.08333331 0.5833333 0.1666666 0.5625 0.1666666 0.5833333 0.1666666 0.5833333 0.25 0.5625 0.25 0.5833333 0.25 0.5833333 0.3333333 0.5625 0.3333333 0.5833333 0.3333333 0.5833333 0.4166666 0.5625 0.4166666 0.5833333 0.4166666 0.5833333 0.5 0.5833333 0.5 0.6041667 0.5 0.6041667 0.5833333 0.5833333 0.5833333 0.6041667 0.5833333 0.6041667 0.6666667 0.5833333 0.6666667 0.6041667 0.6666667 0.6041667 0.75 0.5833333 0.75 0.6041667 0.75 0.6041667 0.8333333 0.5833333 0.8333333 0.6041667 0.8333333 0.6041667 0.9166667 0.5833333 0.9166667 0.6041667 0.9166667 0.6041667 1 0.5833333 0.08333331 0.6041667 0.08333331 0.6041667 0.1666666 0.5833333 0.1666666 0.6041667 0.1666666 0.6041667 0.25 0.5833333 0.25 0.6041667 0.25 0.6041667 0.3333333 0.5833333 0.3333333 0.6041667 0.3333333 0.6041667 0.4166666 0.5833333 0.4166666 0.6041667 0.4166666 0.6041667 0.5 0.6041667 0.5833333 0.625 0.5833333 0.625 0.6666667 0.6041667 0.6666667 0.625 0.6666667 0.625 0.75 0.6041667 0.75 0.625 0.75 0.625 0.8333333 0.6041667 0.8333333 0.625 0.8333333 0.625 0.9166667 0.6041667 0.9166667 0.625 0.9166667 0.625 1 0.6041667 0 0.625 0 0.625 0.08333331 0.6041667 0.08333331 0.625 0.08333331 0.625 0.1666666 0.6041667 0.1666666 0.625 0.1666666 0.625 0.25 0.6041667 0.25 0.625 0.25 0.625 0.3333333 0.6041667 0.3333333 0.625 0.3333333 0.625 0.4166666 0.6041667 0.4166666 0.625 0.4166666 0.625 0.5 0.625 0.5833333 0.6458333 0.5833333 0.6458333 0.6666667 0.625 0.6666667 0.6458333 0.6666667 0.6458333 0.75 0.625 0.75 0.6458333 0.75 0.6458333 0.8333333 0.625 0.9166667 0.6458333 0.9166667 0.6458333 1 0.625 0 0.6458333 0 0.6458333 0.08333331 0.625 0.08333331 0.6458333 0.08333331 0.6458333 0.1666666 0.625 0.1666666 0.6458333 0.1666666 0.6458333 0.25 0.625 0.25 0.6458333 0.25 0.6458333 0.3333333 0.625 0.3333333 0.6458333 0.3333333 0.6458333 0.4166666 0.625 0.4166666 0.6458333 0.4166666 0.6458333 0.5 0.6458333 0.5833333 0.6666667 0.5833333 0.6666667 0.6666667 0.6458333 0.6666667 0.6666667 0.6666667 0.6666667 0.75 0.6458333 0.75 0.6666667 0.75 0.6666667 0.8333333 0.6458333 0.8333333 0.6666667 0.8333333 0.6666667 0.9166667 0.6458333 0.9166667 0.6666667 0.9166667 0.6666667 1 0.6458333 0 0.6666667 0 0.6666667 0.08333331 0.6458333 0.08333331 0.6666667 0.08333331 0.6666667 0.1666666 0.6458333 0.1666666 0.6666667 0.1666666 0.6666667 0.25 0.6458333 0.25 0.6666667 0.25 0.6666667 0.3333333 0.6458333 0.3333333 0.6666667 0.3333333 0.6666667 0.4166666 0.6458333 0.4166666 0.6666667 0.4166666 0.6666667 0.5 0.6666667 0.5 0.6875 0.5 0.6875 0.5833333 0.6666667 0.5833333 0.6875 0.5833333 0.6875 0.6666667 0.6666667 0.6666667 0.6875 0.6666667 0.6875 0.75 0.6666667 0.75 0.6875 0.75 0.6875 0.8333333 0.6666667 0.8333333 0.6875 0.8333333 0.6875 0.9166667 0.6666667 0.9166667 0.6875 0.9166667 0.6875 1 0.6666667 0 0.6875 0 0.6875 0.08333331 0.6666667 0.08333331 0.6875 0.08333331 0.6875 0.1666666 0.6666667 0.1666666 0.6875 0.1666666 0.6875 0.25 0.6666667 0.25 0.6875 0.25 0.6875 0.3333333 0.6666667 0.4166666 0.6875 0.4166666 0.6875 0.5 0.6875 0.5 0.7083333 0.5 0.7083333 0.5833333 0.6875 0.5833333 0.7083333 0.5833333 0.7083333 0.6666667 0.6875 0.6666667 0.7083333 0.6666667 0.7083333 0.75 0.6875 0.75 0.7083333 0.75 0.7083333 0.8333333 0.6875 0.8333333 0.7083333 0.8333333 0.7083333 0.9166667 0.6875 0.9166667 0.7083333 0.9166667 0.7083333 1 0.6875 0 0.7083333 0 0.7083333 0.08333331 0.6875 0.08333331 0.7083333 0.08333331 0.7083333 0.1666666 0.6875 0.1666666 0.7083333 0.1666666 0.7083333 0.25 0.6875 0.25 0.7083333 0.25 0.7083333 0.3333333 0.6875 0.3333333 0.7083333 0.3333333 0.7083333 0.4166666 0.6875 0.4166666 0.7083333 0.4166666 0.7083333 0.5 0.7083333 0.5 0.7291667 0.5 0.7291667 0.5833333 0.7083333 0.5833333 0.7291667 0.5833333 0.7291667 0.6666667 0.7083333 0.6666667 0.7291667 0.6666667 0.7291667 0.75 0.7083333 0.75 0.7291667 0.75 0.7291667 0.8333333 0.7083333 0.8333333 0.7291667 0.8333333 0.7291667 0.9166667 0.7083333 0.9166667 0.7291667 0.9166667 0.7291667 1 0.7083333 0 0.7291667 0 0.7291667 0.08333331 0.7083333 0.08333331 0.7291667 0.08333331 0.7291667 0.1666666 0.7083333 0.25 0.7291667 0.25 0.7291667 0.3333333 0.7083333 0.3333333 0.7291667 0.3333333 0.7291667 0.4166666 0.7083333 0.4166666 0.7291667 0.4166666 0.7291667 0.5 0.7291667 0.5 0.75 0.5 0.75 0.5833333 0.7291667 0.5833333 0.75 0.5833333 0.75 0.6666667 0.7291667 0.6666667 0.75 0.6666667 0.75 0.75 0.7291667 0.75 0.75 0.75 0.75 0.8333333 0.7291667 0.8333333 0.75 0.8333333 0.75 0.9166667 0.7291667 0.9166667 0.75 0.9166667 0.75 1 0.7291667 0 0.75 0 0.75 0.08333331 0.7291667 0.08333331 0.75 0.08333331 0.75 0.1666666 0.7291667 0.25 0.75 0.25 0.75 0.3333333 0.7291667 0.3333333 0.75 0.3333333 0.75 0.4166666 0.75 0.5 0.7708333 0.5 0.7708333 0.5833333 0.75 0.5833333 0.7708333 0.5833333 0.7708333 0.6666667 0.75 0.6666667 0.7708333 0.6666667 0.7708333 0.75 0.75 0.75 0.7708333 0.75 0.7708333 0.8333333 0.75 0.8333333 0.7708333 0.8333333 0.7708333 0.9166667 0.75 0.9166667 0.7708333 0.9166667 0.7708333 1 0.75 0 0.7708333 0 0.7708333 0.08333331 0.75 0.08333331 0.7708333 0.08333331 0.7708333 0.1666666 0.75 0.1666666 0.7708333 0.1666666 0.7708333 0.25 0.75 0.25 0.7708333 0.25 0.7708333 0.3333333 0.75 0.3333333 0.7708333 0.3333333 0.7708333 0.4166666 0.7708333 0.5 0.7916667 0.5 0.7916667 0.5833333 0.7708333 0.5833333 0.7916667 0.5833333 0.7916667 0.6666667 0.7708333 0.6666667 0.7916667 0.6666667 0.7916667 0.75 0.7708333 0.75 0.7916667 0.75 0.7916667 0.8333333 0.7708333 0.8333333 0.7916667 0.8333333 0.7916667 0.9166667 0.7708333 0.9166667 0.7916667 0.9166667 0.7916667 1 0.7708333 0 0.7916667 0 0.7916667 0.08333331 0.7708333 0.08333331 0.7916667 0.08333331 0.7916667 0.1666666 0.7708333 0.1666666 0.7916667 0.1666666 0.7916667 0.25 0.7708333 0.25 0.7916667 0.25 0.7916667 0.3333333 0.7708333 0.3333333 0.7916667 0.3333333 0.7916667 0.4166666 0.7916667 0.5 0.8125 0.5 0.8125 0.5833333 0.7916667 0.5833333 0.8125 0.5833333 0.8125 0.6666667 0.7916667 0.6666667 0.8125 0.6666667 0.8125 0.75 0.7916667 0.75 0.8125 0.75 0.8125 0.8333333 0.7916667 0.8333333 0.8125 0.8333333 0.8125 0.9166667 0.7916667 0.9166667 0.8125 0.9166667 0.8125 1 0.7916667 0 0.8125 0 0.8125 0.08333331 0.7916667 0.08333331 0.8125 0.08333331 0.8125 0.1666666 0.7916667 0.1666666 0.8125 0.1666666 0.8125 0.25 0.7916667 0.25 0.8125 0.25 0.8125 0.3333333 0.7916667 0.3333333 0.8125 0.3333333 0.8125 0.4166666 0.8125 0.5 0.8333333 0.5 0.8333333 0.5833333 0.8125 0.5833333 0.8333333 0.5833333 0.8333333 0.6666667 0.8125 0.6666667 0.8333333 0.6666667 0.8333333 0.75 0.8125 0.75 0.8333333 0.75 0.8333333 0.8333333 0.8125 0.8333333 0.8333333 0.8333333 0.8333333 0.9166667 0.8125 0.9166667 0.8333333 0.9166667 0.8333333 1 0.8125 0 0.8333333 0 0.8333333 0.08333331 0.8125 0.08333331 0.8333333 0.08333331 0.8333333 0.1666666 0.8125 0.1666666 0.8333333 0.1666666 0.8333333 0.25 0.8125 0.25 0.8333333 0.25 0.8333333 0.3333333 0.8125 0.3333333 0.8333333 0.3333333 0.8333333 0.4166666 0.8333333 0.5 0.8541667 0.5 0.8541667 0.5833333 0.8333333 0.5833333 0.8541667 0.5833333 0.8541667 0.6666667 0.8333333 0.6666667 0.8541667 0.6666667 0.8541667 0.75 0.8333333 0.75 0.8541667 0.75 0.8541667 0.8333333 0.8333333 0.8333333 0.8541667 0.8333333 0.8541667 0.9166667 0.8333333 0.9166667 0.8541667 0.9166667 0.8541667 1 0.8333333 0 0.8541667 0 0.8541667 0.08333331 0.8333333 0.08333331 0.8541667 0.08333331 0.8541667 0.1666666 0.8333333 0.1666666 0.8541667 0.1666666 0.8541667 0.25 0.8333333 0.25 0.8541667 0.25 0.8541667 0.3333333 0.8333333 0.3333333 0.8541667 0.3333333 0.8541667 0.4166666 0.8333333 0.4166666 0.8541667 0.4166666 0.8541667 0.5 0.8541667 0.5 0.875 0.5 0.875 0.5833333 0.8541667 0.5833333 0.875 0.5833333 0.875 0.6666667 0.8541667 0.6666667 0.875 0.6666667 0.875 0.75 0.8541667 0.75 0.875 0.75 0.875 0.8333333 0.8541667 0.8333333 0.875 0.8333333 0.875 0.9166667 0.8541667 0.9166667 0.875 0.9166667 0.875 1 0.8541667 0.1666666 0.875 0.1666666 0.875 0.25 0.8541667 0.25 0.875 0.25 0.875 0.3333333 0.8541667 0.3333333 0.875 0.3333333 0.875 0.4166666 0.8541667 0.4166666 0.875 0.4166666 0.875 0.5 0.875 0.5 0.8958333 0.5 0.8958333 0.5833333 0.875 0.5833333 0.8958333 0.5833333 0.8958333 0.6666667 0.875 0.75 0.8958333 0.75 0.8958333 0.8333333 0.875 0.8333333 0.8958333 0.8333333 0.8958333 0.9166667 0.875 0.9166667 0.8958333 0.9166667 0.8958333 1 0.875 0.08333331 0.8958333 0.08333331 0.8958333 0.1666666 0.875 0.1666666 0.8958333 0.1666666 0.8958333 0.25 0.875 0.25 0.8958333 0.25 0.8958333 0.3333333 0.875 0.3333333 0.8958333 0.3333333 0.8958333 0.4166666 0.875 0.4166666 0.8958333 0.4166666 0.8958333 0.5 0.8958333 0.5 0.9166667 0.5 0.9166667 0.5833333 0.8958333 0.5833333 0.9166667 0.5833333 0.9166667 0.6666667 0.8958333 0.6666667 0.9166667 0.6666667 0.9166667 0.75 0.8958333 0.75 0.9166667 0.75 0.9166667 0.8333333 0.8958333 0.8333333 0.9166667 0.8333333 0.9166667 0.9166667 0.8958333 0.9166667 0.9166667 0.9166667 0.9166667 1 0.8958333 0 0.9166667 0 0.9166667 0.08333331 0.8958333 0.08333331 0.9166667 0.08333331 0.9166667 0.1666666 0.8958333 0.1666666 0.9166667 0.1666666 0.9166667 0.25 0.8958333 0.3333333 0.9166667 0.3333333 0.9166667 0.4166666 0.8958333 0.4166666 0.9166667 0.4166666 0.9166667 0.5 0.9166667 0.5 0.9375 0.5 0.9375 0.5833333 0.9166667 0.5833333 0.9375 0.5833333 0.9375 0.6666667 0.9166667 0.6666667 0.9375 0.6666667 0.9375 0.75 0.9166667 0.75 0.9375 0.75 0.9375 0.8333333 0.9166667 0.8333333 0.9375 0.8333333 0.9375 0.9166667 0.9166667 0.9166667 0.9375 0.9166667 0.9375 1 0.9166667 0 0.9375 0 0.9375 0.08333331 0.9166667 0.08333331 0.9375 0.08333331 0.9375 0.1666666 0.9166667 0.25 0.9375 0.25 0.9375 0.3333333 0.9166667 0.3333333 0.9375 0.3333333 0.9375 0.4166666 0.9166667 0.4166666 0.9375 0.4166666 0.9375 0.5 0.9375 0.5 0.9583333 0.5 0.9583333 0.5833333 0.9375 0.5833333 0.9583333 0.5833333 0.9583333 0.6666667 0.9375 0.6666667 0.9583333 0.6666667 0.9583333 0.75 0.9375 0.75 0.9583333 0.75 0.9583333 0.8333333 0.9375 0.8333333 0.9583333 0.8333333 0.9583333 0.9166667 0.9375 0.9166667 0.9583333 0.9166667 0.9583333 1 0.9375 0 0.9583333 0 0.9583333 0.08333331 0.9375 0.08333331 0.9583333 0.08333331 0.9583333 0.1666666 0.9375 0.1666666 0.9583333 0.1666666 0.9583333 0.25 0.9375 0.25 0.9583333 0.25 0.9583333 0.3333333 0.9375 0.3333333 0.9583333 0.3333333 0.9583333 0.4166666 0.9375 0.4166666 0.9583333 0.4166666 0.9583333 0.5 0.9583333 0.5 0.9791667 0.5 0.9791667 0.5833333 0.9583333 0.5833333 0.9791667 0.5833333 0.9791667 0.6666667 0.9583333 0.6666667 0.9791667 0.6666667 0.9791667 0.75 0.9583333 0.75 0.9791667 0.75 0.9791667 0.8333333 0.9583333 0.8333333 0.9791667 0.8333333 0.9791667 0.9166667 0.9583333 0.9166667 0.9791667 0.9166667 0.9791667 1 0.9583333 0 0.9791667 0 0.9791667 0.08333331 0.9583333 0.08333331 0.9791667 0.08333331 0.9791667 0.1666666 0.9583333 0.1666666 0.9791667 0.1666666 0.9791667 0.25 0.9583333 0.25 0.9791667 0.25 0.9791667 0.3333333 0.9583333 0.3333333 0.9791667 0.3333333 0.9791667 0.4166666 0.9583333 0.4166666 0.9791667 0.4166666 0.9791667 0.5 0.9791667 0.5 1 0.5 1 0.5833333 0.9791667 0.5833333 1 0.5833333 1 0.6666667 0.9791667 0.6666667 1 0.6666667 1 0.75 0.9791667 0.8333333 1 0.8333333 1 0.9166667 0.9791667 0.9166667 1 0.9166667 1 1 0.9791667 0 1 0 1 0.08333331 0.9791667 0.08333331 1 0.08333331 1 0.1666666 0.9791667 0.1666666 1 0.1666666 1 0.25 0.9791667 0.4166666 1 0.4166666 1 0.5 0 0.5833333 0.02083331 0.5833333 0.02083331 0.6666667 0 0.6666667 0.02083331 0.6666667 0.02083331 0.75 0 0.75 0.02083331 0.75 0.02083331 0.8333333 0 0.9166667 0.02083331 0.9166667 0.02083331 1 0 0 0.02083331 0 0.02083331 0.08333331 0 0.08333331 0.02083331 0.08333331 0.02083331 0.1666666 0 0.1666666 0.02083331 0.1666666 0.02083331 0.25 0.02083331 0.5 0.04166662 0.5 0.04166662 0.5833333 0.02083331 0.5833333 0.04166662 0.5833333 0.04166662 0.6666667 0.02083331 0.6666667 0.04166662 0.6666667 0.04166662 0.75 0.02083331 0.75 0.04166662 0.75 0.04166662 0.8333333 0.02083331 0.9166667 0.04166662 0.9166667 0.04166662 1 0.02083331 0 0.04166662 0 0.04166662 0.08333331 0.02083331 0.08333331 0.04166662 0.08333331 0.04166662 0.1666666 0.02083331 0.1666666 0.04166662 0.1666666 0.04166662 0.25 0.02083331 0.25 0.04166662 0.25 0.04166662 0.3333333 0.02083331 0.3333333 0.04166662 0.3333333 0.04166662 0.4166666 0.02083331 0.4166666 0.04166662 0.4166666 0.04166662 0.5 0.04166662 0.5 0.0625 0.5 0.0625 0.5833333 0.04166662 0.5833333 0.0625 0.5833333 0.0625 0.6666667 0.04166662 0.6666667 0.0625 0.6666667 0.0625 0.75 0.04166662 0 0.0625 0 0.0625 0.08333331 0.04166662 0.08333331 0.0625 0.08333331 0.0625 0.1666666 0.04166662 0.1666666 0.0625 0.1666666 0.0625 0.25 0.04166662 0.25 0.0625 0.25 0.0625 0.3333333 0.04166662 0.3333333 0.0625 0.3333333 0.0625 0.4166666 0.04166662 0.4166666 0.0625 0.4166666 0.0625 0.5 0.0625 0.5 0.08333331 0.5 0.08333331 0.5833333 0.0625 0.5833333 0.08333331 0.5833333 0.08333331 0.6666667 0.0625 0.75 0.08333331 0.75 0.08333331 0.8333333 0.0625 0.8333333 0.08333331 0.8333333 0.08333331 0.9166667 0.0625 0.9166667 0.08333331 0.9166667 0.08333331 1 0.0625 0 0.08333331 0 0.08333331 0.08333331 0.0625 0.08333331 0.08333331 0.08333331 0.08333331 0.1666666 0.0625 0.1666666 0.08333331 0.1666666 0.08333331 0.25 0.0625 0.25 0.08333331 0.25 0.08333331 0.3333333 0.0625 0.3333333 0.08333331 0.3333333 0.08333331 0.4166666 0.0625 0.4166666 0.08333331 0.4166666 0.08333331 0.5 0.08333331 0.5 0.1041666 0.5 0.1041666 0.5833333 0.08333331 0.5833333 0.1041666 0.5833333 0.1041666 0.6666667 0.08333331 0.6666667 0.1041666 0.6666667 0.1041666 0.75 0.08333331 0.75 0.1041666 0.75 0.1041666 0.8333333 0.08333331 0.8333333 0.1041666 0.8333333 0.1041666 0.9166667 0.08333331 0.9166667 0.1041666 0.9166667 0.1041666 1 0.08333331 0 0.1041666 0 0.1041666 0.08333331 0.08333331 0.08333331 0.1041666 0.08333331 0.1041666 0.1666666 0.08333331 0.1666666 0.1041666 0.1666666 0.1041666 0.25 0.08333331 0.25 0.1041666 0.25 0.1041666 0.3333333 0.08333331 0.3333333 0.1041666 0.3333333 0.1041666 0.4166666 0.1041666 0.5 0.125 0.5 0.125 0.5833333 0.1041666 0.5833333 0.125 0.5833333 0.125 0.6666667 0.1041666 0.6666667 0.125 0.6666667 0.125 0.75 0.1041666 0.8333333 0.125 0.8333333 0.125 0.9166667 0.1041666 0.9166667 0.125 0.9166667 0.125 1 0.1041666 0 0.125 0 0.125 0.08333331 0.1041666 0.08333331 0.125 0.08333331 0.125 0.1666666 0.1041666 0.1666666 0.125 0.1666666 0.125 0.25 0.1041666 0.25 0.125 0.25 0.125 0.3333333 0.1041666 0.3333333 0.125 0.3333333 0.125 0.4166666 0.1041666 0.4166666 0.125 0.4166666 0.125 0.5 0.125 0.5 0.1458333 0.5 0.1458333 0.5833333 0.125 0.5833333 0.1458333 0.5833333 0.1458333 0.6666667 0.125 0.6666667 0.1458333 0.6666667 0.1458333 0.75 0.125 0.75 0.1458333 0.75 0.1458333 0.8333333 0.125 0.8333333 0.1458333 0.8333333 0.1458333 0.9166667 0.125 0.9166667 0.1458333 0.9166667 0.1458333 1 0.125 0 0.1458333 0 0.1458333 0.08333331 0.125 0.1666666 0.1458333 0.1666666 0.1458333 0.25 0.125 0.25 0.1458333 0.25 0.1458333 0.3333333 0.125 0.3333333 0.1458333 0.3333333 0.1458333 0.4166666 0.125 0.4166666 0.1458333 0.4166666 0.1458333 0.5 0.1458333 0.5 0.1666666 0.5 0.1666666 0.5833333 0.1458333 0.5833333 0.1666666 0.5833333 0.1666666 0.6666667 0.1458333 0.6666667 0.1666666 0.6666667 0.1666666 0.75 0.1458333 0.75 0.1666666 0.75 0.1666666 0.8333333 0.1458333 0.8333333 0.1666666 0.8333333 0.1666666 0.9166667 0.1458333 0.9166667 0.1666666 0.9166667 0.1666666 1 0.1458333 0 0.1666666 0 0.1666666 0.08333331 0.1458333 0.08333331 0.1666666 0.08333331 0.1666666 0.1666666 0.1458333 0.1666666 0.1666666 0.1666666 0.1666666 0.25 0.1458333 0.25 0.1666666 0.25 0.1666666 0.3333333 0.1458333 0.3333333 0.1666666 0.3333333 0.1666666 0.4166666 0.1458333 0.4166666 0.1666666 0.4166666 0.1666666 0.5 0.1666666 0.5 0.1875 0.5 0.1875 0.5833333 0.1666666 0.5833333 0.1875 0.5833333 0.1875 0.6666667 0.1666666 0.6666667 0.1875 0.6666667 0.1875 0.75 0.1666666 0.75 0.1875 0.75 0.1875 0.8333333 0.1666666 0.9166667 0.1875 0.9166667 0.1875 1 0.1666666 0 0.1875 0 0.1875 0.08333331 0.1666666 0.08333331 0.1875 0.08333331 0.1875 0.1666666 0.1666666 0.1666666 0.1875 0.1666666 0.1875 0.25 0.1666666 0.25 0.1875 0.25 0.1875 0.3333333 0.1666666 0.3333333 0.1875 0.3333333 0.1875 0.4166666 0.1666666 0.4166666 0.1875 0.4166666 0.1875 0.5 0.1875 0.5 0.2083333 0.5 0.2083333 0.5833333 0.1875 0.5833333 0.2083333 0.5833333 0.2083333 0.6666667 0.1875 0.6666667 0.2083333 0.6666667 0.2083333 0.75 0.1875 0.75 0.2083333 0.75 0.2083333 0.8333333 0.1875 0.8333333 0.2083333 0.8333333 0.2083333 0.9166667 0.1875 0.9166667 0.2083333 0.9166667 0.2083333 1 0.1875 0 0.2083333 0 0.2083333 0.08333331 0.1875 0.08333331 0.2083333 0.08333331 0.2083333 0.1666666 0.1875 0.1666666 0.2083333 0.1666666 0.2083333 0.25 0.1875 0.25 0.2083333 0.25 0.2083333 0.3333333 0.1875 0.3333333 0.2083333 0.3333333 0.2083333 0.4166666 0.1875 0.4166666 0.2083333 0.4166666 0.2083333 0.5 0.2083333 0.5 0.2291666 0.5 0.2291666 0.5833333 0.2083333 0.5833333 0.2291666 0.5833333 0.2291666 0.6666667 0.2083333 0.6666667 0.2291666 0.6666667 0.2291666 0.75 0.2083333 0.75 0.2291666 0.75 0.2291666 0.8333333 0.2083333 0.8333333 0.2291666 0.8333333 0.2291666 0.9166667 0.2083333 0.9166667 0.2291666 0.9166667 0.2291666 1 0.2083333 0 0.2291666 0 0.2291666 0.08333331 0.2083333 0.08333331 0.2291666 0.08333331 0.2291666 0.1666666 0.2083333 0.1666666 0.2291666 0.1666666 0.2291666 0.25 0.2083333 0.25 0.2291666 0.25 0.2291666 0.3333333 0.2083333 0.3333333 0.2291666 0.3333333 0.2291666 0.4166666 0.2083333 0.4166666 0.2291666 0.4166666 0.2291666 0.5 0.2291666 0.5 0.25 0.5 0.25 0.5833333 0.2291666 0.5833333 0.25 0.5833333 0.25 0.6666667 0.2291666 0.6666667 0.25 0.6666667 0.25 0.75 0.2291666 0.75 0.25 0.75 0.25 0.8333333 0.2291666 0.8333333 0.25 0.8333333 0.25 0.9166667 0.2291666 0.9166667 0.25 0.9166667 0.25 1 0.2291666 0.08333331 0.25 0.08333331 0.25 0.1666666 0.2291666 0.1666666 0.25 0.1666666 0.25 0.25 0.2291666 0.25 0.25 0.25 0.25 0.3333333 0.2291666 0.3333333 0.25 0.3333333 0.25 0.4166666 0.2291666 0.4166666 0.25 0.4166666 0.25 0.5 0.25 0.5 0.2708333 0.5 0.2708333 0.5833333 0.25 0.5833333 0.2708333 0.5833333 0.2708333 0.6666667 0.25 0.6666667 0.2708333 0.6666667 0.2708333 0.75 0.25 0.75 0.2708333 0.75 0.2708333 0.8333333 0.25 0.8333333 0.2708333 0.8333333 0.2708333 0.9166667 0.25 0.9166667 0.2708333 0.9166667 0.2708333 1 0.25 0 0.2708333 0 0.2708333 0.08333331 0.25 0.08333331 0.2708333 0.08333331 0.2708333 0.1666666 0.25 0.1666666 0.2708333 0.1666666 0.2708333 0.25 0.25 0.25 0.2708333 0.25 0.2708333 0.3333333 0.25 0.3333333 0.2708333 0.3333333 0.2708333 0.4166666 0.25 0.4166666 0.2708333 0.4166666 0.2708333 0.5 0.2708333 0.5 0.2916666 0.5 0.2916666 0.5833333 0.2708333 0.5833333 0.2916666 0.5833333 0.2916666 0.6666667 0.2708333 0.6666667 0.2916666 0.6666667 0.2916666 0.75 0.2708333 0.75 0.2916666 0.75 0.2916666 0.8333333 0.2708333 0.8333333 0.2916666 0.8333333 0.2916666 0.9166667 0.2708333 0.9166667 0.2916666 0.9166667 0.2916666 1 0.2708333 0 0.2916666 0 0.2916666 0.08333331 0.2708333 0.08333331 0.2916666 0.08333331 0.2916666 0.1666666 0.2708333 0.1666666 0.2916666 0.1666666 0.2916666 0.25 0.2708333 0.25 0.2916666 0.25 0.2916666 0.3333333 0.2708333 0.3333333 0.2916666 0.3333333 0.2916666 0.4166666 0.2708333 0.4166666 0.2916666 0.4166666 0.2916666 0.5 0.2916666 0.5 0.3125 0.5 0.3125 0.5833333 0.2916666 0.5833333 0.3125 0.5833333 0.3125 0.6666667 0.2916666 0.6666667 0.3125 0.6666667 0.3125 0.75 0.2916666 0.8333333 0.3125 0.8333333 0.3125 0.9166667 0.2916666 0.9166667 0.3125 0.9166667 0.3125 1 0.2916666 0 0.3125 0 0.3125 0.08333331 0.2916666 0.08333331 0.3125 0.08333331 0.3125 0.1666666 0.2916666 0.1666666 0.3125 0.1666666 0.3125 0.25 0.2916666 0.25 0.3125 0.25 0.3125 0.3333333 0.2916666 0.3333333 0.3125 0.3333333 0.3125 0.4166666 0.2916666 0.4166666 0.3125 0.4166666 0.3125 0.5 0.3125 0.5 0.3333333 0.5 0.3333333 0.5833333 0.3125 0.5833333 0.3333333 0.5833333 0.3333333 0.6666667 0.3125 0.6666667 0.3333333 0.6666667 0.3333333 0.75 0.3125 0.75 0.3333333 0.75 0.3333333 0.8333333 0.3125 0.8333333 0.3333333 0.8333333 0.3333333 0.9166667 0.3125 0.9166667 0.3333333 0.9166667 0.3333333 1 0.3125 0 0.3333333 0 0.3333333 0.08333331 0.3125 0.08333331 0.3333333 0.08333331 0.3333333 0.1666666 0.3125 0.1666666 0.3333333 0.1666666 0.3333333 0.25 0.3125 0.25 0.3333333 0.25 0.3333333 0.3333333 0.3125 0.3333333 0.3333333 0.3333333 0.3333333 0.4166666 0.3125 0.4166666 0.3333333 0.4166666 0.3333333 0.5 0.3333333 0.5 0.3541666 0.5 0.3541666 0.5833333 0.3333333 0.5833333 0.3541666 0.5833333 0.3541666 0.6666667 0.3333333 0.6666667 0.3541666 0.6666667 0.3541666 0.75 0.3333333 0.75 0.3541666 0.75 0.3541666 0.8333333 0.3333333 0.8333333 0.3541666 0.8333333 0.3541666 0.9166667 0.3333333 0.9166667 0.3541666 0.9166667 0.3541666 1 0.3333333 0 0.3541666 0 0.3541666 0.08333331 0.3333333 0.08333331 0.3541666 0.08333331 0.3541666 0.1666666 0.3333333 0.1666666 0.3541666 0.1666666 0.3541666 0.25 0.3333333 0.25 0.3541666 0.25 0.3541666 0.3333333 0.3333333 0.3333333 0.3541666 0.3333333 0.3541666 0.4166666 0.3333333 0.4166666 0.3541666 0.4166666 0.3541666 0.5 0.3541666 0.5 0.375 0.5 0.375 0.5833333 0.3541666 0.5833333 0.375 0.5833333 0.375 0.6666667 0.3541666 0.6666667 0.375 0.6666667 0.375 0.75 0.3541666 0.75 0.375 0.75 0.375 0.8333333 0.3541666 0.8333333 0.375 0.8333333 0.375 0.9166667 0.3541666 0.9166667 0.375 0.9166667 0.375 1 0.3541666 0 0.375 0 0.375 0.08333331 0.3541666 0.08333331 0.375 0.08333331 0.375 0.1666666 0.3541666 0.1666666 0.375 0.1666666 0.375 0.25 0.3541666 0.25 0.375 0.25 0.375 0.3333333 0.3541666 0.3333333 0.375 0.3333333 0.375 0.4166666 0.3541666 0.4166666 0.375 0.4166666 0.375 0.5 0.375 0.5 0.3958333 0.5 0.3958333 0.5833333 0.375 0.5833333 0.3958333 0.5833333 0.3958333 0.6666667 0.375 0.6666667 0.3958333 0.6666667 0.3958333 0.75 0.375 0.75 0.3958333 0.75 0.3958333 0.8333333 0.375 0.8333333 0.3958333 0.8333333 0.3958333 0.9166667 0.375 0.9166667 0.3958333 0.9166667 0.3958333 1 0.375 0 0.3958333 0 0.3958333 0.08333331 0.375 0.08333331 0.3958333 0.08333331 0.3958333 0.1666666 0.375 0.1666666 0.3958333 0.1666666 0.3958333 0.25 0.375 0.25 0.3958333 0.25 0.3958333 0.3333333 0.375 0.3333333 0.3958333 0.3333333 0.3958333 0.4166666 0.375 0.4166666 0.3958333 0.4166666 0.3958333 0.5 0.3958333 0.5 0.4166666 0.5 0.4166666 0.5833333 0.3958333 0.5833333 0.4166666 0.5833333 0.4166666 0.6666667 0.3958333 0.6666667 0.4166666 0.6666667 0.4166666 0.75 0.3958333 0.75 0.4166666 0.75 0.4166666 0.8333333 0.3958333 0.8333333 0.4166666 0.8333333 0.4166666 0.9166667 0.3958333 0.9166667 0.4166666 0.9166667 0.4166666 1 0.3958333 0 0.4166666 0 0.4166666 0.08333331 0.3958333 0.08333331 0.4166666 0.08333331 0.4166666 0.1666666 0.3958333 0.1666666 0.4166666 0.1666666 0.4166666 0.25 0.3958333 0.25 0.4166666 0.25 0.4166666 0.3333333 0.3958333 0.3333333 0.4166666 0.3333333 0.4166666 0.4166666 0.3958333 0.4166666 0.4166666 0.4166666 0.4166666 0.5 0.4166666 0.5 0.4375 0.5 0.4375 0.5833333 0.4166666 0.5833333 0.4375 0.5833333 0.4375 0.6666667 0.4166666 0.6666667 0.4375 0.6666667 0.4375 0.75 0.4166666 0.75 0.4375 0.75 0.4375 0.8333333 0.4166666 0.8333333 0.4375 0.8333333 0.4375 0.9166667 0.4166666 0.9166667 0.4375 0.9166667 0.4375 1 0.4166666 0 0.4375 0 0.4375 0.08333331 0.4166666 0.08333331 0.4375 0.08333331 0.4375 0.1666666 0.4166666 0.1666666 0.4375 0.1666666 0.4375 0.25 0.4166666 0.25 0.4375 0.25 0.4375 0.3333333 0.4166666 0.3333333 0.4375 0.3333333 0.4375 0.4166666 0.4166666 0.4166666 0.4375 0.4166666 0.4375 0.5 0.4375 0.5 0.4583333 0.5 0.4583333 0.5833333 0.4375 0.5833333 0.4583333 0.5833333 0.4583333 0.6666667 0.4375 0.6666667 0.4583333 0.6666667 0.4583333 0.75 0.4375 0.75 0.4583333 0.75 0.4583333 0.8333333 0.4375 0.8333333 0.4583333 0.8333333 0.4583333 0.9166667 0.4375 0.9166667 0.4583333 0.9166667 0.4583333 1 0.4375 0 0.4583333 0 0.4583333 0.08333331 0.4375 0.08333331 0.4583333 0.08333331 0.4583333 0.1666666 0.4375 0.25 0.4583333 0.25 0.4583333 0.3333333 0.4375 0.3333333 0.4583333 0.3333333 0.4583333 0.4166666 0.4375 0.4166666 0.4583333 0.4166666 0.4583333 0.5 0.4583333 0.5 0.4791666 0.5 0.4791666 0.5833333 0.4583333 0.5833333 0.4791666 0.5833333 0.4791666 0.6666667 0.4583333 0.6666667 0.4791666 0.6666667 0.4791666 0.75 0.4583333 0.75 0.4791666 0.75 0.4791666 0.8333333 0.4583333 0.8333333 0.4791666 0.8333333 0.4791666 0.9166667 0.4583333 0.9166667 0.4791666 0.9166667 0.4791666 1 0.4583333 0 0.4791666 0 0.4791666 0.08333331 0.4583333 0.08333331 0.4791666 0.08333331 0.4791666 0.1666666 0.4583333 0.25 0.4791666 0.25 0.4791666 0.3333333 0.4583333 0.3333333 0.4791666 0.3333333 0.4791666 0.4166666 0.4583333 0.4166666 0.4791666 0.4166666 0.4791666 0.5 0.4791666 0.5 0.5 0.5 0.5 0.5833333 0.4791666 0.5833333 0.5 0.5833333 0.5 0.6666667 0.4791666 0.6666667 0.5 0.6666667 0.5 0.75 0.4791666 0.75 0.5 0.75 0.5 0.8333333 0.4791666 0.8333333 0.5 0.8333333 0.5 0.9166667 0.4791666 0.9166667 0.5 0.9166667 0.5 1 0.4791666 0 0.5 0 0.5 0.08333331 0.4791666 0.08333331 0.5 0.08333331 0.5 0.1666666 0.4791666 0.1666666 0.5 0.1666666 0.5 0.25 0.4791666 0.25 0.5 0.25 0.5 0.3333333 0.4791666 0.3333333 0.5 0.3333333 0.5 0.4166666 0.4791666 0.4166666 0.5 0.4166666 0.5 0.5 0.5833333 0 0.6041667 0 0.6041667 0.08333331 0.6041667 0.5 0.625 0.5 0.625 0.5833333 0.625 0.5 0.6458333 0.5 0.6458333 0.5833333 0.625 0.8333333 0.6458333 0.8333333 0.6458333 0.9166667 0.6458333 0.5 0.6666667 0.5 0.6666667 0.5833333 0.6666667 0.3333333 0.6875 0.3333333 0.6875 0.4166666 0.7083333 0.1666666 0.7291667 0.1666666 0.7291667 0.25 0.7291667 0.1666666 0.75 0.1666666 0.75 0.25 0.7291667 0.4166666 0.75 0.4166666 0.75 0.5 0.75 0.4166666 0.7708333 0.4166666 0.7708333 0.5 0.7708333 0.4166666 0.7916667 0.4166666 0.7916667 0.5 0.7916667 0.4166666 0.8125 0.4166666 0.8125 0.5 0.8125 0.4166666 0.8333333 0.4166666 0.8333333 0.5 0.8541667 0 0.875 0 0.875 0.08333331 0.8541667 0.08333331 0.875 0.08333331 0.875 0.1666666 0.875 0.6666667 0.8958333 0.6666667 0.8958333 0.75 0.875 0 0.8958333 0 0.8958333 0.08333331 0.8958333 0.25 0.9166667 0.25 0.9166667 0.3333333 0.9166667 0.1666666 0.9375 0.1666666 0.9375 0.25 0.9791667 0.75 1 0.75 1 0.8333333 0.9791667 0.25 1 0.25 1 0.3333333 0.9791667 0.3333333 1 0.3333333 1 0.4166666 0 0.5 0.02083331 0.5 0.02083331 0.5833333 0 0.8333333 0.02083331 0.8333333 0.02083331 0.9166667 0 0.25 0.02083331 0.25 0.02083331 0.3333333 0 0.3333333 0.02083331 0.3333333 0.02083331 0.4166666 0 0.4166666 0.02083331 0.4166666 0.02083331 0.5 0.02083331 0.8333333 0.04166662 0.8333333 0.04166662 0.9166667 0.04166662 0.75 0.0625 0.75 0.0625 0.8333333 0.04166662 0.8333333 0.0625 0.8333333 0.0625 0.9166667 0.04166662 0.9166667 0.0625 0.9166667 0.0625 1 0.0625 0.6666667 0.08333331 0.6666667 0.08333331 0.75 0.08333331 0.4166666 0.1041666 0.4166666 0.1041666 0.5 0.1041666 0.75 0.125 0.75 0.125 0.8333333 0.125 0.08333331 0.1458333 0.08333331 0.1458333 0.1666666 0.1666666 0.8333333 0.1875 0.8333333 0.1875 0.9166667 0.2291666 0 0.25 0 0.25 0.08333331 0.2916666 0.75 0.3125 0.75 0.3125 0.8333333 0.4375 0.1666666 0.4583333 0.1666666 0.4583333 0.25 0.4583333 0.1666666 0.4791666 0.1666666 0.4791666 0.25</float_array>
          <technique_common>
            <accessor source="#Cube_003-mesh-map-0-array" count="3564" stride="2">
              <param name="S" type="float"/>
              <param name="T" type="float"/>
            </accessor>
          </technique_common>
        </source>
        <vertices id="Cube_003-mesh-vertices">
          <input semantic="POSITION" source="#Cube_003-mesh-positions"/>
        </vertices>
        <triangles material="Material_018-material" count="1188">
          <input semantic="VERTEX" source="#Cube_003-mesh-vertices" offset="0"/>
          <input semantic="NORMAL" source="#Cube_003-mesh-normals" offset="1"/>
          <input semantic="TEXCOORD" source="#Cube_003-mesh-map-0" offset="2" set="0"/>
          <p>0 0 0 3 0 1 2 0 2 2 1 3 7 1 4 6 1 5 6 2 6 5 2 7 4 2 8 4 3 9 1 3 10 0 3 11 2 4 12 4 4 13 0 4 14 7 5 15 1 5 16 5 5 17 8 6 18 11 6 19 10 6 20 10 7 21 15 7 22 14 7 23 14 8 24 13 8 25 12 8 26 12 9 27 9 9 28 8 9 29 10 10 30 12 10 31 8 10 32 15 11 33 9 11 34 13 11 35 16 12 36 19 12 37 18 12 38 18 13 39 23 13 40 22 13 41 22 14 42 21 14 43 20 14 44 20 15 45 17 15 46 16 15 47 18 16 48 20 16 49 16 16 50 23 17 51 17 17 52 21 17 53 295 18 54 301 18 55 24 18 56 24 19 57 31 19 58 296 19 59 296 20 60 302 20 61 25 20 62 25 21 63 303 21 64 297 21 65 297 22 66 304 22 67 26 22 68 26 23 69 305 23 70 298 23 71 298 24 72 32 24 73 299 24 74 299 25 75 306 25 76 27 25 77 27 26 78 307 26 79 28 26 80 28 27 81 33 27 82 300 27 83 300 28 84 308 28 85 29 28 86 29 29 87 30 29 88 295 29 89 30 30 90 309 30 91 301 30 92 301 31 93 310 31 94 31 31 95 31 32 96 311 32 97 302 32 98 302 33 99 35 33 100 303 33 101 303 34 102 36 34 103 304 34 104 304 35 105 37 35 106 305 35 107 305 36 108 312 36 109 32 36 110 32 37 111 38 37 112 306 37 113 306 38 114 313 38 115 307 38 116 307 39 117 39 39 118 33 39 119 33 40 120 314 40 121 308 40 122 308 41 123 34 41 124 30 41 125 34 42 126 40 42 127 309 42 128 309 43 129 316 43 130 310 43 131 310 44 132 41 44 133 311 44 134 311 45 135 317 45 136 35 45 137 35 46 138 42 46 139 36 46 140 36 47 141 318 47 142 37 47 143 37 48 144 43 48 145 312 48 146 312 49 147 44 49 148 38 49 149 38 50 150 319 50 151 313 50 152 313 51 153 320 51 154 39 51 155 39 52 156 45 52 157 314 52 158 314 53 159 315 53 160 34 53 161 315 54 162 46 54 163 40 54 164 40 55 165 322 55 166 316 55 167 316 56 168 47 56 169 41 56 170 41 57 171 48 57 172 317 57 173 317 58 174 49 58 175 42 58 176 42 59 177 323 59 178 318 59 179 318 60 180 324 60 181 43 60 182 43 61 183 50 61 184 44 61 185 44 62 186 325 62 187 319 62 188 319 63 189 51 63 190 320 63 191 320 64 192 326 64 193 45 64 194 45 65 195 321 65 196 315 65 197 321 66 198 328 66 199 46 66 200 46 67 201 52 67 202 322 67 203 322 68 204 53 68 205 47 68 206 47 69 207 329 69 208 48 69 209 48 70 210 54 70 211 49 70 212 49 71 213 330 71 214 323 71 215 324 72 216 332 72 217 50 72 218 50 73 219 333 73 220 325 73 221 325 74 222 55 74 223 51 74 224 51 75 225 56 75 226 326 75 227 326 76 228 327 76 229 321 76 230 328 77 231 336 77 232 52 77 233 52 78 234 337 78 235 53 78 236 53 79 237 338 79 238 329 79 239 329 80 240 339 80 241 54 80 242 54 81 243 57 81 244 330 81 245 330 82 246 58 82 247 331 82 248 331 83 249 59 83 250 332 83 251 332 84 252 340 84 253 333 84 254 333 85 255 341 85 256 55 85 257 55 86 258 60 86 259 56 86 260 56 87 261 334 87 262 327 87 263 335 88 264 61 88 265 336 88 266 336 89 267 62 89 268 337 89 269 337 90 270 344 90 271 338 90 272 339 91 273 63 91 274 57 91 275 57 92 276 346 92 277 58 92 278 58 93 279 64 93 280 59 93 281 59 94 282 347 94 283 340 94 284 340 95 285 65 95 286 341 95 287 341 96 288 66 96 289 60 96 290 60 97 291 342 97 292 334 97 293 343 98 294 350 98 295 61 98 296 61 99 297 67 99 298 62 99 299 62 100 300 351 100 301 344 100 302 344 101 303 68 101 304 345 101 305 345 102 306 352 102 307 63 102 308 63 103 309 353 103 310 346 103 311 346 104 312 354 104 313 64 104 314 64 105 315 69 105 316 347 105 317 347 106 318 355 106 319 65 106 320 65 107 321 356 107 322 66 107 323 66 108 324 348 108 325 342 108 326 348 109 327 71 109 328 349 109 329 349 110 330 357 110 331 350 110 332 350 111 333 358 111 334 67 111 335 67 112 336 359 112 337 351 112 338 351 113 339 360 113 340 68 113 341 68 114 342 72 114 343 352 114 344 352 115 345 361 115 346 353 115 347 353 116 348 73 116 349 354 116 350 354 117 351 74 117 352 69 117 353 69 118 354 362 118 355 355 118 356 356 119 357 70 119 358 348 119 359 70 120 360 364 120 361 71 120 362 71 121 363 76 121 364 357 121 365 357 122 366 77 122 367 358 122 368 358 123 369 365 123 370 359 123 371 359 124 372 78 124 373 360 124 374 360 125 375 366 125 376 72 125 377 72 126 378 79 126 379 361 126 380 361 127 381 367 127 382 73 127 383 73 128 384 368 128 385 74 128 386 74 129 387 80 129 388 362 129 389 362 130 390 369 130 391 363 130 392 363 131 393 75 131 394 70 131 395 75 132 396 81 132 397 364 132 398 364 133 399 82 133 400 76 133 401 76 134 402 371 134 403 77 134 404 77 135 405 83 135 406 365 135 407 365 136 408 84 136 409 78 136 410 78 137 411 372 137 412 366 137 413 366 138 414 85 138 415 79 138 416 79 139 417 373 139 418 367 139 419 368 140 420 375 140 421 80 140 422 80 141 423 376 141 424 369 141 425 369 142 426 370 142 427 75 142 428 370 143 429 86 143 430 81 143 431 81 144 432 378 144 433 82 144 434 82 145 435 379 145 436 371 145 437 371 146 438 87 146 439 83 146 440 83 147 441 380 147 442 84 147 443 84 148 444 88 148 445 372 148 446 372 149 447 89 149 448 85 149 449 85 150 450 381 150 451 373 150 452 374 151 453 90 151 454 375 151 455 375 152 456 383 152 457 376 152 458 377 153 459 385 153 460 86 153 461 86 154 462 91 154 463 378 154 464 378 155 465 92 155 466 379 155 467 379 156 468 93 156 469 87 156 470 87 157 471 94 157 472 380 157 473 380 158 474 95 158 475 88 158 476 88 159 477 386 159 478 89 159 479 89 160 480 96 160 481 381 160 482 381 161 483 97 161 484 382 161 485 382 162 486 98 162 487 90 162 488 90 163 489 387 163 490 383 163 491 384 164 492 99 164 493 385 164 494 385 165 495 389 165 496 91 165 497 91 166 498 100 166 499 92 166 500 92 167 501 390 167 502 93 167 503 93 168 504 391 168 505 94 168 506 94 169 507 392 169 508 95 169 509 95 170 510 101 170 511 386 170 512 386 171 513 102 171 514 96 171 515 96 172 516 393 172 517 97 172 518 97 173 519 394 173 520 98 173 521 98 174 522 395 174 523 387 174 524 388 175 525 103 175 526 99 175 527 99 176 528 397 176 529 389 176 530 389 177 531 398 177 532 100 177 533 100 178 534 104 178 535 390 178 536 390 179 537 399 179 538 391 179 539 391 180 540 105 180 541 392 180 542 392 181 543 106 181 544 101 181 545 101 182 546 107 182 547 102 182 548 102 183 549 108 183 550 393 183 551 393 184 552 109 184 553 394 184 554 394 185 555 400 185 556 395 185 557 396 186 558 402 186 559 103 186 560 103 187 561 403 187 562 397 187 563 397 188 564 110 188 565 398 188 566 398 189 567 404 189 568 104 189 569 104 190 570 405 190 571 399 190 572 399 191 573 111 191 574 105 191 575 105 192 576 112 192 577 106 192 578 106 193 579 113 193 580 107 193 581 107 194 582 406 194 583 108 194 584 108 195 585 114 195 586 109 195 587 109 196 588 407 196 589 400 196 590 401 197 591 115 197 592 402 197 593 402 198 594 116 198 595 403 198 596 403 199 597 117 199 598 110 199 599 110 200 600 409 200 601 404 200 602 404 201 603 118 201 604 405 201 605 405 202 606 410 202 607 111 202 608 111 203 609 411 203 610 112 203 611 112 204 612 412 204 613 113 204 614 113 205 615 413 205 616 406 205 617 406 206 618 414 206 619 114 206 620 114 207 621 119 207 622 407 207 623 407 208 624 408 208 625 401 208 626 408 209 627 121 209 628 115 209 629 115 210 630 415 210 631 116 210 632 116 211 633 416 211 634 117 211 635 117 212 636 122 212 637 409 212 638 409 213 639 123 213 640 118 213 641 118 214 642 417 214 643 410 214 644 412 215 645 124 215 646 413 215 647 413 216 648 125 216 649 414 216 650 414 217 651 126 217 652 119 217 653 119 218 654 120 218 655 408 218 656 120 219 657 420 219 658 121 219 659 121 220 660 421 220 661 415 220 662 416 221 663 423 221 664 122 221 665 122 222 666 128 222 667 123 222 668 123 223 669 424 223 670 417 223 671 418 224 672 129 224 673 419 224 674 419 225 675 426 225 676 124 225 677 124 226 678 427 226 679 125 226 680 125 227 681 130 227 682 126 227 683 126 228 684 127 228 685 120 228 686 127 229 687 131 229 688 420 229 689 420 230 690 429 230 691 421 230 692 421 231 693 132 231 694 422 231 695 422 232 696 133 232 697 423 232 698 423 233 699 134 233 700 128 233 701 128 234 702 430 234 703 424 234 704 424 235 705 135 235 706 425 235 707 425 236 708 431 236 709 129 236 710 129 237 711 432 237 712 426 237 713 427 238 714 434 238 715 130 238 716 130 239 717 428 239 718 127 239 719 428 240 720 435 240 721 131 240 722 131 241 723 436 241 724 429 241 725 429 242 726 137 242 727 132 242 728 132 243 729 138 243 730 133 243 731 133 244 732 139 244 733 134 244 734 134 245 735 140 245 736 430 245 737 430 246 738 141 246 739 135 246 740 135 247 741 437 247 742 431 247 743 432 248 744 142 248 745 433 248 746 433 249 747 143 249 748 434 249 749 434 250 750 136 250 751 428 250 752 136 251 753 439 251 754 435 251 755 435 252 756 145 252 757 436 252 758 436 253 759 146 253 760 137 253 761 137 254 762 440 254 763 138 254 764 138 255 765 147 255 766 139 255 767 139 256 768 148 256 769 140 256 770 140 257 771 149 257 772 141 257 773 141 258 774 150 258 775 437 258 776 437 259 777 441 259 778 438 259 779 438 260 780 151 260 781 142 260 782 142 261 783 152 261 784 143 261 785 143 262 786 144 262 787 136 262 788 144 263 789 154 263 790 439 263 791 439 264 792 155 264 793 145 264 794 145 265 795 442 265 796 146 265 797 146 266 798 443 266 799 440 266 800 440 267 801 156 267 802 147 267 803 147 268 804 157 268 805 148 268 806 148 269 807 158 269 808 149 269 809 149 270 810 159 270 811 150 270 812 150 271 813 444 271 814 441 271 815 441 272 816 445 272 817 151 272 818 151 273 819 446 273 820 152 273 821 152 274 822 153 274 823 144 274 824 153 275 825 448 275 826 154 275 827 154 276 828 160 276 829 155 276 830 155 277 831 449 277 832 442 277 833 443 278 834 451 278 835 156 278 836 156 279 837 452 279 838 157 279 839 157 280 840 161 280 841 158 280 842 158 281 843 162 281 844 159 281 845 159 282 846 453 282 847 444 282 848 446 283 849 447 283 850 153 283 851 448 284 852 458 284 853 160 284 854 160 285 855 163 285 856 449 285 857 449 286 858 459 286 859 450 286 860 451 287 861 164 287 862 452 287 863 452 288 864 461 288 865 161 288 866 161 289 867 165 289 868 162 289 869 162 290 870 462 290 871 453 290 872 456 291 873 167 291 874 457 291 875 457 292 876 168 292 877 458 292 878 458 293 879 465 293 880 163 293 881 163 294 882 466 294 883 459 294 884 460 295 885 468 295 886 164 295 887 164 296 888 169 296 889 461 296 890 461 297 891 469 297 892 165 297 893 165 298 894 170 298 895 462 298 896 462 299 897 171 299 898 463 299 899 463 300 900 172 300 901 464 300 902 464 301 903 166 301 904 456 301 905 166 302 906 173 302 907 167 302 908 167 303 909 471 303 910 168 303 911 168 304 912 472 304 913 465 304 914 468 305 915 476 305 916 169 305 917 169 306 918 174 306 919 469 306 920 469 307 921 175 307 922 170 307 923 170 308 924 477 308 925 171 308 926 171 309 927 176 309 928 172 309 929 172 310 930 470 310 931 166 310 932 470 311 933 177 311 934 173 311 935 173 312 936 479 312 937 471 312 938 472 313 939 178 313 940 473 313 941 473 314 942 481 314 943 474 314 944 474 315 945 179 315 946 475 315 947 475 316 948 180 316 949 476 316 950 476 317 951 482 317 952 174 317 953 174 318 954 483 318 955 175 318 956 175 319 957 484 319 958 477 319 959 477 320 960 485 320 961 176 320 962 176 321 963 478 321 964 470 321 965 478 322 966 181 322 967 177 322 968 177 323 969 182 323 970 479 323 971 479 324 972 487 324 973 480 324 974 480 325 975 488 325 976 178 325 977 178 326 978 489 326 979 481 326 980 481 327 981 183 327 982 179 327 983 179 328 984 184 328 985 180 328 986 180 329 987 185 329 988 482 329 989 482 330 990 186 330 991 483 330 992 483 331 993 187 331 994 484 331 995 484 332 996 490 332 997 485 332 998 486 333 999 492 333 1000 181 333 1001 181 334 1002 493 334 1003 182 334 1004 182 335 1005 494 335 1006 487 335 1007 488 336 1008 188 336 1009 489 336 1010 489 337 1011 189 337 1012 183 337 1013 183 338 1014 496 338 1015 184 338 1016 184 339 1017 497 339 1018 185 339 1019 185 340 1020 190 340 1021 186 340 1022 186 341 1023 191 341 1024 187 341 1025 187 342 1026 192 342 1027 490 342 1028 490 343 1029 491 343 1030 486 343 1031 491 344 1032 498 344 1033 492 344 1034 492 345 1035 194 345 1036 493 345 1037 493 346 1038 195 346 1039 494 346 1040 494 347 1041 196 347 1042 495 347 1043 495 348 1044 499 348 1045 188 348 1046 188 349 1047 197 349 1048 189 349 1049 189 350 1050 500 350 1051 496 350 1052 497 351 1053 198 351 1054 190 351 1055 190 352 1056 502 352 1057 191 352 1058 191 353 1059 199 353 1060 192 353 1061 192 354 1062 193 354 1063 491 354 1064 193 355 1065 200 355 1066 498 355 1067 498 356 1068 504 356 1069 194 356 1070 194 357 1071 505 357 1072 195 357 1073 195 358 1074 506 358 1075 196 358 1076 196 359 1077 507 359 1078 499 359 1079 499 360 1080 201 360 1081 197 360 1082 197 361 1083 202 361 1084 500 361 1085 500 362 1086 203 362 1087 501 362 1088 501 363 1089 204 363 1090 198 363 1091 198 364 1092 508 364 1093 502 364 1094 502 365 1095 509 365 1096 199 365 1097 199 366 1098 503 366 1099 193 366 1100 503 367 1101 510 367 1102 200 367 1103 200 368 1104 206 368 1105 504 368 1106 504 369 1107 207 369 1108 505 369 1109 505 370 1110 511 370 1111 506 370 1112 507 371 1113 513 371 1114 201 371 1115 201 372 1116 514 372 1117 202 372 1118 202 373 1119 515 373 1120 203 373 1121 203 374 1122 516 374 1123 204 374 1124 204 375 1125 208 375 1126 508 375 1127 508 376 1128 517 376 1129 509 376 1130 509 377 1131 205 377 1132 503 377 1133 205 378 1134 209 378 1135 510 378 1136 510 379 1137 519 379 1138 206 379 1139 206 380 1140 520 380 1141 207 380 1142 207 381 1143 210 381 1144 511 381 1145 511 382 1146 211 382 1147 512 382 1148 512 383 1149 212 383 1150 513 383 1151 513 384 1152 213 384 1153 514 384 1154 514 385 1155 214 385 1156 515 385 1157 515 386 1158 215 386 1159 516 386 1160 516 387 1161 216 387 1162 208 387 1163 208 388 1164 217 388 1165 517 388 1166 517 389 1167 518 389 1168 205 389 1169 518 390 1170 522 390 1171 209 390 1172 209 391 1173 218 391 1174 519 391 1175 519 392 1176 523 392 1177 520 392 1178 520 393 1179 219 393 1180 210 393 1181 210 394 1182 220 394 1183 211 394 1184 211 395 1185 524 395 1186 212 395 1187 212 396 1188 525 396 1189 213 396 1190 213 397 1191 526 397 1192 214 397 1193 214 398 1194 221 398 1195 215 398 1196 215 399 1197 222 399 1198 216 399 1199 216 400 1200 527 400 1201 217 400 1202 217 401 1203 521 401 1204 518 401 1205 521 402 1206 223 402 1207 522 402 1208 522 403 1209 529 403 1210 218 403 1211 218 404 1212 224 404 1213 523 404 1214 523 405 1215 225 405 1216 219 405 1217 219 406 1218 226 406 1219 220 406 1220 220 407 1221 530 407 1222 524 407 1223 525 408 1224 227 408 1225 526 408 1226 526 409 1227 532 409 1228 221 409 1229 221 410 1230 533 410 1231 222 410 1232 222 411 1233 228 411 1234 527 411 1235 527 412 1236 528 412 1237 521 412 1238 528 413 1239 230 413 1240 223 413 1241 223 414 1242 231 414 1243 529 414 1244 529 415 1245 232 415 1246 224 415 1247 224 416 1248 233 416 1249 225 416 1250 225 417 1251 234 417 1252 226 417 1253 226 418 1254 534 418 1255 530 418 1256 530 419 1257 235 419 1258 531 419 1259 531 420 1260 535 420 1261 227 420 1262 227 421 1263 536 421 1264 532 421 1265 532 422 1266 236 422 1267 533 422 1268 533 423 1269 537 423 1270 228 423 1271 228 424 1272 229 424 1273 528 424 1274 229 425 1275 538 425 1276 230 425 1277 230 426 1278 238 426 1279 231 426 1280 231 427 1281 539 427 1282 232 427 1283 232 428 1284 540 428 1285 233 428 1286 233 429 1287 239 429 1288 234 429 1289 234 430 1290 240 430 1291 534 430 1292 534 431 1293 541 431 1294 235 431 1295 235 432 1296 542 432 1297 535 432 1298 535 433 1299 241 433 1300 536 433 1301 536 434 1302 543 434 1303 236 434 1304 236 435 1305 544 435 1306 537 435 1307 537 436 1308 237 436 1309 229 436 1310 237 437 1311 243 437 1312 538 437 1313 538 438 1314 545 438 1315 238 438 1316 238 439 1317 546 439 1318 539 439 1319 540 440 1320 548 440 1321 239 440 1322 239 441 1323 244 441 1324 240 441 1325 240 442 1326 549 442 1327 541 442 1328 541 443 1329 245 443 1330 542 443 1331 542 444 1332 550 444 1333 241 444 1334 241 445 1335 246 445 1336 543 445 1337 543 446 1338 551 446 1339 544 446 1340 544 447 1341 242 447 1342 237 447 1343 242 448 1344 247 448 1345 243 448 1346 243 449 1347 553 449 1348 545 449 1349 545 450 1350 248 450 1351 546 450 1352 546 451 1353 554 451 1354 547 451 1355 547 452 1356 249 452 1357 548 452 1358 548 453 1359 555 453 1360 244 453 1361 244 454 1362 556 454 1363 549 454 1364 549 455 1365 250 455 1366 245 455 1367 245 456 1368 557 456 1369 550 456 1370 550 457 1371 251 457 1372 246 457 1373 246 458 1374 558 458 1375 551 458 1376 551 459 1377 552 459 1378 242 459 1379 552 460 1380 560 460 1381 247 460 1382 247 461 1383 561 461 1384 553 461 1385 553 462 1386 562 462 1387 248 462 1388 248 463 1389 563 463 1390 554 463 1391 554 464 1392 564 464 1393 249 464 1394 249 465 1395 252 465 1396 555 465 1397 555 466 1398 253 466 1399 556 466 1400 556 467 1401 565 467 1402 250 467 1403 250 468 1404 566 468 1405 557 468 1406 557 469 1407 254 469 1408 251 469 1409 251 470 1410 255 470 1411 558 470 1412 558 471 1413 559 471 1414 552 471 1415 559 472 1416 567 472 1417 560 472 1418 560 473 1419 257 473 1420 561 473 1421 561 474 1422 258 474 1423 562 474 1424 562 475 1425 259 475 1426 563 475 1427 563 476 1428 568 476 1429 564 476 1430 564 477 1431 569 477 1432 252 477 1433 252 478 1434 570 478 1435 253 478 1436 253 479 1437 260 479 1438 565 479 1439 565 480 1440 261 480 1441 566 480 1442 566 481 1443 571 481 1444 254 481 1445 254 482 1446 572 482 1447 255 482 1448 255 483 1449 256 483 1450 559 483 1451 256 484 1452 574 484 1453 567 484 1454 567 485 1455 575 485 1456 257 485 1457 257 486 1458 262 486 1459 258 486 1460 258 487 1461 263 487 1462 259 487 1463 259 488 1464 576 488 1465 568 488 1466 568 489 1467 264 489 1468 569 489 1469 569 490 1470 265 490 1471 570 490 1472 570 491 1473 266 491 1474 260 491 1475 260 492 1476 267 492 1477 261 492 1478 261 493 1479 268 493 1480 571 493 1481 571 494 1482 577 494 1483 572 494 1484 572 495 1485 573 495 1486 256 495 1487 573 496 1488 578 496 1489 574 496 1490 574 497 1491 270 497 1492 575 497 1493 575 498 1494 579 498 1495 262 498 1496 262 499 1497 580 499 1498 263 499 1499 263 500 1500 581 500 1501 576 500 1502 576 501 1503 271 501 1504 264 501 1505 264 502 1506 582 502 1507 265 502 1508 265 503 1509 272 503 1510 266 503 1511 266 504 1512 583 504 1513 267 504 1514 267 505 1515 273 505 1516 268 505 1517 268 506 1518 274 506 1519 577 506 1520 577 507 1521 269 507 1522 573 507 1523 269 508 1524 275 508 1525 578 508 1526 578 509 1527 276 509 1528 270 509 1529 270 510 1530 277 510 1531 579 510 1532 579 511 1533 278 511 1534 580 511 1535 580 512 1536 585 512 1537 581 512 1538 581 513 1539 279 513 1540 271 513 1541 271 514 1542 280 514 1543 582 514 1544 582 515 1545 586 515 1546 272 515 1547 272 516 1548 587 516 1549 583 516 1550 583 517 1551 281 517 1552 273 517 1553 273 518 1554 282 518 1555 274 518 1556 274 519 1557 584 519 1558 269 519 1559 584 520 1560 284 520 1561 275 520 1562 275 521 1563 285 521 1564 276 521 1565 276 522 1566 286 522 1567 277 522 1568 277 523 1569 287 523 1570 278 523 1571 278 524 1572 588 524 1573 585 524 1574 585 525 1575 589 525 1576 279 525 1577 279 526 1578 288 526 1579 280 526 1580 280 527 1581 590 527 1582 586 527 1583 587 528 1584 592 528 1585 281 528 1586 281 529 1587 593 529 1588 282 529 1589 282 530 1590 283 530 1591 584 530 1592 283 531 1593 289 531 1594 284 531 1595 284 532 1596 290 532 1597 285 532 1598 285 533 1599 595 533 1600 286 533 1601 286 534 1602 291 534 1603 287 534 1604 287 535 1605 596 535 1606 588 535 1607 588 536 1608 292 536 1609 589 536 1610 589 537 1611 293 537 1612 288 537 1613 288 538 1614 597 538 1615 590 538 1616 591 539 1617 294 539 1618 592 539 1619 592 540 1620 599 540 1621 593 540 1622 593 541 1623 594 541 1624 283 541 1625 594 542 1626 24 542 1627 289 542 1628 289 543 1629 296 543 1630 290 543 1631 290 544 1632 25 544 1633 595 544 1634 595 545 1635 297 545 1636 291 545 1637 291 546 1638 26 546 1639 596 546 1640 596 547 1641 298 547 1642 292 547 1643 292 548 1644 299 548 1645 293 548 1646 293 549 1647 27 549 1648 597 549 1649 597 550 1650 28 550 1651 598 550 1652 598 551 1653 300 551 1654 294 551 1655 294 552 1656 29 552 1657 599 552 1658 599 553 1659 295 553 1660 594 553 1661 323 554 1662 331 554 1663 324 554 1664 327 555 1665 335 555 1666 328 555 1667 334 556 1668 343 556 1669 335 556 1670 338 557 1671 345 557 1672 339 557 1673 342 558 1674 349 558 1675 343 558 1676 355 559 1677 363 559 1678 356 559 1679 367 560 1680 374 560 1681 368 560 1682 373 561 1683 382 561 1684 374 561 1685 376 562 1686 377 562 1687 370 562 1688 383 563 1689 384 563 1690 377 563 1691 387 564 1692 388 564 1693 384 564 1694 395 565 1695 396 565 1696 388 565 1697 400 566 1698 401 566 1699 396 566 1700 410 567 1701 418 567 1702 411 567 1703 411 568 1704 419 568 1705 412 568 1706 415 569 1707 422 569 1708 416 569 1709 417 570 1710 425 570 1711 418 570 1712 426 571 1713 433 571 1714 427 571 1715 431 572 1716 438 572 1717 432 572 1718 442 573 1719 450 573 1720 443 573 1721 444 574 1722 454 574 1723 445 574 1724 445 575 1725 455 575 1726 446 575 1727 447 576 1728 457 576 1729 448 576 1730 450 577 1731 460 577 1732 451 577 1733 453 578 1734 463 578 1735 454 578 1736 454 579 1737 464 579 1738 455 579 1739 455 580 1740 456 580 1741 447 580 1742 459 581 1743 467 581 1744 460 581 1745 465 582 1746 473 582 1747 466 582 1748 466 583 1749 474 583 1750 467 583 1751 467 584 1752 475 584 1753 468 584 1754 471 585 1755 480 585 1756 472 585 1757 485 586 1758 486 586 1759 478 586 1760 487 587 1761 495 587 1762 488 587 1763 496 588 1764 501 588 1765 497 588 1766 506 589 1767 512 589 1768 507 589 1769 524 590 1770 531 590 1771 525 590 1772 539 591 1773 547 591 1774 540 591 1775 586 592 1776 591 592 1777 587 592 1778 590 593 1779 598 593 1780 591 593 1781 0 594 1782 1 594 1783 3 594 1784 2 595 1785 3 595 1786 7 595 1787 6 596 1788 7 596 1789 5 596 1790 4 597 1791 5 597 1792 1 597 1793 2 598 1794 6 598 1795 4 598 1796 7 599 1797 3 599 1798 1 599 1799 8 600 1800 9 600 1801 11 600 1802 10 601 1803 11 601 1804 15 601 1805 14 602 1806 15 602 1807 13 602 1808 12 603 1809 13 603 1810 9 603 1811 10 604 1812 14 604 1813 12 604 1814 15 605 1815 11 605 1816 9 605 1817 16 606 1818 17 606 1819 19 606 1820 18 607 1821 19 607 1822 23 607 1823 22 608 1824 23 608 1825 21 608 1826 20 609 1827 21 609 1828 17 609 1829 18 610 1830 22 610 1831 20 610 1832 23 611 1833 19 611 1834 17 611 1835 295 612 1836 30 612 1837 301 612 1838 24 613 1839 301 613 1840 31 613 1841 296 614 1842 31 614 1843 302 614 1844 25 615 1845 302 615 1846 303 615 1847 297 616 1848 303 616 1849 304 616 1850 26 617 1851 304 617 1852 305 617 1853 298 618 1854 305 618 1855 32 618 1856 299 619 1857 32 619 1858 306 619 1859 27 620 1860 306 620 1861 307 620 1862 28 621 1863 307 621 1864 33 621 1865 300 622 1866 33 622 1867 308 622 1868 29 623 1869 308 623 1870 30 623 1871 30 624 1872 34 624 1873 309 624 1874 301 625 1875 309 625 1876 310 625 1877 31 626 1878 310 626 1879 311 626 1880 302 627 1881 311 627 1882 35 627 1883 303 628 1884 35 628 1885 36 628 1886 304 629 1887 36 629 1888 37 629 1889 305 630 1890 37 630 1891 312 630 1892 32 631 1893 312 631 1894 38 631 1895 306 632 1896 38 632 1897 313 632 1898 307 633 1899 313 633 1900 39 633 1901 33 634 1902 39 634 1903 314 634 1904 308 635 1905 314 635 1906 34 635 1907 34 636 1908 315 636 1909 40 636 1910 309 637 1911 40 637 1912 316 637 1913 310 638 1914 316 638 1915 41 638 1916 311 639 1917 41 639 1918 317 639 1919 35 640 1920 317 640 1921 42 640 1922 36 641 1923 42 641 1924 318 641 1925 37 642 1926 318 642 1927 43 642 1928 312 643 1929 43 643 1930 44 643 1931 38 644 1932 44 644 1933 319 644 1934 313 645 1935 319 645 1936 320 645 1937 39 646 1938 320 646 1939 45 646 1940 314 647 1941 45 647 1942 315 647 1943 315 648 1944 321 648 1945 46 648 1946 40 649 1947 46 649 1948 322 649 1949 316 650 1950 322 650 1951 47 650 1952 41 651 1953 47 651 1954 48 651 1955 317 652 1956 48 652 1957 49 652 1958 42 653 1959 49 653 1960 323 653 1961 318 654 1962 323 654 1963 324 654 1964 43 655 1965 324 655 1966 50 655 1967 44 656 1968 50 656 1969 325 656 1970 319 657 1971 325 657 1972 51 657 1973 320 658 1974 51 658 1975 326 658 1976 45 659 1977 326 659 1978 321 659 1979 321 660 1980 327 660 1981 328 660 1982 46 661 1983 328 661 1984 52 661 1985 322 662 1986 52 662 1987 53 662 1988 47 663 1989 53 663 1990 329 663 1991 48 664 1992 329 664 1993 54 664 1994 49 665 1995 54 665 1996 330 665 1997 324 666 1998 331 666 1999 332 666 2000 50 667 2001 332 667 2002 333 667 2003 325 668 2004 333 668 2005 55 668 2006 51 669 2007 55 669 2008 56 669 2009 326 670 2010 56 670 2011 327 670 2012 328 671 2013 335 671 2014 336 671 2015 52 672 2016 336 672 2017 337 672 2018 53 673 2019 337 673 2020 338 673 2021 329 674 2022 338 674 2023 339 674 2024 54 675 2025 339 675 2026 57 675 2027 330 676 2028 57 676 2029 58 676 2030 331 677 2031 58 677 2032 59 677 2033 332 678 2034 59 678 2035 340 678 2036 333 679 2037 340 679 2038 341 679 2039 55 680 2040 341 680 2041 60 680 2042 56 681 2043 60 681 2044 334 681 2045 335 682 2046 343 682 2047 61 682 2048 336 683 2049 61 683 2050 62 683 2051 337 684 2052 62 684 2053 344 684 2054 339 685 2055 345 685 2056 63 685 2057 57 686 2058 63 686 2059 346 686 2060 58 687 2061 346 687 2062 64 687 2063 59 688 2064 64 688 2065 347 688 2066 340 689 2067 347 689 2068 65 689 2069 341 690 2070 65 690 2071 66 690 2072 60 691 2073 66 691 2074 342 691 2075 343 692 2076 349 692 2077 350 692 2078 61 693 2079 350 693 2080 67 693 2081 62 694 2082 67 694 2083 351 694 2084 344 695 2085 351 695 2086 68 695 2087 345 696 2088 68 696 2089 352 696 2090 63 697 2091 352 697 2092 353 697 2093 346 698 2094 353 698 2095 354 698 2096 64 699 2097 354 699 2098 69 699 2099 347 700 2100 69 700 2101 355 700 2102 65 701 2103 355 701 2104 356 701 2105 66 702 2106 356 702 2107 348 702 2108 348 703 2109 70 703 2110 71 703 2111 349 704 2112 71 704 2113 357 704 2114 350 705 2115 357 705 2116 358 705 2117 67 706 2118 358 706 2119 359 706 2120 351 707 2121 359 707 2122 360 707 2123 68 708 2124 360 708 2125 72 708 2126 352 709 2127 72 709 2128 361 709 2129 353 710 2130 361 710 2131 73 710 2132 354 711 2133 73 711 2134 74 711 2135 69 712 2136 74 712 2137 362 712 2138 356 713 2139 363 713 2140 70 713 2141 70 714 2142 75 714 2143 364 714 2144 71 715 2145 364 715 2146 76 715 2147 357 716 2148 76 716 2149 77 716 2150 358 717 2151 77 717 2152 365 717 2153 359 718 2154 365 718 2155 78 718 2156 360 719 2157 78 719 2158 366 719 2159 72 720 2160 366 720 2161 79 720 2162 361 721 2163 79 721 2164 367 721 2165 73 722 2166 367 722 2167 368 722 2168 74 723 2169 368 723 2170 80 723 2171 362 724 2172 80 724 2173 369 724 2174 363 725 2175 369 725 2176 75 725 2177 75 726 2178 370 726 2179 81 726 2180 364 727 2181 81 727 2182 82 727 2183 76 728 2184 82 728 2185 371 728 2186 77 729 2187 371 729 2188 83 729 2189 365 730 2190 83 730 2191 84 730 2192 78 731 2193 84 731 2194 372 731 2195 366 732 2196 372 732 2197 85 732 2198 79 733 2199 85 733 2200 373 733 2201 368 734 2202 374 734 2203 375 734 2204 80 735 2205 375 735 2206 376 735 2207 369 736 2208 376 736 2209 370 736 2210 370 737 2211 377 737 2212 86 737 2213 81 738 2214 86 738 2215 378 738 2216 82 739 2217 378 739 2218 379 739 2219 371 740 2220 379 740 2221 87 740 2222 83 741 2223 87 741 2224 380 741 2225 84 742 2226 380 742 2227 88 742 2228 372 743 2229 88 743 2230 89 743 2231 85 744 2232 89 744 2233 381 744 2234 374 745 2235 382 745 2236 90 745 2237 375 746 2238 90 746 2239 383 746 2240 377 747 2241 384 747 2242 385 747 2243 86 748 2244 385 748 2245 91 748 2246 378 749 2247 91 749 2248 92 749 2249 379 750 2250 92 750 2251 93 750 2252 87 751 2253 93 751 2254 94 751 2255 380 752 2256 94 752 2257 95 752 2258 88 753 2259 95 753 2260 386 753 2261 89 754 2262 386 754 2263 96 754 2264 381 755 2265 96 755 2266 97 755 2267 382 756 2268 97 756 2269 98 756 2270 90 757 2271 98 757 2272 387 757 2273 384 758 2274 388 758 2275 99 758 2276 385 759 2277 99 759 2278 389 759 2279 91 760 2280 389 760 2281 100 760 2282 92 761 2283 100 761 2284 390 761 2285 93 762 2286 390 762 2287 391 762 2288 94 763 2289 391 763 2290 392 763 2291 95 764 2292 392 764 2293 101 764 2294 386 765 2295 101 765 2296 102 765 2297 96 766 2298 102 766 2299 393 766 2300 97 767 2301 393 767 2302 394 767 2303 98 768 2304 394 768 2305 395 768 2306 388 769 2307 396 769 2308 103 769 2309 99 770 2310 103 770 2311 397 770 2312 389 771 2313 397 771 2314 398 771 2315 100 772 2316 398 772 2317 104 772 2318 390 773 2319 104 773 2320 399 773 2321 391 774 2322 399 774 2323 105 774 2324 392 775 2325 105 775 2326 106 775 2327 101 776 2328 106 776 2329 107 776 2330 102 777 2331 107 777 2332 108 777 2333 393 778 2334 108 778 2335 109 778 2336 394 779 2337 109 779 2338 400 779 2339 396 780 2340 401 780 2341 402 780 2342 103 781 2343 402 781 2344 403 781 2345 397 782 2346 403 782 2347 110 782 2348 398 783 2349 110 783 2350 404 783 2351 104 784 2352 404 784 2353 405 784 2354 399 785 2355 405 785 2356 111 785 2357 105 786 2358 111 786 2359 112 786 2360 106 787 2361 112 787 2362 113 787 2363 107 788 2364 113 788 2365 406 788 2366 108 789 2367 406 789 2368 114 789 2369 109 790 2370 114 790 2371 407 790 2372 401 791 2373 408 791 2374 115 791 2375 402 792 2376 115 792 2377 116 792 2378 403 793 2379 116 793 2380 117 793 2381 110 794 2382 117 794 2383 409 794 2384 404 795 2385 409 795 2386 118 795 2387 405 796 2388 118 796 2389 410 796 2390 111 797 2391 410 797 2392 411 797 2393 112 798 2394 411 798 2395 412 798 2396 113 799 2397 412 799 2398 413 799 2399 406 800 2400 413 800 2401 414 800 2402 114 801 2403 414 801 2404 119 801 2405 407 802 2406 119 802 2407 408 802 2408 408 803 2409 120 803 2410 121 803 2411 115 804 2412 121 804 2413 415 804 2414 116 805 2415 415 805 2416 416 805 2417 117 806 2418 416 806 2419 122 806 2420 409 807 2421 122 807 2422 123 807 2423 118 808 2424 123 808 2425 417 808 2426 412 809 2427 419 809 2428 124 809 2429 413 810 2430 124 810 2431 125 810 2432 414 811 2433 125 811 2434 126 811 2435 119 812 2436 126 812 2437 120 812 2438 120 813 2439 127 813 2440 420 813 2441 121 814 2442 420 814 2443 421 814 2444 416 815 2445 422 815 2446 423 815 2447 122 816 2448 423 816 2449 128 816 2450 123 817 2451 128 817 2452 424 817 2453 418 818 2454 425 818 2455 129 818 2456 419 819 2457 129 819 2458 426 819 2459 124 820 2460 426 820 2461 427 820 2462 125 821 2463 427 821 2464 130 821 2465 126 822 2466 130 822 2467 127 822 2468 127 823 2469 428 823 2470 131 823 2471 420 824 2472 131 824 2473 429 824 2474 421 825 2475 429 825 2476 132 825 2477 422 826 2478 132 826 2479 133 826 2480 423 827 2481 133 827 2482 134 827 2483 128 828 2484 134 828 2485 430 828 2486 424 829 2487 430 829 2488 135 829 2489 425 830 2490 135 830 2491 431 830 2492 129 831 2493 431 831 2494 432 831 2495 427 832 2496 433 832 2497 434 832 2498 130 833 2499 434 833 2500 428 833 2501 428 834 2502 136 834 2503 435 834 2504 131 835 2505 435 835 2506 436 835 2507 429 836 2508 436 836 2509 137 836 2510 132 837 2511 137 837 2512 138 837 2513 133 838 2514 138 838 2515 139 838 2516 134 839 2517 139 839 2518 140 839 2519 430 840 2520 140 840 2521 141 840 2522 135 841 2523 141 841 2524 437 841 2525 432 842 2526 438 842 2527 142 842 2528 433 843 2529 142 843 2530 143 843 2531 434 844 2532 143 844 2533 136 844 2534 136 845 2535 144 845 2536 439 845 2537 435 846 2538 439 846 2539 145 846 2540 436 847 2541 145 847 2542 146 847 2543 137 848 2544 146 848 2545 440 848 2546 138 849 2547 440 849 2548 147 849 2549 139 850 2550 147 850 2551 148 850 2552 140 851 2553 148 851 2554 149 851 2555 141 852 2556 149 852 2557 150 852 2558 437 853 2559 150 853 2560 441 853 2561 438 854 2562 441 854 2563 151 854 2564 142 855 2565 151 855 2566 152 855 2567 143 856 2568 152 856 2569 144 856 2570 144 857 2571 153 857 2572 154 857 2573 439 858 2574 154 858 2575 155 858 2576 145 859 2577 155 859 2578 442 859 2579 146 860 2580 442 860 2581 443 860 2582 440 861 2583 443 861 2584 156 861 2585 147 862 2586 156 862 2587 157 862 2588 148 863 2589 157 863 2590 158 863 2591 149 864 2592 158 864 2593 159 864 2594 150 865 2595 159 865 2596 444 865 2597 441 866 2598 444 866 2599 445 866 2600 151 867 2601 445 867 2602 446 867 2603 152 868 2604 446 868 2605 153 868 2606 153 869 2607 447 869 2608 448 869 2609 154 870 2610 448 870 2611 160 870 2612 155 871 2613 160 871 2614 449 871 2615 443 872 2616 450 872 2617 451 872 2618 156 873 2619 451 873 2620 452 873 2621 157 874 2622 452 874 2623 161 874 2624 158 875 2625 161 875 2626 162 875 2627 159 876 2628 162 876 2629 453 876 2630 446 877 2631 455 877 2632 447 877 2633 448 878 2634 457 878 2635 458 878 2636 160 879 2637 458 879 2638 163 879 2639 449 880 2640 163 880 2641 459 880 2642 451 881 2643 460 881 2644 164 881 2645 452 882 2646 164 882 2647 461 882 2648 161 883 2649 461 883 2650 165 883 2651 162 884 2652 165 884 2653 462 884 2654 456 885 2655 166 885 2656 167 885 2657 457 886 2658 167 886 2659 168 886 2660 458 887 2661 168 887 2662 465 887 2663 163 888 2664 465 888 2665 466 888 2666 460 889 2667 467 889 2668 468 889 2669 164 890 2670 468 890 2671 169 890 2672 461 891 2673 169 891 2674 469 891 2675 165 892 2676 469 892 2677 170 892 2678 462 893 2679 170 893 2680 171 893 2681 463 894 2682 171 894 2683 172 894 2684 464 895 2685 172 895 2686 166 895 2687 166 896 2688 470 896 2689 173 896 2690 167 897 2691 173 897 2692 471 897 2693 168 898 2694 471 898 2695 472 898 2696 468 899 2697 475 899 2698 476 899 2699 169 900 2700 476 900 2701 174 900 2702 469 901 2703 174 901 2704 175 901 2705 170 902 2706 175 902 2707 477 902 2708 171 903 2709 477 903 2710 176 903 2711 172 904 2712 176 904 2713 470 904 2714 470 905 2715 478 905 2716 177 905 2717 173 906 2718 177 906 2719 479 906 2720 472 907 2721 480 907 2722 178 907 2723 473 908 2724 178 908 2725 481 908 2726 474 909 2727 481 909 2728 179 909 2729 475 910 2730 179 910 2731 180 910 2732 476 911 2733 180 911 2734 482 911 2735 174 912 2736 482 912 2737 483 912 2738 175 913 2739 483 913 2740 484 913 2741 477 914 2742 484 914 2743 485 914 2744 176 915 2745 485 915 2746 478 915 2747 478 916 2748 486 916 2749 181 916 2750 177 917 2751 181 917 2752 182 917 2753 479 918 2754 182 918 2755 487 918 2756 480 919 2757 487 919 2758 488 919 2759 178 920 2760 488 920 2761 489 920 2762 481 921 2763 489 921 2764 183 921 2765 179 922 2766 183 922 2767 184 922 2768 180 923 2769 184 923 2770 185 923 2771 482 924 2772 185 924 2773 186 924 2774 483 925 2775 186 925 2776 187 925 2777 484 926 2778 187 926 2779 490 926 2780 486 927 2781 491 927 2782 492 927 2783 181 928 2784 492 928 2785 493 928 2786 182 929 2787 493 929 2788 494 929 2789 488 930 2790 495 930 2791 188 930 2792 489 931 2793 188 931 2794 189 931 2795 183 932 2796 189 932 2797 496 932 2798 184 933 2799 496 933 2800 497 933 2801 185 934 2802 497 934 2803 190 934 2804 186 935 2805 190 935 2806 191 935 2807 187 936 2808 191 936 2809 192 936 2810 490 937 2811 192 937 2812 491 937 2813 491 938 2814 193 938 2815 498 938 2816 492 939 2817 498 939 2818 194 939 2819 493 940 2820 194 940 2821 195 940 2822 494 941 2823 195 941 2824 196 941 2825 495 942 2826 196 942 2827 499 942 2828 188 943 2829 499 943 2830 197 943 2831 189 944 2832 197 944 2833 500 944 2834 497 945 2835 501 945 2836 198 945 2837 190 946 2838 198 946 2839 502 946 2840 191 947 2841 502 947 2842 199 947 2843 192 948 2844 199 948 2845 193 948 2846 193 949 2847 503 949 2848 200 949 2849 498 950 2850 200 950 2851 504 950 2852 194 951 2853 504 951 2854 505 951 2855 195 952 2856 505 952 2857 506 952 2858 196 953 2859 506 953 2860 507 953 2861 499 954 2862 507 954 2863 201 954 2864 197 955 2865 201 955 2866 202 955 2867 500 956 2868 202 956 2869 203 956 2870 501 957 2871 203 957 2872 204 957 2873 198 958 2874 204 958 2875 508 958 2876 502 959 2877 508 959 2878 509 959 2879 199 960 2880 509 960 2881 503 960 2882 503 961 2883 205 961 2884 510 961 2885 200 962 2886 510 962 2887 206 962 2888 504 963 2889 206 963 2890 207 963 2891 505 964 2892 207 964 2893 511 964 2894 507 965 2895 512 965 2896 513 965 2897 201 966 2898 513 966 2899 514 966 2900 202 967 2901 514 967 2902 515 967 2903 203 968 2904 515 968 2905 516 968 2906 204 969 2907 516 969 2908 208 969 2909 508 970 2910 208 970 2911 517 970 2912 509 971 2913 517 971 2914 205 971 2915 205 972 2916 518 972 2917 209 972 2918 510 973 2919 209 973 2920 519 973 2921 206 974 2922 519 974 2923 520 974 2924 207 975 2925 520 975 2926 210 975 2927 511 976 2928 210 976 2929 211 976 2930 512 977 2931 211 977 2932 212 977 2933 513 978 2934 212 978 2935 213 978 2936 514 979 2937 213 979 2938 214 979 2939 515 980 2940 214 980 2941 215 980 2942 516 981 2943 215 981 2944 216 981 2945 208 982 2946 216 982 2947 217 982 2948 517 983 2949 217 983 2950 518 983 2951 518 984 2952 521 984 2953 522 984 2954 209 985 2955 522 985 2956 218 985 2957 519 986 2958 218 986 2959 523 986 2960 520 987 2961 523 987 2962 219 987 2963 210 988 2964 219 988 2965 220 988 2966 211 989 2967 220 989 2968 524 989 2969 212 990 2970 524 990 2971 525 990 2972 213 991 2973 525 991 2974 526 991 2975 214 992 2976 526 992 2977 221 992 2978 215 993 2979 221 993 2980 222 993 2981 216 994 2982 222 994 2983 527 994 2984 217 995 2985 527 995 2986 521 995 2987 521 996 2988 528 996 2989 223 996 2990 522 997 2991 223 997 2992 529 997 2993 218 998 2994 529 998 2995 224 998 2996 523 999 2997 224 999 2998 225 999 2999 219 1000 3000 225 1000 3001 226 1000 3002 220 1001 3003 226 1001 3004 530 1001 3005 525 1002 3006 531 1002 3007 227 1002 3008 526 1003 3009 227 1003 3010 532 1003 3011 221 1004 3012 532 1004 3013 533 1004 3014 222 1005 3015 533 1005 3016 228 1005 3017 527 1006 3018 228 1006 3019 528 1006 3020 528 1007 3021 229 1007 3022 230 1007 3023 223 1008 3024 230 1008 3025 231 1008 3026 529 1009 3027 231 1009 3028 232 1009 3029 224 1010 3030 232 1010 3031 233 1010 3032 225 1011 3033 233 1011 3034 234 1011 3035 226 1012 3036 234 1012 3037 534 1012 3038 530 1013 3039 534 1013 3040 235 1013 3041 531 1014 3042 235 1014 3043 535 1014 3044 227 1015 3045 535 1015 3046 536 1015 3047 532 1016 3048 536 1016 3049 236 1016 3050 533 1017 3051 236 1017 3052 537 1017 3053 228 1018 3054 537 1018 3055 229 1018 3056 229 1019 3057 237 1019 3058 538 1019 3059 230 1020 3060 538 1020 3061 238 1020 3062 231 1021 3063 238 1021 3064 539 1021 3065 232 1022 3066 539 1022 3067 540 1022 3068 233 1023 3069 540 1023 3070 239 1023 3071 234 1024 3072 239 1024 3073 240 1024 3074 534 1025 3075 240 1025 3076 541 1025 3077 235 1026 3078 541 1026 3079 542 1026 3080 535 1027 3081 542 1027 3082 241 1027 3083 536 1028 3084 241 1028 3085 543 1028 3086 236 1029 3087 543 1029 3088 544 1029 3089 537 1030 3090 544 1030 3091 237 1030 3092 237 1031 3093 242 1031 3094 243 1031 3095 538 1032 3096 243 1032 3097 545 1032 3098 238 1033 3099 545 1033 3100 546 1033 3101 540 1034 3102 547 1034 3103 548 1034 3104 239 1035 3105 548 1035 3106 244 1035 3107 240 1036 3108 244 1036 3109 549 1036 3110 541 1037 3111 549 1037 3112 245 1037 3113 542 1038 3114 245 1038 3115 550 1038 3116 241 1039 3117 550 1039 3118 246 1039 3119 543 1040 3120 246 1040 3121 551 1040 3122 544 1041 3123 551 1041 3124 242 1041 3125 242 1042 3126 552 1042 3127 247 1042 3128 243 1043 3129 247 1043 3130 553 1043 3131 545 1044 3132 553 1044 3133 248 1044 3134 546 1045 3135 248 1045 3136 554 1045 3137 547 1046 3138 554 1046 3139 249 1046 3140 548 1047 3141 249 1047 3142 555 1047 3143 244 1048 3144 555 1048 3145 556 1048 3146 549 1049 3147 556 1049 3148 250 1049 3149 245 1050 3150 250 1050 3151 557 1050 3152 550 1051 3153 557 1051 3154 251 1051 3155 246 1052 3156 251 1052 3157 558 1052 3158 551 1053 3159 558 1053 3160 552 1053 3161 552 1054 3162 559 1054 3163 560 1054 3164 247 1055 3165 560 1055 3166 561 1055 3167 553 1056 3168 561 1056 3169 562 1056 3170 248 1057 3171 562 1057 3172 563 1057 3173 554 1058 3174 563 1058 3175 564 1058 3176 249 1059 3177 564 1059 3178 252 1059 3179 555 1060 3180 252 1060 3181 253 1060 3182 556 1061 3183 253 1061 3184 565 1061 3185 250 1062 3186 565 1062 3187 566 1062 3188 557 1063 3189 566 1063 3190 254 1063 3191 251 1064 3192 254 1064 3193 255 1064 3194 558 1065 3195 255 1065 3196 559 1065 3197 559 1066 3198 256 1066 3199 567 1066 3200 560 1067 3201 567 1067 3202 257 1067 3203 561 1068 3204 257 1068 3205 258 1068 3206 562 1069 3207 258 1069 3208 259 1069 3209 563 1070 3210 259 1070 3211 568 1070 3212 564 1071 3213 568 1071 3214 569 1071 3215 252 1072 3216 569 1072 3217 570 1072 3218 253 1073 3219 570 1073 3220 260 1073 3221 565 1074 3222 260 1074 3223 261 1074 3224 566 1075 3225 261 1075 3226 571 1075 3227 254 1076 3228 571 1076 3229 572 1076 3230 255 1077 3231 572 1077 3232 256 1077 3233 256 1078 3234 573 1078 3235 574 1078 3236 567 1079 3237 574 1079 3238 575 1079 3239 257 1080 3240 575 1080 3241 262 1080 3242 258 1081 3243 262 1081 3244 263 1081 3245 259 1082 3246 263 1082 3247 576 1082 3248 568 1083 3249 576 1083 3250 264 1083 3251 569 1084 3252 264 1084 3253 265 1084 3254 570 1085 3255 265 1085 3256 266 1085 3257 260 1086 3258 266 1086 3259 267 1086 3260 261 1087 3261 267 1087 3262 268 1087 3263 571 1088 3264 268 1088 3265 577 1088 3266 572 1089 3267 577 1089 3268 573 1089 3269 573 1090 3270 269 1090 3271 578 1090 3272 574 1091 3273 578 1091 3274 270 1091 3275 575 1092 3276 270 1092 3277 579 1092 3278 262 1093 3279 579 1093 3280 580 1093 3281 263 1094 3282 580 1094 3283 581 1094 3284 576 1095 3285 581 1095 3286 271 1095 3287 264 1096 3288 271 1096 3289 582 1096 3290 265 1097 3291 582 1097 3292 272 1097 3293 266 1098 3294 272 1098 3295 583 1098 3296 267 1099 3297 583 1099 3298 273 1099 3299 268 1100 3300 273 1100 3301 274 1100 3302 577 1101 3303 274 1101 3304 269 1101 3305 269 1102 3306 584 1102 3307 275 1102 3308 578 1103 3309 275 1103 3310 276 1103 3311 270 1104 3312 276 1104 3313 277 1104 3314 579 1105 3315 277 1105 3316 278 1105 3317 580 1106 3318 278 1106 3319 585 1106 3320 581 1107 3321 585 1107 3322 279 1107 3323 271 1108 3324 279 1108 3325 280 1108 3326 582 1109 3327 280 1109 3328 586 1109 3329 272 1110 3330 586 1110 3331 587 1110 3332 583 1111 3333 587 1111 3334 281 1111 3335 273 1112 3336 281 1112 3337 282 1112 3338 274 1113 3339 282 1113 3340 584 1113 3341 584 1114 3342 283 1114 3343 284 1114 3344 275 1115 3345 284 1115 3346 285 1115 3347 276 1116 3348 285 1116 3349 286 1116 3350 277 1117 3351 286 1117 3352 287 1117 3353 278 1118 3354 287 1118 3355 588 1118 3356 585 1119 3357 588 1119 3358 589 1119 3359 279 1120 3360 589 1120 3361 288 1120 3362 280 1121 3363 288 1121 3364 590 1121 3365 587 1122 3366 591 1122 3367 592 1122 3368 281 1123 3369 592 1123 3370 593 1123 3371 282 1124 3372 593 1124 3373 283 1124 3374 283 1125 3375 594 1125 3376 289 1125 3377 284 1126 3378 289 1126 3379 290 1126 3380 285 1127 3381 290 1127 3382 595 1127 3383 286 1128 3384 595 1128 3385 291 1128 3386 287 1129 3387 291 1129 3388 596 1129 3389 588 1130 3390 596 1130 3391 292 1130 3392 589 1131 3393 292 1131 3394 293 1131 3395 288 1132 3396 293 1132 3397 597 1132 3398 591 1133 3399 598 1133 3400 294 1133 3401 592 1134 3402 294 1134 3403 599 1134 3404 593 1135 3405 599 1135 3406 594 1135 3407 594 1136 3408 295 1136 3409 24 1136 3410 289 1137 3411 24 1137 3412 296 1137 3413 290 1138 3414 296 1138 3415 25 1138 3416 595 1139 3417 25 1139 3418 297 1139 3419 291 1140 3420 297 1140 3421 26 1140 3422 596 1141 3423 26 1141 3424 298 1141 3425 292 1142 3426 298 1142 3427 299 1142 3428 293 1143 3429 299 1143 3430 27 1143 3431 597 1144 3432 27 1144 3433 28 1144 3434 598 1145 3435 28 1145 3436 300 1145 3437 294 1146 3438 300 1146 3439 29 1146 3440 599 1147 3441 29 1147 3442 295 1147 3443 323 1148 3444 330 1148 3445 331 1148 3446 327 1149 3447 334 1149 3448 335 1149 3449 334 1150 3450 342 1150 3451 343 1150 3452 338 1151 3453 344 1151 3454 345 1151 3455 342 1152 3456 348 1152 3457 349 1152 3458 355 1153 3459 362 1153 3460 363 1153 3461 367 1154 3462 373 1154 3463 374 1154 3464 373 1155 3465 381 1155 3466 382 1155 3467 376 1156 3468 383 1156 3469 377 1156 3470 383 1157 3471 387 1157 3472 384 1157 3473 387 1158 3474 395 1158 3475 388 1158 3476 395 1159 3477 400 1159 3478 396 1159 3479 400 1160 3480 407 1160 3481 401 1160 3482 410 1161 3483 417 1161 3484 418 1161 3485 411 1162 3486 418 1162 3487 419 1162 3488 415 1163 3489 421 1163 3490 422 1163 3491 417 1164 3492 424 1164 3493 425 1164 3494 426 1165 3495 432 1165 3496 433 1165 3497 431 1166 3498 437 1166 3499 438 1166 3500 442 1167 3501 449 1167 3502 450 1167 3503 444 1168 3504 453 1168 3505 454 1168 3506 445 1169 3507 454 1169 3508 455 1169 3509 447 1170 3510 456 1170 3511 457 1170 3512 450 1171 3513 459 1171 3514 460 1171 3515 453 1172 3516 462 1172 3517 463 1172 3518 454 1173 3519 463 1173 3520 464 1173 3521 455 1174 3522 464 1174 3523 456 1174 3524 459 1175 3525 466 1175 3526 467 1175 3527 465 1176 3528 472 1176 3529 473 1176 3530 466 1177 3531 473 1177 3532 474 1177 3533 467 1178 3534 474 1178 3535 475 1178 3536 471 1179 3537 479 1179 3538 480 1179 3539 485 1180 3540 490 1180 3541 486 1180 3542 487 1181 3543 494 1181 3544 495 1181 3545 496 1182 3546 500 1182 3547 501 1182 3548 506 1183 3549 511 1183 3550 512 1183 3551 524 1184 3552 530 1184 3553 531 1184 3554 539 1185 3555 546 1185 3556 547 1185 3557 586 1186 3558 590 1186 3559 591 1186 3560 590 1187 3561 597 1187 3562 598 1187 3563</p>
        </triangles>
      </mesh>
    </geometry>
  </library_geometries>
  <library_visual_scenes>
    <visual_scene id="Scene" name="Scene">
      <node id="tmp_export_Cube_003" name="tmp_export_Cube.003" type="NODE">
        <matrix sid="transform">1 0 0 0 0 1 0 0 0 0 1 0 0 0 0 1</matrix>
        <instance_geometry url="#Cube_003-mesh" name="tmp_export_Cube.003">
          <bind_material>
            <technique_common>
              <instance_material symbol="Material_018-material" target="#Material_018-material">
                <bind_vertex_input semantic="UVMap" input_semantic="TEXCOORD" input_set="0"/>
              </instance_material>
            </technique_common>
          </bind_material>
        </instance_geometry>
      </node>
    </visual_scene>
  </library_visual_scenes>
  <scene>
    <instance_visual_scene url="#Scene"/>
  </scene>
</COLLADA>