<?xml version="1.0" encoding="utf-8"?>
<COLLADA xmlns="http://www.collada.org/2005/11/COLLADASchema" version="1.4.1" xmlns:xsi="http://www.w3.org/2001/XMLSchema-instance">
  <asset>
    <contributor>
      <author>Blender User</author>
      <authoring_tool>Blender 4.2.18 LTS commit date:2026-02-16, commit time:13:37, hash:d71e3422e438</authoring_tool>
    </contributor>
    <created>2026-04-12T20:18:24</created>
    <modified>2026-04-12T20:18:24</modified>
    <unit name="meter" meter="1"/>
    <up_axis>Z_UP</up_axis>
  </asset>
  <library_effects>
    <effect id="Material_005-effect">
      <profile_COMMON>
        <technique sid="common">
          <lambert>
            <emission>
              <color sid="emission">0 0 0 1</color>
            </emission>
            <diffuse>
              <color sid="diffuse">0 0 0 1</color>
            </diffuse>
            <index_of_refraction>
              <float sid="ior">1.5</float>
            </index_of_refraction>
          </lambert>
        </technique>
      </profile_COMMON>
    </effect>
  </library_effects>
  <library_images/>
  <library_materials>
    <material id="Material_005-material" name="Material.005">
      <instance_effect url="#Material_005-effect"/>
    </material>
  </library_materials>
  <library_geometries>
    <geometry id="Cube_022-mesh" name="Cube.022">
      <mesh>
        <source id="Cube_022-mesh-positions">
          <float_array id="Cube_022-mesh-positions-array" count="1800">-0.999994 -1 0.4000018 -0.999994 -1 2.400002 -0.999994 1 0.4000018 -0.999994 1 2.400002 1.000006 -1 0.4000018 1.000006 -1 2.400002 1.000006 1 0.4000018 1.000006 1 2.400002 -5.999996 -0.9999999 -0.3999983 -5.999996 -0.9999999 0.4000017 -5.999996 1 -0.3999983 -5.999996 1 0.4000017 6.000003 -0.9999999 -0.3999983 6.000003 -0.9999999 0.4000017 6.000003 1 -0.3999983 6.000003 1 0.4000017 -0.999996 -0.9999999 -2.399998 -0.999996 -0.9999999 -0.3999984 -0.999996 1 -2.399998 -0.999996 1 -0.3999984 1.000004 -0.9999999 -2.399998 1.000004 -0.9999999 -0.3999984 1.000004 1 -2.399998 1.000004 1 -0.3999984 9.732056 -2.00176 1.66893e-6 8.000006 -4.00176 1.54972e-6 6.267955 -2.00176 1.66893e-6 7.000006 3.462341 1.78814e-6 8.000006 3.998239 1.78814e-6 9.732056 1.998239 1.66893e-6 9.914454 -0.001760482 0.5221064 8.923009 -3.465862 0.4698958 6.214332 1.998239 0.3272543 8.923009 3.462341 0.469896 9.659263 -0.001760542 1.035278 6.761486 -3.465862 0.7246948 6.054379 -2.00176 0.6489073 5.795561 -0.001760482 0.6211673 6.761486 3.462341 0.7246949 8.693338 3.462341 0.9317501 8.991249 -2.00176 1.489719 7.391042 -4.00176 1.224588 5.790835 -2.00176 0.9594576 5.790835 1.998239 0.9594577 6.467162 3.462341 1.071515 8.991249 1.998239 1.489719 8.428208 -2.00176 1.946412 6.928208 -4.00176 1.600002 6.062182 -3.465862 1.400002 5.428208 -2.00176 1.253592 6.062182 3.462341 1.400002 7.794233 3.462341 1.800002 7.140186 -3.465862 2.191542 6.346833 -4.00176 1.948038 4.972705 -2.00176 1.526276 7.140186 3.462341 2.191542 7.720962 1.998239 2.3698 4.242646 -0.001760601 1.697058 4.432115 1.998239 1.772846 4.949753 3.462341 1.979901 6.881604 1.998239 2.752641 5.47886 -3.465862 2.856073 4.870098 -4.00176 2.538732 3.652575 -0.001760601 1.904049 4.261336 3.462341 2.221391 5.47886 3.462341 2.856073 5.924504 1.998239 3.088383 4.000006 -4.00176 2.771283 3.13398 -2.00176 2.171283 4.000006 3.998239 2.771283 3.826843 -0.00176084 3.695519 3.724303 -2.001761 3.596498 2.296108 -0.001760661 2.217312 2.678791 3.462341 2.586864 3.061475 3.998239 2.956416 2.588197 -0.00176084 3.863705 2.329378 -3.465862 3.477335 2.070559 -4.00176 3.090964 1.622271 -2.001761 2.421751 1.622271 1.998239 2.421751 2.329378 3.46234 3.477335 1.270292 -2.001761 3.859519 1.17474 -3.465862 3.569203 0.9136882 -3.465862 2.776047 0.8181365 -2.001761 2.485732 0.8181365 1.998239 2.485732 6.92569e-6 -2.001761 3.892822 6.71943e-6 -3.465862 2.800002 6.64393e-6 -0.001760661 2.400002 6.66416e-6 1.998239 2.507181 6.87042e-6 3.46234 3.600002 -1.174731 -3.465862 3.569203 -1.044204 -4.00176 3.172625 -0.9136781 -3.465862 2.776047 -0.8181262 -2.001761 2.485732 -0.7831518 -0.001760661 2.379469 -0.9136781 3.462341 2.776047 -1.044204 3.998239 3.172625 -1.174731 3.46234 3.569203 -2.518832 -2.001761 3.760178 -2.070545 -4.00176 3.090965 -1.622257 1.998239 2.421751 -1.811726 3.462341 2.704594 -3.724289 -2.001761 3.596499 -2.678778 -3.465862 2.586864 -2.296095 -0.001760661 2.217312 -2.398634 1.998239 2.316334 -2.678778 3.462341 2.586864 -3.061462 3.998239 2.956416 -3.444145 3.46234 3.325968 -3.999992 -4.00176 2.771283 -2.999993 -0.001760661 2.078463 -3.133967 1.998239 2.171283 -3.499993 3.462341 2.424873 -4.499992 3.462341 3.117693 -5.924491 -2.001761 3.088384 -5.478847 -3.465862 2.856074 -4.870085 -4.00176 2.538732 -3.815679 -2.00176 1.989081 -5.924491 1.998239 3.088384 -7.071063 -0.001760721 2.828428 -6.881595 -2.001761 2.752641 -4.949742 -3.465862 1.9799 -4.432104 -2.00176 1.772845 -5.656849 3.998239 2.262743 -6.363956 3.462341 2.545585 -6.881595 1.998239 2.752641 -7.933527 -0.001760661 2.435047 -4.972692 -2.00176 1.526276 -5.553467 3.462341 1.704534 -7.720948 1.998239 2.369801 -8.428195 -2.00176 1.946413 -6.928196 -4.00176 1.600002 -6.06217 -3.465862 1.400002 -5.428196 -2.00176 1.253592 -5.428196 1.998239 1.253592 -9.238789 -0.001760601 1.530736 -7.391029 -4.00176 1.224589 -6.46715 -3.465862 1.071515 -5.790823 -2.00176 0.9594579 -5.54327 -0.001760482 0.918442 -5.790823 1.998239 0.959458 -8.314909 3.462341 1.377662 -8.991236 1.998239 1.48972 -9.659253 -0.001760542 1.035277 -8.693326 -3.465862 0.9317497 -7.727401 -4.00176 0.8282222 -6.054368 -2.00176 0.6489071 -5.795548 -0.001760482 0.6211671 -6.054368 1.998239 0.6489073 -6.761475 3.462341 0.7246947 -8.693326 3.462341 0.9317498 -9.400434 1.998239 1.007537 -9.914442 -0.001760482 0.522107 -9.648785 -2.00176 0.5081171 -8.922997 -3.465862 0.4698963 -6.214319 -2.00176 0.3272545 -5.948663 -0.001760423 0.3132649 -6.214319 1.998239 0.3272547 -6.940107 3.462341 0.3654754 -8.999994 -3.465862 1.90735e-6 -6.267942 1.998239 1.90735e-6 -6.999993 3.462341 2.02656e-6 -7.931552 -4.00176 -0.4176827 -5.948663 -0.001760363 -0.3132615 -6.940107 3.462341 -0.365472 -9.659253 -0.001760303 -1.035274 -9.400434 -2.00176 -1.007534 -8.693326 -3.465862 -0.9317465 -6.054368 1.998239 -0.6489039 -7.727401 3.998239 -0.8282187 -8.693326 3.462341 -0.9317463 -9.400434 1.998239 -1.007534 -8.991238 -2.00176 -1.489715 -6.467152 3.462341 -1.071511 -7.391031 3.998239 -1.224584 -8.991238 1.998239 -1.489715 -8.428198 -2.00176 -1.946408 -6.062172 -3.465862 -1.399998 -5.196147 -0.001760303 -1.199998 -5.428197 1.998239 -1.253588 -7.720948 -2.00176 -2.369797 -7.140173 -3.465862 -2.19154 -4.760114 -0.001760244 -1.461026 -4.972692 1.998239 -1.526273 -5.553467 3.462341 -1.70453 -6.34682 3.998239 -1.948035 -7.140173 3.462341 -2.19154 -4.432104 -2.00176 -1.772842 -4.242635 -0.001760244 -1.697054 -5.656849 3.998239 -2.262739 -6.363956 3.462341 -2.545582 -6.881595 1.99824 -2.752638 -6.087612 -0.001760065 -3.17341 -5.47885 -3.465862 -2.856069 -4.870089 -4.00176 -2.538728 -4.261327 -3.465862 -2.221387 -3.652565 -0.001760184 -1.904046 -4.870089 3.998239 -2.538728 -5.924495 1.99824 -3.088379 -4.866017 -2.00176 -3.37128 -2.999993 -0.001760184 -2.07846 -3.133967 1.998239 -2.17128 -3.499993 3.462341 -2.42487 -3.999992 3.998239 -2.77128 -3.826829 -0.001760005 -3.695516 -3.444145 -3.465861 -3.325965 -3.061462 -4.00176 -2.956413 -3.444145 3.462341 -3.325965 -2.518837 -2.00176 -3.760174 -1.811729 -3.465862 -2.704591 -1.62226 -2.00176 -2.421748 -1.55291 -0.001760184 -2.31822 -1.62226 1.99824 -2.421748 -1.811729 3.462341 -2.704591 -2.070549 3.998239 -3.090961 -2.329368 3.462341 -3.477331 -2.518837 1.99824 -3.760174 -1.174735 -3.465861 -3.569199 -0.9136813 -3.465862 -2.776044 -0.8181291 -2.00176 -2.485728 -1.044208 3.998239 -3.172621 -1.174735 3.462341 -3.569199 6.92569e-6 -2.00176 -3.892819 6.79492e-6 -4.00176 -3.199999 6.71943e-6 -3.465862 -2.799998 6.66416e-6 -2.00176 -2.507178 6.71943e-6 3.462341 -2.799998 6.92569e-6 1.99824 -3.892819 1.305266 -0.001760005 -3.965778 1.270292 -2.00176 -3.859515 1.17474 -3.465861 -3.5692 1.044214 -4.00176 -3.172622 0.9136882 -3.465862 -2.776044 0.8181365 -2.00176 -2.485729 0.8181365 1.99824 -2.485729 1.17474 3.462341 -3.5692 2.588192 -0.001760005 -3.863703 2.329373 -3.465861 -3.477332 1.622268 -2.00176 -2.421748 1.552918 -0.001760184 -2.318221 2.070555 3.998239 -3.090961 3.826843 -0.001760005 -3.695516 3.724303 -2.00176 -3.596495 2.296108 -0.001760184 -2.217309 2.678791 3.462341 -2.586861 3.444159 3.462341 -3.325964 4.866031 -2.00176 -3.371279 4.000006 -4.00176 -2.77128 3.13398 -2.00176 -2.17128 3.500006 3.462341 -2.42487 4.500005 3.462341 -3.11769 3.652573 -0.001760184 -1.904047 3.81569 1.998239 -1.989078 5.478856 3.462341 -2.856071 5.9245 1.99824 -3.088381 7.07107 -0.001760125 -2.828427 6.363963 -3.465862 -2.545584 5.656857 -4.00176 -2.262741 4.94975 -3.465862 -1.979899 4.94975 3.462341 -1.979898 5.656857 3.998239 -2.262741 6.346833 -4.00176 -1.948035 5.553479 -3.465862 -1.70453 4.760126 -0.001760244 -1.461025 4.972705 1.998239 -1.526272 5.553479 3.462341 -1.70453 6.346833 3.998239 -1.948035 7.140186 3.462341 -2.191539 8.660259 -0.001760184 -1.999999 7.794233 -3.465862 -1.799999 5.196157 -0.001760303 -1.199999 6.062182 3.462341 -1.399999 7.794233 3.462341 -1.799998 8.428208 1.998239 -1.946409 8.991247 -2.00176 -1.489718 8.31492 -3.465862 -1.37766 7.391041 -4.00176 -1.224587 6.467161 -3.465862 -1.071513 5.543282 -0.001760303 -0.9184396 5.790834 1.998239 -0.9594553 8.31492 3.462341 -1.37766 8.991247 1.998239 -1.489718 9.659264 -0.001760303 -1.035273 9.400445 -2.00176 -1.007533 8.693338 -3.465862 -0.931746 7.727412 -4.00176 -0.8282185 6.761487 -3.465862 -0.7246909 6.054379 1.998239 -0.6489036 9.648797 -2.00176 -0.5081134 8.923009 -3.465862 -0.4698926 6.94012 -3.465862 -0.3654716 5.948675 -0.001760363 -0.3132612 6.214332 1.998239 -0.3272508 8.923009 3.462341 -0.4698925 10 -0.001760423 1.66893e-6 9.000005 -3.465862 1.54972e-6 7.000006 -3.465862 1.54972e-6 6.000006 -0.001760423 1.66893e-6 6.267955 1.998239 1.66893e-6 9.000005 3.462341 1.78814e-6 9.648797 -2.00176 0.5081166 7.931564 -4.00176 0.4176854 6.94012 -3.465862 0.3654749 6.214332 -2.00176 0.3272542 5.948675 -0.001760423 0.3132645 6.94012 3.462341 0.3654749 7.931564 3.998239 0.4176855 9.648797 1.998239 0.5081167 9.400444 -2.00176 1.007537 8.693338 -3.465862 0.93175 7.727412 -4.00176 0.8282224 6.054379 1.998239 0.6489074 7.727412 3.998239 0.8282225 9.400444 1.998239 1.007537 9.238801 -0.001760601 1.530735 8.314921 -3.465862 1.377662 6.467162 -3.465862 1.071515 5.543282 -0.001760482 0.9184417 7.391042 3.998239 1.224589 8.314921 3.462341 1.377662 8.660259 -0.001760601 2.000002 7.794233 -3.465862 1.800002 5.196157 -0.001760542 1.200002 5.428208 1.998239 1.253592 6.928208 3.998239 1.600002 8.428208 1.998239 1.946412 7.93354 -0.001760661 2.435047 7.720962 -2.001761 2.3698 5.553479 -3.465862 1.704533 4.760126 -0.001760542 1.461029 4.972705 1.998239 1.526276 5.553479 3.462341 1.704533 6.346833 3.998239 1.948038 7.071073 -0.001760721 2.828429 6.881604 -2.001761 2.752641 6.363966 -3.465862 2.545586 5.656859 -4.00176 2.262743 4.949753 -3.465862 1.979901 4.432115 -2.00176 1.772846 5.656859 3.998239 2.262743 6.363966 3.462341 2.545586 6.087621 -0.00176078 3.173414 5.924504 -2.001761 3.088383 4.261336 -3.465862 2.221391 3.815692 -2.00176 1.989081 3.815692 1.998239 1.989081 4.870098 3.998239 2.538732 5.000005 -0.00176078 3.464103 4.866031 -2.001761 3.371283 4.500005 -3.465862 3.117693 3.500006 -3.465862 2.424873 3.000006 -0.001760661 2.078463 3.13398 1.998239 2.171283 3.500006 3.462341 2.424873 4.500005 3.462341 3.117693 4.866031 1.998239 3.371283 3.444159 -3.465862 3.325968 3.061475 -4.00176 2.956416 2.678791 -3.465862 2.586864 2.398648 -2.001761 2.316333 2.398648 1.998239 2.316333 3.444159 3.46234 3.325968 3.724303 1.998239 3.596498 2.518846 -2.001761 3.760177 1.81174 -3.465862 2.704594 1.55292 -0.001760661 2.318224 1.81174 3.462341 2.704594 2.070559 3.998239 3.090964 2.518846 1.998239 3.760177 1.305266 -0.00176084 3.965781 1.044214 -4.00176 3.172625 0.7831622 -0.001760661 2.379469 0.9136882 3.462341 2.776047 1.044214 3.998239 3.172625 1.17474 3.46234 3.569203 1.270292 1.998239 3.859519 6.94592e-6 -0.00176084 4.000002 6.87042e-6 -3.465862 3.600002 6.79492e-6 -4.00176 3.200002 6.66416e-6 -2.001761 2.507181 6.71943e-6 3.462341 2.800002 6.79492e-6 3.998239 3.200002 6.92569e-6 1.998239 3.892822 -1.305257 -0.00176084 3.965781 -1.270283 -2.001761 3.859518 -0.8181262 1.998239 2.485732 -1.270283 1.998239 3.859518 -2.588183 -0.00176084 3.863705 -2.329364 -3.465862 3.477335 -1.811726 -3.465862 2.704594 -1.622257 -2.001761 2.421751 -1.552907 -0.001760661 2.318224 -2.070545 3.998239 3.090965 -2.329364 3.46234 3.477335 -2.518832 1.998239 3.760178 -3.826829 -0.00176084 3.69552 -3.444145 -3.465862 3.325968 -3.061462 -4.00176 2.956416 -2.398634 -2.001761 2.316334 -3.724289 1.998239 3.596499 -4.999992 -0.00176078 3.464104 -4.866017 -2.001761 3.371284 -4.499992 -3.465862 3.117693 -3.499993 -3.465862 2.424873 -3.133967 -2.00176 2.171283 -3.999992 3.998239 2.771283 -4.866017 1.998239 3.371284 -6.087607 -0.00176078 3.173415 -4.261324 -3.465862 2.221391 -3.652562 -0.001760601 1.90405 -3.815679 1.998239 1.989081 -4.261324 3.462341 2.221391 -4.870085 3.998239 2.538732 -5.478847 3.462341 2.856074 -6.363956 -3.465862 2.545585 -5.656849 -4.00176 2.262743 -4.242635 -0.001760601 1.697057 -4.432104 1.998239 1.772845 -4.949742 3.462341 1.9799 -7.720948 -2.001761 2.369801 -7.140173 -3.465862 2.191543 -6.34682 -4.00176 1.948038 -5.553467 -3.465862 1.704534 -4.760114 -0.001760542 1.461029 -4.972692 1.998239 1.526276 -6.34682 3.998239 1.948038 -7.140173 3.462341 2.191543 -8.660246 -0.001760601 2.000003 -7.794221 -3.465862 1.800002 -5.196145 -0.001760542 1.200002 -6.06217 3.462341 1.400002 -6.928196 3.998239 1.600003 -7.794221 3.462341 1.800003 -8.428195 1.998239 1.946413 -8.991236 -2.00176 1.48972 -8.314909 -3.465862 1.377662 -6.46715 3.462341 1.071516 -7.391029 3.998239 1.224589 -9.400434 -2.00176 1.007537 -6.761475 -3.465862 0.7246946 -7.727401 3.998239 0.8282223 -7.931552 -4.00176 0.4176859 -6.940107 -3.465862 0.3654753 -7.931552 3.998239 0.417686 -8.922997 3.462341 0.4698964 -9.648785 1.998239 0.5081173 -9.999994 -0.001760423 2.02656e-6 -9.732045 -2.00176 2.02656e-6 -7.999993 -4.00176 1.90735e-6 -6.999993 -3.465862 1.90735e-6 -6.267942 -2.00176 1.90735e-6 -5.999993 -0.001760423 1.90735e-6 -7.999993 3.998239 2.02656e-6 -8.999994 3.462341 2.02656e-6 -9.732045 1.998239 2.02656e-6 -9.914442 -0.001760363 -0.5221036 -9.648785 -2.00176 -0.5081139 -8.922997 -3.465862 -0.4698931 -6.940107 -3.465862 -0.3654721 -6.214319 -2.00176 -0.3272513 -6.214319 1.998239 -0.3272512 -7.931552 3.998239 -0.4176825 -8.922997 3.462341 -0.469893 -9.648785 1.998239 -0.5081139 -7.727401 -4.00176 -0.8282189 -6.761475 -3.465862 -0.7246914 -6.054368 -2.00176 -0.6489039 -5.795548 -0.001760363 -0.6211639 -6.761475 3.462341 -0.7246912 -9.238791 -0.001760244 -1.53073 -8.314911 -3.465862 -1.377658 -7.391031 -4.00176 -1.224584 -6.467152 -3.465862 -1.071511 -5.790824 -2.00176 -0.9594536 -5.543272 -0.001760303 -0.9184377 -5.790824 1.998239 -0.9594534 -8.314911 3.462341 -1.377657 -8.660249 -0.001760184 -1.999998 -7.794223 -3.465862 -1.799998 -6.928198 -4.00176 -1.599998 -5.428197 -2.00176 -1.253588 -6.062172 3.462341 -1.399998 -6.928198 3.998239 -1.599998 -7.794223 3.462341 -1.799998 -8.428198 1.998239 -1.946408 -7.933527 -0.001760125 -2.435044 -6.34682 -4.00176 -1.948035 -5.553467 -3.465862 -1.70453 -4.972692 -2.00176 -1.526273 -7.720948 1.99824 -2.369797 -7.071063 -0.001760125 -2.828425 -6.881595 -2.00176 -2.752638 -6.363956 -3.465862 -2.545582 -5.656849 -4.00176 -2.262739 -4.949742 -3.465862 -1.979897 -4.432104 1.998239 -1.772842 -4.949742 3.462341 -1.979897 -5.924495 -2.00176 -3.088379 -3.815682 -2.00176 -1.989077 -3.815682 1.998239 -1.989077 -4.261327 3.462341 -2.221387 -5.47885 3.462341 -2.856069 -4.999992 -0.001760005 -3.464101 -4.499992 -3.465862 -3.11769 -3.999992 -4.00176 -2.77128 -3.499993 -3.465862 -2.42487 -3.133967 -2.00176 -2.17128 -4.499992 3.462341 -3.11769 -4.866017 1.99824 -3.37128 -3.724289 -2.00176 -3.596495 -2.678778 -3.465862 -2.586861 -2.398634 -2.00176 -2.31633 -2.296095 -0.001760184 -2.217309 -2.398634 1.99824 -2.31633 -2.678778 3.462341 -2.586861 -3.061462 3.998239 -2.956413 -3.724289 1.99824 -3.596495 -2.588187 -0.001760005 -3.863702 -2.329368 -3.465861 -3.477331 -2.070549 -4.00176 -3.090961 -1.305262 -0.001760005 -3.965777 -1.270287 -2.00176 -3.859515 -1.044208 -4.00176 -3.172621 -0.7831546 -0.001760125 -2.379466 -0.8181291 1.99824 -2.485728 -0.9136813 3.462341 -2.776044 -1.270287 1.99824 -3.859515 6.94592e-6 -0.001759946 -3.999998 6.87042e-6 -3.465861 -3.599998 6.64393e-6 -0.001760125 -2.399998 6.66416e-6 1.99824 -2.507178 6.79492e-6 3.998239 -3.199999 6.87042e-6 3.462341 -3.599998 0.7831622 -0.001760125 -2.379466 0.9136882 3.462341 -2.776044 1.044214 3.998239 -3.172622 1.270292 1.99824 -3.859515 2.518842 -2.00176 -3.760174 2.070555 -4.00176 -3.090961 1.811736 -3.465862 -2.704591 1.622268 1.99824 -2.421748 1.811736 3.462341 -2.704591 2.329373 3.462341 -3.477332 2.518842 1.99824 -3.760174 3.444159 -3.465861 -3.325964 3.061475 -4.00176 -2.956413 2.678791 -3.465862 -2.586861 2.398648 -2.00176 -2.31633 2.398648 1.99824 -2.31633 3.061475 3.998239 -2.956413 3.724303 1.99824 -3.596495 5.000005 -0.001760005 -3.4641 4.500005 -3.465862 -3.11769 3.500006 -3.465862 -2.42487 3.000006 -0.001760184 -2.078459 3.13398 1.998239 -2.17128 4.000006 3.998239 -2.77128 4.866031 1.99824 -3.371279 6.087618 -0.001760065 -3.173412 5.9245 -2.00176 -3.088381 5.478856 -3.465862 -2.856071 4.870095 -4.00176 -2.53873 4.261333 -3.465862 -2.221388 3.81569 -2.00176 -1.989078 4.261333 3.462341 -2.221388 4.870095 3.998239 -2.53873 6.881601 -2.00176 -2.75264 4.432113 -2.00176 -1.772843 4.242644 -0.001760244 -1.697056 4.432113 1.998239 -1.772843 6.363963 3.462341 -2.545584 6.881601 1.99824 -2.75264 7.93354 -0.001760125 -2.435044 7.720962 -2.00176 -2.369797 7.140186 -3.465862 -2.191539 4.972705 -2.00176 -1.526272 7.720962 1.99824 -2.369797 8.428208 -2.00176 -1.946409 6.928208 -4.00176 -1.599999 6.062182 -3.465862 -1.399999 5.428208 -2.00176 -1.253588 5.428208 1.998239 -1.253588 6.928208 3.998239 -1.599999 9.2388 -0.001760244 -1.530734 5.790834 -2.00176 -0.9594555 6.467161 3.462341 -1.071513 7.391041 3.998239 -1.224586 6.054379 -2.00176 -0.6489036 5.795561 -0.001760363 -0.6211634 6.761487 3.462341 -0.7246909 7.727412 3.998239 -0.8282182 8.693338 3.462341 -0.9317458 9.400445 1.998239 -1.007533 9.914454 -0.001760363 -0.5221031 7.931564 -4.00176 -0.4176822 6.214332 -2.00176 -0.327251 6.94012 3.462341 -0.3654716 7.931564 3.998239 -0.4176821 9.648797 1.998239 -0.5081132</float_array>
          <technique_common>
            <accessor source="#Cube_022-mesh-positions-array" count="600" stride="3">
              <param name="X" type="float"/>
              <param name="Y" type="float"/>
              <param name="Z" type="float"/>
            </accessor>
          </technique_common>
        </source>
        <source id="Cube_022-mesh-normals">
          <float_array id="Cube_022-mesh-normals-array" count="3564">-1 0 0 0 1 0 1 0 0 0 -1 0 0 0 -1 0 0 1 -1 0 0 0 1 0 1 0 0 0 -1 0 0 0 -1 0 0 1 -1 0 0 0 1 0 1 0 0 0 -1 0 0 0 -1 0 0 1 0.9783262 -0.1310706 0.1603069 0.8849732 -0.4424867 0.1450098 0.4709393 -0.8787841 0.07716709 -0.4709393 -0.878784 -0.07716774 -0.9783262 -0.1310706 -0.1603073 -0.9783263 0.1310707 -0.1603064 -0.8849732 0.4424867 -0.1450105 -0.4709392 0.8787841 -0.07716751 0.4709392 0.8787841 0.07716774 0.8849732 0.4424867 0.1450098 0.9783263 0.1310707 0.1603064 0.8888033 -0.1211498 0.4419859 0.4540008 -0.8619239 0.2257661 -0.4540006 -0.8619242 -0.2257657 -0.8148497 -0.4145174 -0.4052103 -0.8888034 -0.1211498 -0.4419855 -0.8888034 0.1211498 -0.4419854 -0.81485 0.4145174 -0.4052097 -0.4540003 0.8619242 -0.2257663 0.4540008 0.8619241 0.2257658 0.81485 0.4145174 0.4052097 0.8888033 0.1211498 0.4419859 0.7580734 -0.1070246 0.6433276 0.7074968 -0.3727745 0.6004059 0.4230742 -0.8319264 0.3590359 -0.423074 -0.8319264 -0.3590359 -0.7074967 -0.372774 -0.6004066 -0.7580731 -0.1070249 -0.643328 -0.7580723 0.1070249 -0.6433288 -0.7074965 0.372774 -0.6004068 -0.4230739 0.8319268 -0.3590353 0.7074961 0.3727742 0.6004071 0.7580738 0.1070246 0.6433272 0.6271881 -0.09348863 0.7732367 0.5944988 -0.330719 0.7329367 0.3826314 -0.7943944 0.4717316 -0.3826311 -0.7943946 -0.4717317 -0.5944989 -0.3307191 -0.7329366 -0.6271881 -0.09348857 -0.7732367 -0.5944992 0.3307194 -0.7329362 -0.3826311 0.7943945 -0.4717316 0.3826313 0.7943943 0.471732 0.5944997 0.3307192 0.7329358 0.6271873 0.09348857 0.7732373 0.490854 -0.2945405 0.819944 0.3369947 -0.7546806 0.5629314 -0.3369945 -0.7546808 -0.5629312 -0.4908534 -0.2945399 -0.8199446 -0.5118965 -0.08230525 -0.8550952 -0.3369944 0.7546808 -0.5629313 0.3369947 0.7546805 0.5629315 0.4908534 0.2945403 0.8199445 0.5118968 0.08230531 0.855095 0.2893934 -0.7167208 0.6344783 -0.2893936 -0.7167208 -0.6344783 -0.413859 -0.07358992 -0.9073617 -0.4138593 0.07358998 -0.9073615 -0.4000903 0.2655047 -0.8771744 -0.2893939 0.7167209 -0.634478 0.4000902 0.2655045 0.8771746 0.413859 0.07358992 0.9073618 0.3210954 -0.2429742 0.9153476 0.2418127 -0.6828926 0.6893361 -0.2418127 -0.6828927 -0.689336 -0.3302717 -0.06696516 -0.9415075 -0.330272 0.06696516 -0.9415073 -0.3210951 0.2429741 -0.9153478 -0.2418123 0.6828925 -0.6893364 0.2418127 0.6828926 0.6893362 0.3210955 0.2429742 0.9153476 0.330272 0.06696516 0.9415073 0.1952474 -0.654384 0.7305205 -0.1952474 -0.6543841 -0.7305203 -0.2515344 -0.22589 -0.9411185 -0.2577118 -0.0620135 -0.9642297 -0.2577113 0.06201344 -0.9642299 -0.1952474 0.6543841 -0.7305203 0.1952474 0.6543839 0.7305204 0.2515344 0.2258901 0.9411185 0.2577112 0.06201338 0.9642298 0.1931988 -0.05839693 0.9794203 0.1890757 -0.2132892 0.9585187 -0.1500347 -0.631645 -0.7606013 -0.1931982 -0.05839681 -0.9794204 -0.1931985 0.05839681 -0.9794204 -0.1890752 0.2132892 -0.9585188 -0.1500347 0.6316449 -0.7606014 0.1500348 0.6316446 0.7606016 0.1931987 0.05839693 0.9794203 0.1343369 -0.05587112 0.9893594 0.1317057 -0.2044298 0.9699804 0.1061215 -0.614739 0.7815588 -0.1061215 -0.6147386 -0.7815592 -0.1317059 -0.2044299 -0.9699804 -0.1343371 -0.05587112 -0.9893593 -0.134337 0.05587112 -0.9893594 -0.1317058 0.2044299 -0.9699804 -0.1061217 0.6147386 -0.7815591 0.1061215 0.6147387 0.7815592 0.1317058 0.2044298 0.9699804 0.134337 0.05587112 0.9893594 0.07919734 -0.0542708 0.9953806 0.07773125 -0.1987922 0.9769542 0.0632379 -0.603572 0.7947967 -0.0632379 -0.6035718 -0.7947968 -0.07773095 -0.1987922 -0.9769542 -0.07919728 -0.0542708 -0.9953805 -0.07919722 0.0542708 -0.9953805 -0.07773119 0.1987922 -0.9769542 0.07773125 0.1987922 0.9769542 0.02617096 -0.05349481 0.998225 0.02569973 -0.1960512 0.9802567 0.02100539 -0.5980255 0.8012018 -0.02100539 -0.5980253 -0.8012019 -0.02569979 -0.1960513 -0.9802568 -0.02617096 -0.05349469 -0.9982252 -0.0261709 0.05349469 -0.9982252 -0.02569985 0.1960513 -0.9802568 0.02100539 0.5980252 0.8012021 0.02569973 0.1960513 0.9802568 -0.02569979 -0.1960515 0.9802568 -0.02100563 -0.5980253 0.8012019 0.02100551 -0.5980251 -0.801202 0.02569973 -0.1960513 -0.9802568 0.02617084 -0.05349469 -0.9982252 0.02617084 0.05349469 -0.9982251 0.02569979 0.1960513 -0.9802568 0.02100539 0.5980252 -0.8012021 -0.02100551 0.598025 0.8012021 -0.02570003 0.1960515 0.9802567 -0.0791971 -0.05427068 0.9953806 -0.07773101 -0.1987924 0.9769542 -0.06323784 -0.6035717 0.794797 0.06323778 -0.6035717 -0.7947969 0.07773125 -0.1987922 -0.9769542 0.07919728 -0.05427092 -0.9953805 0.07919752 0.05427092 -0.9953806 0.07773119 0.1987922 -0.9769542 0.0632379 0.6035718 -0.794797 -0.06323778 0.6035714 0.7947972 -0.07773113 0.1987925 0.9769542 -0.1343367 -0.05587118 0.9893594 -0.1317057 -0.2044298 0.9699804 0.1061214 -0.6147388 -0.781559 0.1317057 -0.2044298 -0.9699804 0.1343371 -0.05587118 -0.9893593 0.134337 0.05587118 -0.9893594 0.1317058 0.2044298 -0.9699804 0.1061215 0.6147388 -0.781559 -0.1061215 0.6147387 0.7815592 -0.1317054 0.2044298 0.9699805 -0.1890756 -0.2132893 0.9585187 -0.150035 -0.6316448 0.7606013 0.1500347 -0.6316448 -0.7606014 0.1890755 -0.2132892 -0.9585187 0.1931985 -0.05839681 -0.9794203 0.1931982 0.05839675 -0.9794204 0.1890755 0.2132892 -0.9585187 0.1500347 0.6316448 -0.7606014 -0.1500347 0.6316446 0.7606015 -0.1890757 0.2132893 0.9585186 -0.2577116 -0.06201332 0.9642298 -0.2515342 -0.2258902 0.9411186 -0.1952472 -0.6543841 0.7305204 0.1952475 -0.6543837 -0.7305206 0.2515339 -0.2258902 -0.9411186 0.2577111 -0.06201344 -0.9642299 0.2577114 0.06201344 -0.9642298 0.2515341 0.2258902 -0.9411185 0.1952471 0.6543835 -0.7305209 -0.2515341 0.2258901 0.9411186 -0.2577112 0.06201326 0.9642298 -0.3302718 -0.06696516 0.9415074 -0.3210953 -0.2429741 0.9153476 -0.2418126 -0.6828927 0.6893361 0.2418127 -0.6828926 -0.6893361 0.3210959 -0.2429741 -0.9153474 0.330272 -0.0669654 -0.9415073 0.2418128 0.6828926 -0.6893361 -0.2418126 0.6828928 0.689336 -0.3210954 0.2429741 0.9153476 -0.3302719 0.06696516 0.9415073 -0.413859 -0.07359004 0.9073616 -0.4000906 -0.2655047 0.8771743 0.4000905 -0.2655045 -0.8771744 0.4138593 -0.07358986 -0.9073615 0.4000906 0.2655048 -0.8771743 0.2893936 0.7167209 -0.6344782 -0.2893935 0.7167208 0.6344783 -0.4000907 0.2655047 0.8771743 -0.4138594 0.07359009 0.9073615 -0.5118963 -0.08230519 0.8550953 -0.4908535 -0.2945402 0.8199445 -0.3369945 -0.7546805 0.5629318 0.3369942 -0.7546806 -0.5629318 0.4908536 -0.2945401 -0.8199445 0.5118958 -0.08230513 -0.8550957 0.5118963 0.08230519 -0.8550953 0.490853 0.2945401 -0.8199448 0.3369945 0.7546809 -0.5629312 -0.5118962 0.08230519 0.8550955 -0.6271874 -0.09348851 0.7732372 -0.5944988 -0.3307192 0.7329366 -0.382631 -0.7943943 0.4717321 0.3826313 -0.7943943 -0.4717319 0.5944989 -0.3307192 -0.7329365 0.6271882 -0.09348857 -0.7732366 0.6271882 0.09348863 -0.7732366 0.5944993 0.3307194 -0.732936 -0.3826311 0.7943944 0.4717317 -0.5944989 0.3307192 0.7329364 -0.6271875 0.09348851 0.7732372 -0.7580732 -0.1070247 0.643328 -0.7074961 -0.3727742 0.6004071 -0.4230744 -0.8319264 0.3590353 0.4230738 -0.8319264 -0.3590362 0.7074962 -0.3727737 -0.6004074 0.7580724 -0.1070249 -0.6433287 0.7580729 0.107025 -0.6433283 0.707496 0.3727737 -0.6004077 0.4230737 0.8319265 -0.3590359 -0.423074 0.8319262 0.3590366 -0.7074965 0.3727743 0.6004065 -0.7580728 0.1070247 0.6433284 -0.8888043 -0.1211499 0.4419838 -0.8148505 -0.4145179 0.405208 -0.4540008 -0.8619241 0.2257656 0.4540008 -0.8619242 -0.2257651 0.8148501 -0.4145177 -0.405209 0.8888042 -0.1211499 -0.441984 0.8888033 0.1211498 -0.441986 0.8148505 0.4145178 -0.4052082 0.4540007 0.8619242 -0.2257656 -0.8148502 0.4145177 0.4052088 -0.8888043 0.1211499 0.4419838 -0.9783259 -0.1310707 0.1603086 -0.884973 -0.4424867 0.1450114 -0.4709392 -0.878784 0.07716798 0.9783261 -0.1310707 -0.1603072 0.9783263 0.1310708 -0.1603063 0.8849732 0.4424867 -0.1450105 0.470939 0.8787842 -0.07716745 -0.4709393 -0.878784 -0.07716792 0.4709393 -0.878784 0.07716763 0.9783262 -0.1310706 0.1603069 0.9783263 0.1310707 0.1603061 0.8849732 0.4424867 0.1450104 0.4709392 0.8787841 0.07716733 -0.8888043 -0.1211499 -0.4419838 -0.8148504 -0.414518 -0.4052082 -0.454001 -0.8619239 -0.2257657 0.4540007 -0.8619242 0.2257651 0.8888032 0.1211501 0.4419859 0.8148504 0.4145176 0.4052084 0.4540004 0.8619243 0.2257656 -0.4540009 0.8619242 -0.2257652 -0.81485 0.414518 -0.4052088 -0.8888043 0.1211499 -0.4419838 -0.7580734 -0.1070249 -0.6433275 -0.7074967 -0.372774 -0.6004067 -0.4230741 -0.8319267 -0.3590352 0.7074957 0.3727741 0.6004077 0.4230742 0.8319267 0.3590352 -0.4230742 0.8319268 -0.359035 -0.7074971 0.3727743 -0.6004058 -0.7580733 0.1070249 -0.6433278 -0.6271882 -0.09348857 -0.7732366 -0.5944992 -0.3307193 -0.7329362 0.3826311 -0.7943945 0.4717319 0.5944991 -0.3307195 0.7329362 0.6271881 -0.09348815 0.7732368 0.6271883 0.09348821 0.7732365 0.5944995 0.3307195 0.7329357 0.3826308 0.7943943 0.4717323 -0.3826314 0.7943943 -0.4717319 -0.627188 0.09348857 -0.7732368 -0.5118963 -0.08230525 -0.8550954 -0.4908534 -0.2945403 -0.8199446 -0.3369944 -0.7546804 -0.5629319 0.4908535 -0.2945405 0.8199443 0.5118963 -0.08230489 0.8550953 0.5118961 0.08230489 0.8550955 0.4908535 0.2945404 0.8199445 0.3369947 0.7546806 0.5629314 -0.3369944 0.7546804 -0.5629318 -0.4908534 0.2945404 -0.8199445 -0.4000909 -0.2655049 -0.8771742 -0.2893936 -0.7167212 -0.6344778 0.4000903 -0.2655045 0.8771746 0.4138597 -0.07359021 0.9073614 0.4138584 0.07359009 0.9073619 0.4000909 0.2655046 0.8771742 0.2893937 0.7167209 0.6344782 -0.2893936 0.7167212 -0.6344779 -0.4000906 0.2655048 -0.8771743 -0.4138597 0.0735898 -0.9073614 -0.330272 -0.06696522 -0.9415073 -0.3210952 -0.2429739 -0.9153478 -0.2418128 -0.6828928 -0.6893359 0.2418129 -0.6828927 0.689336 0.3210959 -0.2429744 0.9153475 0.330272 -0.06696528 0.9415073 0.3302725 0.06696534 0.9415072 0.241813 0.6828927 0.689336 -0.2418129 0.6828929 -0.6893358 -0.3210957 0.2429741 -0.9153475 -0.3302718 0.06696522 -0.9415074 -0.2577117 -0.06201344 -0.9642298 -0.2515345 -0.2258905 -0.9411184 -0.1952471 -0.6543836 -0.7305209 0.1952474 -0.654384 0.7305203 0.2515341 -0.2258901 0.9411186 0.2577113 -0.06201332 0.9642298 0.2577115 0.06201332 0.9642298 0.2515344 0.2258901 0.9411186 0.1952472 0.654384 0.7305205 -0.1952474 0.6543837 -0.7305206 -0.2577115 0.06201344 -0.9642298 -0.1931983 -0.05839681 -0.9794204 -0.1890754 -0.2132892 -0.9585188 -0.150035 -0.6316445 -0.7606016 0.1500349 -0.6316451 0.7606011 0.1931982 0.05839693 0.9794204 0.1890754 0.2132892 0.9585188 0.1500346 0.631645 0.7606012 -0.1500349 0.6316449 -0.7606013 -0.189076 0.2132893 -0.9585186 -0.1931984 0.05839681 -0.9794203 -0.1343372 -0.05587136 -0.9893593 -0.1317055 -0.2044298 -0.9699805 -0.1061214 -0.6147384 -0.7815594 0.1061213 -0.6147385 0.7815592 0.1317059 -0.2044299 0.9699804 0.134337 -0.05587112 0.9893594 0.1343372 0.05587112 0.9893594 0.1317057 0.2044299 0.9699804 0.1061217 0.6147387 0.7815591 -0.1061213 0.6147387 -0.7815591 -0.1317055 0.2044298 -0.9699805 -0.1343368 0.05587136 -0.9893594 -0.07773172 -0.1987926 -0.9769542 -0.06323802 -0.6035715 -0.7947971 0.06323796 -0.6035717 0.794797 0.07773125 -0.1987922 0.9769542 0.07919758 -0.0542708 0.9953805 0.07919752 0.0542708 0.9953806 0.07773149 0.1987922 0.9769542 0.0632379 0.6035717 0.794797 -0.06323796 0.6035718 -0.7947968 -0.07773137 0.1987925 -0.9769542 -0.07919782 0.05427062 -0.9953805 -0.02617114 -0.05349469 -0.9982252 -0.02569973 -0.1960515 -0.9802568 -0.02100557 -0.5980247 -0.8012024 0.0210058 -0.5980257 0.8012016 0.02569961 -0.1960511 0.9802569 0.02617102 -0.05349469 0.9982252 0.02569997 0.1960511 0.9802569 0.02100527 0.5980258 0.8012016 -0.0210058 0.598025 -0.8012021 -0.02569997 0.1960514 -0.9802568 -0.02617079 0.05349469 -0.9982251 0.02617061 -0.05349493 -0.9982252 0.02569991 -0.1960511 -0.9802569 0.02100509 -0.5980253 -0.8012018 -0.02100557 -0.5980256 0.8012017 -0.02569979 -0.1960511 0.9802568 -0.02617096 -0.05349469 0.9982252 -0.0261709 0.05349469 0.9982252 -0.02569985 0.1960512 0.9802568 -0.02100545 0.5980256 0.8012018 0.02100557 0.5980257 -0.8012016 0.02569937 0.196051 -0.9802569 0.02617096 0.05349493 -0.9982251 0.0791971 -0.05427104 -0.9953806 0.07773101 -0.1987922 -0.9769543 0.06323802 -0.6035718 -0.7947968 -0.06323796 -0.603572 0.7947967 -0.07773125 -0.198792 0.9769543 -0.07919728 -0.0542708 0.9953805 -0.07919722 0.0542708 0.9953806 -0.07773119 0.198792 0.9769543 -0.0632379 0.603572 0.7947968 0.06323796 0.6035721 -0.7947966 0.07773137 0.1987922 -0.9769542 0.0791971 0.05427104 -0.9953806 0.134337 -0.0558713 -0.9893594 0.1317056 -0.2044298 -0.9699804 0.1061215 -0.6147384 -0.7815593 -0.1343369 -0.05587106 0.9893594 -0.1343368 0.05587106 0.9893594 -0.1317056 0.2044298 0.9699804 -0.1061211 0.6147387 0.7815591 0.1061213 0.6147387 -0.7815591 0.1317057 0.2044298 -0.9699805 0.1343369 0.0558713 -0.9893593 0.1931989 -0.05839699 -0.9794203 0.1890758 -0.2132892 -0.9585187 0.1500349 -0.6316443 -0.7606018 -0.1500346 -0.631645 0.7606012 -0.1890755 -0.2132891 0.9585188 -0.1931983 -0.05839687 0.9794204 -0.1931985 0.05839693 0.9794203 -0.1890752 0.213289 0.9585188 -0.1500347 0.631645 0.7606012 0.1500347 0.6316443 -0.7606019 0.1890758 0.2132892 -0.9585186 0.2515339 -0.2258899 -0.9411188 -0.1952474 -0.6543843 0.7305201 -0.2577115 -0.06201338 0.9642298 -0.2577112 0.06201338 0.9642298 -0.2515345 0.2258901 0.9411185 -0.1952474 0.6543843 0.7305201 0.1952474 0.6543841 -0.7305203 0.2515338 0.2258899 -0.9411188 0.2577109 0.06201326 -0.96423 0.3302714 -0.06696522 -0.9415076 0.3210949 -0.242974 -0.9153478 0.2418125 -0.6828926 -0.6893362 -0.2418125 -0.6828924 0.6893363 -0.3210946 -0.2429739 0.915348 -0.3302716 0.06696528 0.9415075 -0.3210949 0.2429738 0.9153479 -0.2418124 0.6828925 0.6893364 0.2418125 0.6828926 -0.6893362 0.3210952 0.2429741 -0.9153477 0.3302716 0.06696528 -0.9415076 0.4138588 -0.07359004 -0.9073617 0.2893935 -0.7167208 -0.6344782 -0.2893933 -0.7167209 0.6344782 -0.4000905 -0.2655044 0.8771744 -0.413859 -0.07359004 0.9073617 -0.4138593 0.07359004 0.9073616 -0.4000903 0.2655043 0.8771746 -0.2893934 0.7167211 0.6344781 0.2893934 0.7167207 -0.6344785 0.4000903 0.2655046 -0.8771746 0.5118968 -0.08230525 -0.855095 0.4908539 -0.2945402 -0.8199442 0.3369945 -0.7546805 -0.5629316 -0.3369946 -0.7546808 0.5629314 -0.4908533 -0.2945402 0.8199446 -0.5118965 -0.08230519 0.8550952 -0.5118963 0.08230519 0.8550953 -0.4908537 0.2945402 0.8199443 -0.3369945 0.7546809 0.5629312 0.3369947 0.7546804 -0.5629316 0.4908537 0.2945403 -0.8199442 0.5118967 0.08230525 -0.8550951 0.6271873 -0.09348845 -0.7732374 0.5944986 -0.3307192 -0.7329368 0.3826314 -0.7943941 -0.4717321 -0.3826308 -0.7943944 0.4717323 -0.5944986 -0.3307192 0.7329366 -0.6271875 -0.09348851 0.7732372 -0.6271874 0.09348845 0.7732372 -0.5944991 0.3307194 0.7329362 -0.3826308 0.7943939 0.4717329 0.3826311 0.794394 -0.4717324 0.5944988 0.3307193 -0.7329365 0.6271873 0.09348851 -0.7732374 0.7580737 -0.1070247 -0.6433272 0.7074965 -0.3727743 -0.6004066 0.4230743 -0.8319264 -0.3590358 -0.4230747 -0.8319267 0.3590344 -0.7074964 -0.3727742 0.6004068 -0.7580731 0.1070247 0.643328 -0.7074966 0.3727743 0.6004065 0.707497 0.3727746 -0.6004057 0.7580733 0.1070247 -0.6433278 0.8888036 -0.1211498 -0.4419853 0.8148499 -0.4145177 -0.4052096 0.4540007 -0.8619239 -0.2257664 -0.4540007 -0.861924 0.2257661 -0.8148501 -0.4145177 0.405209 -0.8888032 -0.1211498 0.441986 -0.8888031 0.1211497 0.441986 -0.8148496 0.4145175 0.4052103 0.4540005 0.8619241 -0.2257661 0.8148496 0.4145174 -0.4052103 0.9783262 -0.1310708 -0.160307 0.8849732 -0.4424868 -0.1450098 0.4709396 -0.8787839 -0.07716715 -0.4709392 -0.8787841 0.0771678 -0.8849731 -0.4424867 0.1450106 -0.9783261 -0.1310707 0.1603072 -0.9783262 0.1310708 0.1603064 -0.8849732 0.4424867 0.1450106 -0.470939 0.8787842 0.07716745 0.4709394 0.878784 -0.0771678 0.8849733 0.4424867 -0.1450098 0.9783262 0.1310708 -0.1603065 0.9783262 -0.1310708 0.1603065 0.8849732 -0.4424867 0.1450098 0.4709395 -0.8787838 0.0771678 -0.4709392 -0.8787841 -0.07716745 -0.8849731 -0.4424867 -0.1450106 -0.9783263 -0.1310708 -0.1603064 -0.9783261 0.1310708 -0.1603072 -0.8849731 0.4424867 -0.1450105 -0.470939 0.8787841 -0.07716774 0.4709394 0.878784 0.07716709 0.8849732 0.4424867 0.1450098 0.9783262 0.1310708 0.160307 0.8888033 -0.1211498 0.4419858 0.8148499 -0.4145176 0.4052097 0.4540008 -0.8619241 0.2257658 -0.4540007 -0.8619239 -0.2257665 -0.8148498 -0.4145176 -0.4052097 -0.8888035 -0.1211498 -0.4419854 -0.8888034 0.1211498 -0.4419855 -0.8148497 0.4145175 -0.4052102 -0.4540007 0.8619242 -0.2257657 0.4540006 0.8619241 0.225766 0.8148497 0.4145175 0.4052102 0.8888032 0.1211498 0.4419859 0.7580738 -0.1070247 0.6433272 0.7074963 -0.3727738 0.6004071 0.4230742 -0.8319264 0.359036 -0.4230741 -0.8319267 -0.3590356 -0.7580724 -0.1070246 -0.6433289 -0.7580731 0.1070247 -0.643328 -0.7074968 0.372774 -0.6004065 -0.423074 0.8319267 -0.3590352 0.423074 0.8319263 0.3590364 0.707497 0.372774 0.6004061 0.7580734 0.1070247 0.6433276 0.6271874 -0.09348821 0.7732373 0.5944995 -0.3307199 0.7329356 0.3826314 -0.7943942 0.471732 -0.3826311 -0.794394 -0.4717326 -0.5944994 -0.3307195 -0.732936 -0.6271882 -0.09348857 -0.7732367 -0.627188 0.09348863 -0.7732368 -0.3826311 0.7943946 -0.4717317 0.3826315 0.7943943 0.4717317 0.5944986 0.3307194 0.7329366 0.6271881 0.09348827 0.7732367 0.5118968 -0.08230525 0.855095 0.4908537 -0.2945402 0.8199444 0.3369947 -0.7546805 0.5629315 -0.3369945 -0.7546808 -0.5629314 -0.5118963 -0.08230519 -0.8550953 -0.5118965 0.08230519 -0.8550952 -0.4908534 0.2945403 -0.8199445 -0.3369945 0.7546808 -0.5629314 0.3369946 0.7546805 0.5629316 0.4908539 0.2945402 0.8199442 0.5118969 0.08230531 0.855095 0.413859 -0.07359004 0.9073617 0.4000902 -0.2655045 0.8771746 0.2893935 -0.7167209 0.6344782 -0.2893937 -0.7167213 -0.6344777 -0.4000903 -0.2655043 -0.8771746 -0.4138593 -0.07359004 -0.9073615 -0.413859 0.07359004 -0.9073617 -0.4000908 0.2655045 -0.8771742 -0.2893933 0.7167209 -0.6344782 0.2893935 0.7167208 0.6344785 0.4138588 0.07359004 0.9073618 0.330272 -0.06696528 0.9415073 0.3210955 -0.2429742 0.9153476 0.2418127 -0.6828926 0.6893362 -0.2418125 -0.6828925 -0.6893364 -0.3210951 -0.242974 -0.9153478 -0.3302721 -0.06696528 -0.9415073 -0.3302717 0.06696528 -0.9415075 -0.2418128 0.6828923 -0.6893363 0.2418127 0.6828926 0.6893361 0.3210954 0.2429742 0.9153476 0.3302718 0.06696528 0.9415075 0.2577112 -0.06201326 0.9642298 0.2515344 -0.2258902 0.9411185 -0.1952474 -0.6543841 -0.7305203 -0.2515348 -0.2258902 -0.9411184 -0.2577113 -0.06201326 -0.9642299 -0.2577118 0.06201332 -0.9642297 -0.2515344 0.2258902 -0.9411185 -0.1952474 0.6543841 -0.7305203 0.1952474 0.654384 0.7305205 0.2515342 0.2258901 0.9411186 0.2577114 0.06201332 0.96423 0.1931987 -0.05839687 0.9794203 0.1890756 -0.2132892 0.9585188 0.1500348 -0.6316447 0.7606014 -0.1500347 -0.6316449 -0.7606014 -0.1890752 -0.213289 -0.9585188 -0.1931985 -0.05839693 -0.9794203 -0.1931983 0.05839687 -0.9794204 -0.1890755 0.2132891 -0.9585187 -0.1500347 0.6316449 -0.7606013 0.1500346 0.6316446 0.7606016 0.1890757 0.2132892 0.9585187 0.1931988 0.05839687 0.9794203 0.134337 -0.05587118 0.9893594 0.1317058 -0.2044298 0.9699804 0.1061214 -0.6147388 0.781559 -0.1061217 -0.6147389 -0.7815589 -0.1317058 -0.2044299 -0.9699804 -0.134337 -0.05587106 -0.9893594 -0.1343371 0.05587106 -0.9893594 -0.1317059 0.2044298 -0.9699804 -0.1061214 0.6147388 -0.781559 0.1061216 0.6147385 0.7815592 0.1317057 0.2044298 0.9699804 0.1343369 0.05587118 0.9893594 0.07919734 -0.0542708 0.9953805 0.07773125 -0.1987922 0.9769542 0.0632379 -0.603572 0.7947968 -0.06323766 -0.6035715 -0.7947972 -0.07773119 -0.1987923 -0.9769542 -0.07919728 -0.0542708 -0.9953806 -0.07919728 0.0542708 -0.9953806 -0.07773095 0.1987923 -0.9769542 -0.0632379 0.6035715 -0.7947971 0.06323796 0.6035716 0.794797 0.07773125 0.1987922 0.9769542 0.07919734 0.0542708 0.9953806 0.02617079 -0.05349469 0.9982251 0.02569973 -0.1960513 0.9802568 0.02100539 -0.5980255 0.8012018 -0.02100545 -0.5980254 -0.8012019 -0.02569985 -0.1960514 -0.9802568 -0.0261709 -0.05349469 -0.9982251 -0.02617096 0.05349469 -0.9982252 -0.02569979 0.1960513 -0.9802568 -0.02100539 0.5980254 -0.8012019 0.02100539 0.5980252 0.801202 0.02569973 0.1960513 0.9802567 0.02617096 0.05349469 0.9982252 -0.0261709 -0.05349481 0.9982252 -0.02570003 -0.1960512 0.9802568 -0.02100551 -0.5980255 0.8012018 0.02100539 -0.5980253 -0.8012019 0.02569979 -0.1960513 -0.9802569 0.02617084 -0.05349469 -0.9982251 0.02617084 0.05349469 -0.9982252 0.02569973 0.1960512 -0.9802568 0.02100551 0.5980254 -0.8012019 -0.02100563 0.5980252 0.801202 -0.02569979 0.1960512 0.9802568 -0.02617126 0.05349481 0.998225 -0.0791971 -0.05427068 0.9953805 -0.07773113 -0.1987923 0.9769542 0.0632379 -0.6035716 -0.794797 0.07773119 -0.1987922 -0.9769542 0.07919752 -0.0542708 -0.9953806 0.07919728 0.0542708 -0.9953805 0.07773125 0.1987922 -0.9769542 0.06323778 0.6035716 -0.7947971 -0.06323784 0.6035715 0.7947971 -0.07773101 0.1987923 0.9769542 -0.0791971 0.05427068 0.9953806 -0.134337 -0.055871 0.9893594 -0.1317054 -0.20443 0.9699804 -0.1061214 -0.6147387 0.7815591 0.1061215 -0.6147387 -0.781559 0.1317058 -0.2044298 -0.9699804 0.134337 -0.05587124 -0.9893594 0.1343371 0.05587124 -0.9893593 0.1061214 0.6147387 -0.781559 -0.1061213 0.6147383 0.7815594 -0.1317057 0.2044301 0.9699804 -0.1343367 0.055871 0.9893594 -0.1931986 -0.05839693 0.9794203 -0.1890758 -0.2132892 0.9585186 -0.1500347 -0.631645 0.7606012 0.1500347 -0.6316448 -0.7606013 0.1890754 -0.2132892 -0.9585188 0.1931982 -0.05839693 -0.9794204 0.1500347 0.6316449 -0.7606014 -0.1890756 0.2132892 0.9585187 -0.1931985 0.05839693 0.9794203 -0.2577112 -0.0620135 0.9642298 -0.2515341 -0.2258902 0.9411185 -0.1952474 -0.6543839 0.7305204 0.1952471 -0.6543839 -0.7305205 0.2515342 -0.2258901 -0.9411186 0.2577114 -0.06201332 -0.9642298 0.2577112 0.06201332 -0.96423 0.2515339 0.2258901 -0.9411187 0.1952474 0.654384 -0.7305203 -0.1952473 0.6543839 0.7305206 -0.2515342 0.2258902 0.9411186 -0.2577116 0.06201356 0.9642298 -0.3302718 -0.06696516 0.9415073 -0.3210953 -0.2429742 0.9153476 -0.2418127 -0.6828927 0.6893361 0.2418131 -0.6828925 -0.6893361 0.3210955 -0.2429743 -0.9153476 0.3302723 -0.0669654 -0.9415073 0.330272 0.06696534 -0.9415073 0.3210957 0.2429744 -0.9153475 0.2418127 0.6828923 -0.6893364 -0.2418126 0.6828927 0.6893361 -0.3210953 0.2429741 0.9153477 -0.3302718 0.06696516 0.9415074 -0.4138595 -0.07358986 0.9073615 -0.4000906 -0.2655047 0.8771743 -0.2893936 -0.7167212 0.6344779 0.2893936 -0.7167209 -0.6344782 0.4138586 -0.07359004 -0.9073619 0.4138594 0.07359009 -0.9073615 0.4000904 0.2655047 -0.8771744 0.2893936 0.7167208 -0.6344783 -0.2893936 0.7167212 0.6344778 -0.5118962 -0.08230525 0.8550954 -0.4908532 -0.2945402 0.8199446 -0.3369943 -0.7546804 0.5629318 0.3369947 -0.7546806 -0.5629315 0.490853 -0.2945401 -0.8199448 0.5118963 -0.08230501 -0.8550953 0.5118958 0.08230495 -0.8550957 0.4908535 0.2945404 -0.8199443 0.3369944 0.7546803 -0.562932 -0.3369944 0.7546803 0.5629319 -0.4908534 0.2945404 0.8199445 -0.5118963 0.08230525 0.8550953 -0.6271875 -0.09348851 0.7732372 -0.5944989 -0.3307192 0.7329365 -0.3826313 -0.7943943 0.471732 0.6271882 -0.09348857 -0.7732366 0.627188 0.09348857 -0.7732368 0.5944991 0.3307192 -0.7329363 0.3826311 0.7943946 -0.4717317 -0.3826311 0.7943941 0.4717323 -0.5944988 0.3307191 0.7329366 -0.6271874 0.09348851 0.7732372 -0.7580727 -0.1070249 0.6433284 -0.7074968 -0.3727741 0.6004065 -0.4230737 -0.8319265 0.3590361 0.4230739 -0.8319264 -0.3590362 0.7074962 0.3727738 -0.6004073 0.4230738 0.8319267 -0.3590355 -0.4230739 0.8319266 0.3590357 -0.8888043 -0.1211499 0.4419836 -0.8148501 -0.4145181 0.4052088 -0.454001 -0.8619241 0.2257652 0.4540006 -0.8619242 -0.2257656 0.8148505 -0.4145177 -0.4052084 0.4540006 0.8619244 -0.225765 -0.4540008 0.8619241 0.2257655 -0.8148504 0.4145181 0.4052081 -0.978326 -0.1310706 0.1603081 -0.4709393 -0.878784 0.07716774 0.4709393 -0.878784 -0.07716745 0.8849732 -0.4424867 -0.1450105 0.9783263 -0.1310706 -0.1603063 0.4709391 0.8787841 -0.07716774 -0.4709392 0.8787841 0.07716798 -0.884973 0.4424867 0.1450113 -0.9783259 0.1310706 0.1603087 -0.978326 -0.1310707 -0.1603079 -0.884973 -0.4424866 -0.1450113 -0.4709392 -0.8787841 -0.07716763 0.4709392 -0.8787841 0.07716733 0.8849732 -0.4424867 0.1450103 0.9783263 -0.1310708 0.1603061 0.9783262 0.1310708 0.1603071 0.470939 0.8787842 0.07716763 -0.470939 0.8787841 -0.07716786 -0.8849731 0.4424867 -0.1450111 -0.9783259 0.1310707 -0.1603084 -0.8888042 -0.1211498 -0.4419838 -0.8148502 -0.4145177 -0.4052088 -0.4540009 -0.8619242 -0.2257652 0.4540008 -0.8619241 0.2257657 0.8148505 -0.4145179 0.4052081 0.8888033 -0.1211498 0.4419859 0.8888042 0.1211499 0.4419839 0.8148501 0.4145177 0.4052091 0.4540007 0.8619243 0.2257652 -0.4540007 0.8619242 -0.2257655 -0.8148505 0.4145179 -0.4052081 -0.8888043 0.1211499 -0.4419838 -0.7074971 -0.3727744 -0.6004058 -0.4230741 -0.8319261 -0.3590365 0.4230741 -0.8319268 0.3590351 0.7074961 -0.3727737 0.6004075 0.7580742 -0.1070252 0.6433268 0.7580723 0.1070249 0.6433289 0.7074971 0.3727741 0.6004061 0.4230738 0.8319267 0.3590357 -0.4230744 0.8319268 -0.3590348 -0.7580735 0.1070248 -0.6433276 -0.627188 -0.09348845 -0.7732369 -0.5944991 -0.3307192 -0.7329363 -0.3826312 -0.7943944 -0.471732 0.3826311 -0.7943946 0.4717316 0.5944992 -0.3307197 0.732936 0.6271883 -0.09348827 0.7732365 0.6271883 0.09348821 0.7732365 0.5944988 0.3307195 0.7329363 0.3826314 0.7943944 0.4717319 -0.3826312 0.7943943 -0.4717321 -0.5944993 0.3307195 -0.7329361 -0.6271882 0.09348851 -0.7732366 -0.5118961 -0.08230513 -0.8550954 -0.4908531 -0.2945401 -0.8199448 -0.3369945 -0.7546806 -0.5629316 0.3369946 -0.7546807 0.5629313 0.4908534 -0.2945405 0.8199444 0.5118961 -0.08230483 0.8550955 0.4908536 0.2945403 0.8199444 0.3369942 0.7546806 0.5629317 -0.3369947 0.7546804 -0.5629316 -0.4908534 0.2945404 -0.8199445 -0.5118963 0.08230519 -0.8550953 -0.4138597 -0.07359009 -0.9073613 -0.4000906 -0.2655047 -0.8771742 -0.2893935 -0.7167208 -0.6344782 0.2893935 -0.7167208 0.6344783 0.4000909 -0.265505 0.8771741 0.4138584 -0.07358968 0.9073621 0.4138597 0.0735898 0.9073614 0.4000906 0.2655047 0.8771744 -0.4000909 0.2655048 -0.8771741 -0.413859 0.07359004 -0.9073616 -0.3302718 -0.06696504 -0.9415074 -0.3210957 -0.2429744 -0.9153475 -0.2418128 -0.6828929 -0.6893357 0.241813 -0.6828927 0.6893359 0.3210954 -0.242974 0.9153476 0.330272 0.06696546 0.9415073 0.3210959 0.2429741 0.9153475 0.2418129 0.6828927 0.689336 -0.2418128 0.6828929 -0.6893358 -0.330272 0.0669651 -0.9415073 -0.2577115 -0.06201332 -0.9642298 -0.2515339 -0.2258899 -0.9411187 -0.1952474 -0.6543841 -0.7305203 0.1952472 -0.6543838 0.7305206 0.2515344 -0.2258902 0.9411186 0.2577115 -0.06201338 0.9642298 0.2577113 0.06201338 0.9642298 0.2515341 0.2258902 0.9411185 0.1952474 0.6543839 0.7305205 -0.1952471 0.6543839 -0.7305206 -0.2515345 0.2258901 -0.9411185 -0.2577117 0.06201332 -0.9642297 -0.1931984 -0.05839681 -0.9794204 -0.1890758 -0.2132897 -0.9585185 -0.1500349 -0.6316445 -0.7606016 0.1500347 -0.6316447 0.7606014 0.1890755 -0.2132892 0.9585187 0.1931982 -0.05839675 0.9794204 0.1931985 0.05839681 0.9794203 0.1890755 0.2132892 0.9585187 0.1500349 0.6316449 0.7606013 -0.1500352 0.6316447 -0.7606014 -0.1890754 0.2132896 -0.9585187 -0.1931983 0.05839681 -0.9794203 -0.1343368 -0.05587106 -0.9893594 -0.1317055 -0.2044298 -0.9699805 -0.1061213 -0.6147383 -0.7815594 0.1061216 -0.6147391 0.7815587 0.1317057 -0.2044298 0.9699804 0.1343372 -0.05587118 0.9893593 0.134337 0.05587118 0.9893594 0.1317059 0.2044299 0.9699804 0.1061213 0.6147389 0.7815589 -0.1061213 0.6147387 -0.7815591 -0.1317054 0.2044298 -0.9699805 -0.1343372 0.05587106 -0.9893594 -0.07919782 -0.05427104 -0.9953805 -0.07773137 -0.1987922 -0.9769542 -0.06323796 -0.6035714 -0.7947971 0.0632379 -0.6035716 0.794797 0.07919752 -0.0542708 0.9953806 0.07919758 0.0542708 0.9953805 0.07773125 0.1987923 0.9769542 -0.07773172 0.1987922 -0.9769542 -0.0791971 0.05427104 -0.9953806 -0.02617079 -0.05349445 -0.9982252 -0.02569997 -0.1960517 -0.9802567 -0.0210058 -0.598025 -0.8012021 0.02100527 -0.5980252 0.8012021 0.02617102 -0.05349469 0.9982252 0.02617102 0.05349469 0.9982252 0.02569961 0.1960514 0.9802568 0.0210058 0.5980252 0.8012021 -0.02100557 0.5980253 -0.8012019 -0.02569967 0.1960516 -0.9802567 -0.02617114 0.05349445 -0.9982252 0.02617096 -0.05349469 -0.9982251 0.02569937 -0.1960514 -0.9802568 0.02100563 -0.5980247 -0.8012024 -0.0261709 -0.05349469 0.9982252 -0.02617096 0.05349469 0.9982252 -0.02569979 0.1960511 0.9802568 -0.02100557 0.5980257 0.8012016 0.02100509 0.598025 -0.8012021 0.02569991 0.1960514 -0.9802567 0.02617061 0.05349469 -0.9982252 0.0791971 -0.05427104 -0.9953805 0.06323796 -0.603572 -0.7947968 -0.0632379 -0.603572 0.7947967 -0.07919722 -0.0542708 0.9953806 -0.07919728 0.0542708 0.9953805 -0.07773125 0.198792 0.9769542 -0.06323796 0.603572 0.7947967 0.06323796 0.6035723 -0.7947965 0.07773101 0.1987919 -0.9769543 0.0791971 0.05427104 -0.9953806 0.1343369 -0.05587136 -0.9893593 0.1317057 -0.2044298 -0.9699805 0.1061213 -0.6147387 -0.7815591 -0.1061211 -0.6147389 0.7815591 -0.1317056 -0.2044295 0.9699805 -0.1343369 0.05587112 0.9893594 -0.1317052 0.2044296 0.9699805 -0.1061212 0.6147389 0.781559 0.1061215 0.6147391 -0.7815588 0.1317056 0.2044297 -0.9699805 0.134337 0.05587136 -0.9893594 0.1890757 -0.2132893 -0.9585186 0.1500346 -0.6316445 -0.7606016 -0.1500347 -0.6316449 0.7606012 -0.1890752 -0.2132892 0.9585188 -0.1931985 -0.05839681 0.9794204 -0.1931982 0.05839681 0.9794204 -0.1890755 0.2132892 0.9585187 -0.1500346 0.6316448 0.7606014 0.150035 0.631645 -0.7606012 0.1890758 0.2132893 -0.9585187 0.1931989 0.05839705 -0.9794203 0.2577108 -0.0620135 -0.96423 0.2515338 -0.2258899 -0.9411188 0.1952475 -0.6543835 -0.7305207 -0.1952474 -0.6543843 0.7305201 -0.2515345 -0.22589 0.9411185 -0.2577112 -0.06201344 0.9642298 -0.2577115 0.06201344 0.9642298 -0.2515345 0.22589 0.9411185 -0.1952474 0.6543843 0.7305201 0.1952471 0.6543833 -0.730521 0.2515339 0.22589 -0.9411187 0.2577112 0.0620135 -0.96423 0.3302716 -0.06696516 -0.9415076 0.3210952 -0.2429739 -0.9153478 0.2418125 -0.6828925 -0.6893362 -0.2418121 -0.6828926 0.6893364 -0.3210949 -0.2429738 0.9153479 -0.3302716 -0.06696522 0.9415075 -0.3302714 0.06696522 0.9415075 -0.3210949 0.2429738 0.9153479 -0.2418125 0.6828927 0.689336 0.2418125 0.6828925 -0.6893362 0.321095 0.2429739 -0.9153479 0.3302714 0.06696516 -0.9415076 0.4138591 -0.07358998 -0.9073617 0.4000903 -0.2655045 -0.8771745 -0.4000903 -0.2655045 0.8771744 -0.4138593 -0.07358998 0.9073616 -0.413859 0.07358992 0.9073617 -0.4000903 0.2655043 0.8771746 0.2893934 0.7167209 -0.6344781 0.4000903 0.2655047 -0.8771744 0.4138589 0.07358992 -0.9073618 0.5118967 -0.08230531 -0.8550951 0.4908533 -0.2945403 -0.8199446 0.3369946 -0.7546805 -0.5629315 -0.3369944 -0.7546808 0.5629314 -0.4908537 -0.2945402 0.8199443 -0.5118963 -0.08230525 0.8550953 -0.5118966 0.08230531 0.8550952 -0.3369945 0.7546808 0.5629312 0.4908539 0.2945405 -0.8199441 0.5118969 0.08230531 -0.855095 0.6271873 -0.09348851 -0.7732374 0.5944993 -0.3307191 -0.7329363 0.382631 -0.7943941 -0.4717325 -0.382631 -0.7943943 0.471732 -0.5944989 -0.3307192 0.7329366 -0.6271874 -0.09348851 0.7732372 -0.6271877 0.09348851 0.7732369 -0.5944985 0.3307189 0.7329369 -0.3826308 0.7943943 0.471732 0.3826312 0.7943941 -0.4717324 0.6271873 0.09348851 -0.7732374 0.7580733 -0.1070249 -0.6433278 -0.7074969 -0.3727741 0.6004062 -0.7580731 -0.1070249 0.643328 -0.7074962 0.372774 0.6004071 -0.4230741 0.8319266 0.3590354 0.4230744 0.8319267 -0.3590348 0.7074966 0.372774 -0.6004067 0.7580737 0.1070249 -0.6433272 0.4540008 -0.8619239 -0.2257662 -0.8148497 -0.4145178 0.40521 -0.8888031 -0.1211498 0.441986 -0.8888032 0.1211498 0.441986 -0.81485 0.4145179 0.405209 -0.4540007 0.8619241 0.2257662 0.4540007 0.8619239 -0.2257665 0.8148499 0.414518 -0.4052091 0.8888036 0.1211498 -0.4419853 0.9783263 -0.1310706 -0.1603064 0.8849732 -0.4424867 -0.1450098 0.4709393 -0.878784 -0.0771678 -0.4709393 -0.878784 0.07716751 -0.8849732 -0.4424867 0.1450105 -0.9783263 -0.1310707 0.1603064 -0.9783262 0.1310706 0.1603073 -0.8849732 0.4424867 0.1450105 -0.4709392 0.8787841 0.07716774 0.4709392 0.8787841 -0.07716703 0.8849732 0.4424867 -0.1450098 0.9783262 0.1310707 -0.1603069 -1 0 0 0 1 0 1 0 0 0 -1 0 0 0 -1 0 0 1 -1 0 0 0 1 0 1 0 0 0 -1 0 0 0 -1 0 0 1 -1 0 0 0 1 0 1 0 0 0 -1 0 0 0 -1 0 0 1 -0.7074965 -0.3727739 -0.6004068 -0.5944991 0.3307194 -0.7329363 -0.4908537 -0.2945402 -0.8199443 0.4000902 0.2655045 0.8771745 -0.3210949 0.2429741 -0.9153478 0.1952474 -0.654384 0.7305204 -0.06323778 -0.6035718 0.7947969 0.1317057 0.2044298 -0.9699804 0.1931985 0.05839693 -0.9794203 0.1890755 0.2132892 -0.9585187 -0.1500348 0.6316447 0.7606015 0.4000906 -0.2655045 -0.8771744 -0.4000906 0.2655047 0.8771743 -0.413859 0.0735898 0.9073617 0.3826308 -0.7943943 -0.4717323 0.5944995 -0.3307192 -0.732936 0.7074959 -0.3727738 -0.6004076 0.7580729 -0.1070249 -0.6433283 0.7580724 0.1070249 -0.6433287 -0.7074962 0.3727738 0.6004073 -0.7580731 0.1070249 0.643328 0.8888031 -0.1211501 -0.441986 0.8888041 0.1211503 -0.4419839 0.8148502 0.4145175 -0.4052091 -0.8888043 0.1211498 0.4419838 -0.8849729 -0.4424867 0.1450114 0.9783262 0.1310707 -0.1603072 0.8849732 0.4424867 -0.1450105 0.8849732 0.4424867 0.1450102 -0.7580733 -0.1070247 -0.6433278 -0.7074965 0.3727744 -0.6004065 0.5118963 0.08230483 0.8550954 0.2893936 0.7167209 0.6344781 -0.2893937 0.7167211 -0.6344779 0.3302725 -0.06696552 0.9415072 -0.3210952 0.2429742 -0.9153476 0.07773149 -0.1987923 0.9769541 0.06323796 0.6035716 0.794797 -0.06323802 0.6035718 -0.7947969 0.02569997 -0.1960514 0.9802569 -0.02100545 -0.5980258 0.8012016 -0.02569985 -0.1960511 0.9802568 0.07773137 -0.1987919 -0.9769542 -0.07773119 -0.198792 0.9769543 -0.1343368 -0.05587112 0.9893594 0.1931989 -0.05839705 -0.9794203 0.2893933 -0.7167209 -0.6344783 -0.2893937 -0.7167209 0.6344782 -0.2893933 0.7167209 0.6344783 -0.4908536 0.2945401 0.8199445 0.3369948 0.7546806 -0.5629314 0.5944987 0.3307191 -0.7329368 0.7074968 -0.3727742 -0.6004063 0.4230741 -0.8319263 -0.3590359 -0.4230737 -0.8319268 0.3590356 -0.7580733 0.1070249 0.6433277 0.8888036 -0.1211498 -0.4419852 0.8148495 -0.4145177 -0.4052102 -0.454001 -0.8619241 0.2257658 -0.8849731 -0.4424867 -0.1450105 0.8148497 -0.4145174 0.40521 0.4230741 0.8319263 0.3590363 -0.6271882 0.09348857 -0.7732367 0.5118969 -0.08230531 0.855095 -0.5118963 0.08230525 -0.8550953 -0.4908537 0.2945402 -0.8199443 0.4138588 -0.07358992 0.9073618 0.4000902 -0.2655046 0.8771745 -0.4000908 -0.2655047 -0.8771743 0.2893934 0.7167207 0.6344785 0.3302718 -0.06696516 0.9415075 -0.3210952 -0.2429741 -0.9153478 0.2577114 -0.06201338 0.96423 0.2515342 -0.2258901 0.9411186 -0.2515348 0.2258901 -0.9411185 0.1500349 -0.631645 0.7606012 -0.1890755 -0.2132892 -0.9585187 0.1890755 0.2132892 0.9585188 -0.06323766 0.6035718 -0.794797 0.0632379 0.6035717 0.794797 0.07919734 0.0542708 0.9953805 -0.02100545 0.5980253 -0.8012019 0.02617079 0.05349481 0.9982251 -0.02617126 -0.05349457 0.998225 -0.0261709 0.05349457 0.9982252 -0.0791971 0.05427068 0.9953805 -0.1061213 -0.6147388 0.7815589 -0.134337 0.05587118 0.9893594 -0.1931985 -0.05839699 0.9794203 -0.1931986 0.05839699 0.9794203 -0.1952474 0.6543841 0.7305203 0.3302722 0.0669654 -0.9415073 0.3210954 0.2429742 -0.9153476 -0.2893937 -0.7167211 0.6344779 0.2893936 -0.7167209 -0.6344781 0.4138586 0.0735898 -0.9073619 -0.3369944 0.7546803 0.562932 -0.4908531 0.29454 0.8199449 0.3826311 0.7943946 -0.4717316 -0.4540007 0.8619243 0.2257651 0.4709392 -0.8787841 -0.07716774 0.8849731 -0.4424867 -0.1450105 -0.470939 0.8787841 0.07716768 -0.8849731 0.4424866 0.1450115 -0.978326 0.1310707 0.1603081 -0.978326 -0.1310706 -0.1603085 -0.8849731 -0.4424867 -0.1450111 0.8849732 -0.4424867 0.1450102 -0.4709392 0.8787841 -0.07716763 -0.884973 0.4424867 -0.1450113 -0.978326 0.1310706 -0.160308 0.8148502 -0.4145175 0.405209 0.8888041 -0.1211503 0.441984 0.4230741 -0.831927 0.3590345 0.7074969 -0.3727745 0.600406 0.7580726 -0.1070245 0.6433287 0.7580742 0.1070246 0.6433268 -0.3826312 -0.7943943 -0.471732 -0.5944991 0.3307195 -0.7329362 0.3369945 -0.7546804 0.5629317 -0.5118961 0.08230525 -0.8550954 -0.4138591 -0.07358974 -0.9073617 0.2893935 -0.7167208 0.6344783 0.3210954 0.2429742 0.9153476 -0.2515339 0.2258904 -0.9411187 0.1890755 -0.2132892 0.9585187 0.1931985 -0.05839693 0.9794203 -0.0791971 -0.05427056 -0.9953806 0.02617102 0.05349469 0.9982252 -0.1061212 -0.6147387 0.7815591 -0.1317052 -0.2044298 0.9699805 0.1931988 0.05839699 -0.9794202 0.2577112 -0.06201332 -0.96423 0.1952469 -0.6543838 -0.7305206 -0.2515345 -0.2258901 0.9411185 -0.3302714 -0.06696528 0.9415075 0.4000903 -0.2655045 -0.8771744 0.4138591 0.07359004 -0.9073617 -0.7580736 -0.1070248 0.6433274 -0.4230741 0.8319263 0.3590362 0.4230744 0.8319267 -0.3590347 -0.4540007 0.8619242 0.2257657 0.8888037 0.1211499 -0.441985</float_array>
          <technique_common>
            <accessor source="#Cube_022-mesh-normals-array" count="1188" stride="3">
              <param name="X" type="float"/>
              <param name="Y" type="float"/>
              <param name="Z" type="float"/>
            </accessor>
          </technique_common>
        </source>
        <source id="Cube_022-mesh-map-0">
          <float_array id="Cube_022-mesh-map-0-array" count="7128">0.375 0 0.625 0.25 0.375 0.25 0.375 0.25 0.625 0.5 0.375 0.5 0.375 0.5 0.625 0.75 0.375 0.75 0.375 0.75 0.625 1 0.375 1 0.125 0.5 0.375 0.75 0.125 0.75 0.625 0.5 0.875 0.75 0.625 0.75 0.375 0 0.625 0.25 0.375 0.25 0.375 0.25 0.625 0.5 0.375 0.5 0.375 0.5 0.625 0.75 0.375 0.75 0.375 0.75 0.625 1 0.375 1 0.125 0.5 0.375 0.75 0.125 0.75 0.625 0.5 0.875 0.75 0.625 0.75 0.375 0 0.625 0.25 0.375 0.25 0.375 0.25 0.625 0.5 0.375 0.5 0.375 0.5 0.625 0.75 0.375 0.75 0.375 0.75 0.625 1 0.375 1 0.125 0.5 0.375 0.75 0.125 0.75 0.625 0.5 0.875 0.75 0.625 0.75 0.5 0.5 0.5208333 0.5 0.5208333 0.5833333 0.5 0.5833333 0.5208333 0.5833333 0.5208333 0.6666667 0.5 0.6666667 0.5208333 0.6666667 0.5208333 0.75 0.5 0.75 0.5208333 0.75 0.5208333 0.8333333 0.5 0.9166667 0.5208333 0.9166667 0.5208333 1 0.5 0 0.5208333 0 0.5208333 0.08333331 0.5 0.08333331 0.5208333 0.08333331 0.5208333 0.1666666 0.5 0.1666666 0.5208333 0.1666666 0.5208333 0.25 0.5 0.25 0.5208333 0.25 0.5208333 0.3333333 0.5 0.3333333 0.5208333 0.3333333 0.5208333 0.4166666 0.5 0.4166666 0.5208333 0.4166666 0.5208333 0.5 0.5208333 0.5 0.5416667 0.5 0.5416667 0.5833333 0.5208333 0.6666667 0.5416667 0.6666667 0.5416667 0.75 0.5208333 0.75 0.5416667 0.75 0.5416667 0.8333333 0.5208333 0.8333333 0.5416667 0.8333333 0.5416667 0.9166667 0.5208333 0.9166667 0.5416667 0.9166667 0.5416667 1 0.5208333 0 0.5416667 0 0.5416667 0.08333331 0.5208333 0.08333331 0.5416667 0.08333331 0.5416667 0.1666666 0.5208333 0.1666666 0.5416667 0.1666666 0.5416667 0.25 0.5208333 0.25 0.5416667 0.25 0.5416667 0.3333333 0.5208333 0.3333333 0.5416667 0.3333333 0.5416667 0.4166666 0.5208333 0.4166666 0.5416667 0.4166666 0.5416667 0.5 0.5416667 0.5 0.5625 0.5 0.5625 0.5833333 0.5416667 0.5833333 0.5625 0.5833333 0.5625 0.6666667 0.5416667 0.6666667 0.5625 0.6666667 0.5625 0.75 0.5416667 0.75 0.5625 0.75 0.5625 0.8333333 0.5416667 0.8333333 0.5625 0.8333333 0.5625 0.9166667 0.5416667 0.9166667 0.5625 0.9166667 0.5625 1 0.5416667 0 0.5625 0 0.5625 0.08333331 0.5416667 0.08333331 0.5625 0.08333331 0.5625 0.1666666 0.5416667 0.1666666 0.5625 0.1666666 0.5625 0.25 0.5416667 0.3333333 0.5625 0.3333333 0.5625 0.4166666 0.5416667 0.4166666 0.5625 0.4166666 0.5625 0.5 0.5625 0.5 0.5833333 0.5 0.5833333 0.5833333 0.5625 0.5833333 0.5833333 0.5833333 0.5833333 0.6666667 0.5625 0.6666667 0.5833333 0.6666667 0.5833333 0.75 0.5625 0.75 0.5833333 0.75 0.5833333 0.8333333 0.5625 0.8333333 0.5833333 0.8333333 0.5833333 0.9166667 0.5625 0.9166667 0.5833333 0.9166667 0.5833333 1 0.5625 0.08333331 0.5833333 0.08333331 0.5833333 0.1666666 0.5625 0.1666666 0.5833333 0.1666666 0.5833333 0.25 0.5625 0.25 0.5833333 0.25 0.5833333 0.3333333 0.5625 0.3333333 0.5833333 0.3333333 0.5833333 0.4166666 0.5625 0.4166666 0.5833333 0.4166666 0.5833333 0.5 0.5833333 0.5833333 0.6041667 0.5833333 0.6041667 0.6666667 0.5833333 0.6666667 0.6041667 0.6666667 0.6041667 0.75 0.5833333 0.75 0.6041667 0.75 0.6041667 0.8333333 0.5833333 0.8333333 0.6041667 0.8333333 0.6041667 0.9166667 0.5833333 0.9166667 0.6041667 0.9166667 0.6041667 1 0.5833333 0.1666666 0.6041667 0.1666666 0.6041667 0.25 0.5833333 0.25 0.6041667 0.25 0.6041667 0.3333333 0.5833333 0.3333333 0.6041667 0.3333333 0.6041667 0.4166666 0.5833333 0.4166666 0.6041667 0.4166666 0.6041667 0.5 0.6041667 0.6666667 0.625 0.6666667 0.625 0.75 0.6041667 0.75 0.625 0.75 0.625 0.8333333 0.6041667 0.9166667 0.625 0.9166667 0.625 1 0.6041667 0 0.625 0 0.625 0.08333331 0.6041667 0.08333331 0.625 0.08333331 0.625 0.1666666 0.6041667 0.1666666 0.625 0.1666666 0.625 0.25 0.6041667 0.3333333 0.625 0.3333333 0.625 0.4166666 0.6041667 0.4166666 0.625 0.4166666 0.625 0.5 0.625 0.5833333 0.6458333 0.5833333 0.6458333 0.6666667 0.625 0.6666667 0.6458333 0.6666667 0.6458333 0.75 0.625 0.75 0.6458333 0.75 0.6458333 0.8333333 0.625 0.9166667 0.6458333 0.9166667 0.6458333 1 0.625 0 0.6458333 0 0.6458333 0.08333331 0.625 0.08333331 0.6458333 0.08333331 0.6458333 0.1666666 0.625 0.1666666 0.6458333 0.1666666 0.6458333 0.25 0.625 0.25 0.6458333 0.25 0.6458333 0.3333333 0.625 0.3333333 0.6458333 0.3333333 0.6458333 0.4166666 0.625 0.4166666 0.6458333 0.4166666 0.6458333 0.5 0.6458333 0.6666667 0.6666667 0.6666667 0.6666667 0.75 0.6458333 0.75 0.6666667 0.75 0.6666667 0.8333333 0.6458333 0.8333333 0.6666667 0.8333333 0.6666667 0.9166667 0.6458333 0.9166667 0.6666667 0.9166667 0.6666667 1 0.6458333 0 0.6666667 0 0.6666667 0.08333331 0.6458333 0.1666666 0.6666667 0.1666666 0.6666667 0.25 0.6458333 0.25 0.6666667 0.25 0.6666667 0.3333333 0.6458333 0.3333333 0.6666667 0.3333333 0.6666667 0.4166666 0.6458333 0.4166666 0.6666667 0.4166666 0.6666667 0.5 0.6666667 0.5 0.6875 0.5 0.6875 0.5833333 0.6666667 0.5833333 0.6875 0.5833333 0.6875 0.6666667 0.6666667 0.75 0.6875 0.75 0.6875 0.8333333 0.6666667 0.9166667 0.6875 0.9166667 0.6875 1 0.6666667 0 0.6875 0 0.6875 0.08333331 0.6666667 0.08333331 0.6875 0.08333331 0.6875 0.1666666 0.6666667 0.1666666 0.6875 0.1666666 0.6875 0.25 0.6666667 0.25 0.6875 0.25 0.6875 0.3333333 0.6666667 0.4166666 0.6875 0.4166666 0.6875 0.5 0.6875 0.5 0.7083333 0.5 0.7083333 0.5833333 0.6875 0.5833333 0.7083333 0.5833333 0.7083333 0.6666667 0.6875 0.6666667 0.7083333 0.6666667 0.7083333 0.75 0.6875 0.75 0.7083333 0.75 0.7083333 0.8333333 0.6875 0.8333333 0.7083333 0.8333333 0.7083333 0.9166667 0.6875 0.9166667 0.7083333 0.9166667 0.7083333 1 0.6875 0 0.7083333 0 0.7083333 0.08333331 0.6875 0.08333331 0.7083333 0.08333331 0.7083333 0.1666666 0.6875 0.1666666 0.7083333 0.1666666 0.7083333 0.25 0.6875 0.25 0.7083333 0.25 0.7083333 0.3333333 0.6875 0.3333333 0.7083333 0.3333333 0.7083333 0.4166666 0.6875 0.4166666 0.7083333 0.4166666 0.7083333 0.5 0.7083333 0.5 0.7291667 0.5 0.7291667 0.5833333 0.7083333 0.5833333 0.7291667 0.5833333 0.7291667 0.6666667 0.7083333 0.6666667 0.7291667 0.6666667 0.7291667 0.75 0.7083333 0.75 0.7291667 0.75 0.7291667 0.8333333 0.7083333 0.8333333 0.7291667 0.8333333 0.7291667 0.9166667 0.7083333 0.9166667 0.7291667 0.9166667 0.7291667 1 0.7083333 0 0.7291667 0 0.7291667 0.08333331 0.7083333 0.08333331 0.7291667 0.08333331 0.7291667 0.1666666 0.7083333 0.3333333 0.7291667 0.3333333 0.7291667 0.4166666 0.7291667 0.5 0.75 0.5 0.75 0.5833333 0.7291667 0.5833333 0.75 0.5833333 0.75 0.6666667 0.7291667 0.6666667 0.75 0.6666667 0.75 0.75 0.7291667 0.75 0.75 0.75 0.75 0.8333333 0.7291667 0.8333333 0.75 0.8333333 0.75 0.9166667 0.7291667 0.9166667 0.75 0.9166667 0.75 1 0.7291667 0 0.75 0 0.75 0.08333331 0.7291667 0.08333331 0.75 0.08333331 0.75 0.1666666 0.7291667 0.25 0.75 0.25 0.75 0.3333333 0.7291667 0.3333333 0.75 0.3333333 0.75 0.4166666 0.75 0.5833333 0.7708333 0.5833333 0.7708333 0.6666667 0.75 0.6666667 0.7708333 0.6666667 0.7708333 0.75 0.75 0.75 0.7708333 0.75 0.7708333 0.8333333 0.75 0.8333333 0.7708333 0.8333333 0.7708333 0.9166667 0.75 0.9166667 0.7708333 0.9166667 0.7708333 1 0.75 0 0.7708333 0 0.7708333 0.08333331 0.75 0.08333331 0.7708333 0.08333331 0.7708333 0.1666666 0.75 0.1666666 0.7708333 0.1666666 0.7708333 0.25 0.75 0.25 0.7708333 0.25 0.7708333 0.3333333 0.75 0.3333333 0.7708333 0.3333333 0.7708333 0.4166666 0.7708333 0.5 0.7916667 0.5 0.7916667 0.5833333 0.7708333 0.5833333 0.7916667 0.5833333 0.7916667 0.6666667 0.7708333 0.6666667 0.7916667 0.6666667 0.7916667 0.75 0.7708333 0.75 0.7916667 0.75 0.7916667 0.8333333 0.7708333 0.8333333 0.7916667 0.8333333 0.7916667 0.9166667 0.7708333 0.9166667 0.7916667 0.9166667 0.7916667 1 0.7708333 0 0.7916667 0 0.7916667 0.08333331 0.7708333 0.08333331 0.7916667 0.08333331 0.7916667 0.1666666 0.7708333 0.1666666 0.7916667 0.1666666 0.7916667 0.25 0.7708333 0.25 0.7916667 0.25 0.7916667 0.3333333 0.7708333 0.3333333 0.7916667 0.3333333 0.7916667 0.4166666 0.7916667 0.5 0.8125 0.5 0.8125 0.5833333 0.7916667 0.5833333 0.8125 0.5833333 0.8125 0.6666667 0.7916667 0.75 0.8125 0.75 0.8125 0.8333333 0.7916667 0.8333333 0.8125 0.8333333 0.8125 0.9166667 0.7916667 0.9166667 0.8125 0.9166667 0.8125 1 0.7916667 0 0.8125 0 0.8125 0.08333331 0.7916667 0.08333331 0.8125 0.08333331 0.8125 0.1666666 0.7916667 0.1666666 0.8125 0.1666666 0.8125 0.25 0.7916667 0.25 0.8125 0.25 0.8125 0.3333333 0.7916667 0.3333333 0.8125 0.3333333 0.8125 0.4166666 0.8125 0.5833333 0.8333333 0.5833333 0.8333333 0.6666667 0.8125 0.6666667 0.8333333 0.6666667 0.8333333 0.75 0.8125 0.75 0.8333333 0.75 0.8333333 0.8333333 0.8125 0.8333333 0.8333333 0.8333333 0.8333333 0.9166667 0.8125 0.9166667 0.8333333 0.9166667 0.8333333 1 0.8125 0 0.8333333 0 0.8333333 0.08333331 0.8125 0.08333331 0.8333333 0.08333331 0.8333333 0.1666666 0.8125 0.1666666 0.8333333 0.1666666 0.8333333 0.25 0.8125 0.25 0.8333333 0.25 0.8333333 0.3333333 0.8125 0.3333333 0.8333333 0.3333333 0.8333333 0.4166666 0.8333333 0.5 0.8541667 0.5 0.8541667 0.5833333 0.8333333 0.5833333 0.8541667 0.5833333 0.8541667 0.6666667 0.8333333 0.6666667 0.8541667 0.6666667 0.8541667 0.75 0.8333333 0.75 0.8541667 0.75 0.8541667 0.8333333 0.8333333 0.8333333 0.8541667 0.8333333 0.8541667 0.9166667 0.8333333 0.9166667 0.8541667 0.9166667 0.8541667 1 0.8333333 0 0.8541667 0 0.8541667 0.08333331 0.8333333 0.08333331 0.8541667 0.08333331 0.8541667 0.1666666 0.8333333 0.1666666 0.8541667 0.1666666 0.8541667 0.25 0.8333333 0.3333333 0.8541667 0.3333333 0.8541667 0.4166666 0.8333333 0.4166666 0.8541667 0.4166666 0.8541667 0.5 0.8541667 0.5 0.875 0.5 0.875 0.5833333 0.8541667 0.5833333 0.875 0.5833333 0.875 0.6666667 0.8541667 0.6666667 0.875 0.6666667 0.875 0.75 0.8541667 0.75 0.875 0.75 0.875 0.8333333 0.8541667 0.8333333 0.875 0.8333333 0.875 0.9166667 0.8541667 0.9166667 0.875 0.9166667 0.875 1 0.8541667 0.1666666 0.875 0.1666666 0.875 0.25 0.8541667 0.25 0.875 0.25 0.875 0.3333333 0.8541667 0.3333333 0.875 0.3333333 0.875 0.4166666 0.8541667 0.4166666 0.875 0.4166666 0.875 0.5 0.875 0.5 0.8958333 0.5 0.8958333 0.5833333 0.875 0.5833333 0.8958333 0.5833333 0.8958333 0.6666667 0.875 0.8333333 0.8958333 0.8333333 0.8958333 0.9166667 0.875 0.9166667 0.8958333 0.9166667 0.8958333 1 0.875 0.08333331 0.8958333 0.08333331 0.8958333 0.1666666 0.875 0.1666666 0.8958333 0.1666666 0.8958333 0.25 0.875 0.25 0.8958333 0.25 0.8958333 0.3333333 0.875 0.3333333 0.8958333 0.3333333 0.8958333 0.4166666 0.875 0.4166666 0.8958333 0.4166666 0.8958333 0.5 0.8958333 0.5 0.9166667 0.5 0.9166667 0.5833333 0.8958333 0.5833333 0.9166667 0.5833333 0.9166667 0.6666667 0.8958333 0.6666667 0.9166667 0.6666667 0.9166667 0.75 0.8958333 0.75 0.9166667 0.75 0.9166667 0.8333333 0.8958333 0.8333333 0.9166667 0.8333333 0.9166667 0.9166667 0.8958333 0.9166667 0.9166667 0.9166667 0.9166667 1 0.8958333 0 0.9166667 0 0.9166667 0.08333331 0.8958333 0.08333331 0.9166667 0.08333331 0.9166667 0.1666666 0.8958333 0.1666666 0.9166667 0.1666666 0.9166667 0.25 0.8958333 0.4166666 0.9166667 0.4166666 0.9166667 0.5 0.9166667 0.5 0.9375 0.5 0.9375 0.5833333 0.9166667 0.5833333 0.9375 0.5833333 0.9375 0.6666667 0.9166667 0.6666667 0.9375 0.6666667 0.9375 0.75 0.9166667 0.75 0.9375 0.75 0.9375 0.8333333 0.9166667 0.8333333 0.9375 0.8333333 0.9375 0.9166667 0.9166667 0.9166667 0.9375 0.9166667 0.9375 1 0.9166667 0 0.9375 0 0.9375 0.08333331 0.9166667 0.08333331 0.9375 0.08333331 0.9375 0.1666666 0.9166667 0.25 0.9375 0.25 0.9375 0.3333333 0.9166667 0.3333333 0.9375 0.3333333 0.9375 0.4166666 0.9166667 0.4166666 0.9375 0.4166666 0.9375 0.5 0.9375 0.5 0.9583333 0.5 0.9583333 0.5833333 0.9375 0.5833333 0.9583333 0.5833333 0.9583333 0.6666667 0.9375 0.6666667 0.9583333 0.6666667 0.9583333 0.75 0.9375 0.75 0.9583333 0.75 0.9583333 0.8333333 0.9375 0.8333333 0.9583333 0.8333333 0.9583333 0.9166667 0.9375 0.9166667 0.9583333 0.9166667 0.9583333 1 0.9375 0 0.9583333 0 0.9583333 0.08333331 0.9375 0.08333331 0.9583333 0.08333331 0.9583333 0.1666666 0.9375 0.1666666 0.9583333 0.1666666 0.9583333 0.25 0.9375 0.25 0.9583333 0.25 0.9583333 0.3333333 0.9375 0.3333333 0.9583333 0.3333333 0.9583333 0.4166666 0.9375 0.4166666 0.9583333 0.4166666 0.9583333 0.5 0.9583333 0.5 0.9791667 0.5 0.9791667 0.5833333 0.9583333 0.5833333 0.9791667 0.5833333 0.9791667 0.6666667 0.9583333 0.6666667 0.9791667 0.6666667 0.9791667 0.75 0.9583333 0.75 0.9791667 0.75 0.9791667 0.8333333 0.9583333 0.8333333 0.9791667 0.8333333 0.9791667 0.9166667 0.9583333 0.9166667 0.9791667 0.9166667 0.9791667 1 0.9583333 0 0.9791667 0 0.9791667 0.08333331 0.9583333 0.08333331 0.9791667 0.08333331 0.9791667 0.1666666 0.9583333 0.1666666 0.9791667 0.1666666 0.9791667 0.25 0.9583333 0.3333333 0.9791667 0.3333333 0.9791667 0.4166666 0.9583333 0.4166666 0.9791667 0.4166666 0.9791667 0.5 0.9791667 0.5 1 0.5 1 0.5833333 0.9791667 0.5833333 1 0.5833333 1 0.6666667 0.9791667 0.6666667 1 0.6666667 1 0.75 0.9791667 0.9166667 1 0.9166667 1 1 0.9791667 0 1 0 1 0.08333331 0.9791667 0.08333331 1 0.08333331 1 0.1666666 0.9791667 0.1666666 1 0.1666666 1 0.25 0 0.6666667 0.02083331 0.6666667 0.02083331 0.75 0 0.75 0.02083331 0.75 0.02083331 0.8333333 0 0.9166667 0.02083331 0.9166667 0.02083331 1 0 0 0.02083331 0 0.02083331 0.08333331 0 0.08333331 0.02083331 0.08333331 0.02083331 0.1666666 0 0.1666666 0.02083331 0.1666666 0.02083331 0.25 0.02083331 0.5 0.04166662 0.5 0.04166662 0.5833333 0.02083331 0.5833333 0.04166662 0.5833333 0.04166662 0.6666667 0.02083331 0.6666667 0.04166662 0.6666667 0.04166662 0.75 0.02083331 0.75 0.04166662 0.75 0.04166662 0.8333333 0.02083331 0 0.04166662 0 0.04166662 0.08333331 0.02083331 0.08333331 0.04166662 0.08333331 0.04166662 0.1666666 0.02083331 0.1666666 0.04166662 0.1666666 0.04166662 0.25 0.02083331 0.25 0.04166662 0.25 0.04166662 0.3333333 0.02083331 0.3333333 0.04166662 0.3333333 0.04166662 0.4166666 0.02083331 0.4166666 0.04166662 0.4166666 0.04166662 0.5 0.04166662 0.5 0.0625 0.5 0.0625 0.5833333 0.04166662 0.5833333 0.0625 0.5833333 0.0625 0.6666667 0.04166662 0.6666667 0.0625 0.6666667 0.0625 0.75 0.04166662 0.08333331 0.0625 0.08333331 0.0625 0.1666666 0.04166662 0.1666666 0.0625 0.1666666 0.0625 0.25 0.04166662 0.25 0.0625 0.25 0.0625 0.3333333 0.04166662 0.3333333 0.0625 0.3333333 0.0625 0.4166666 0.04166662 0.4166666 0.0625 0.4166666 0.0625 0.5 0.0625 0.5 0.08333331 0.5 0.08333331 0.5833333 0.0625 0.5833333 0.08333331 0.5833333 0.08333331 0.6666667 0.0625 0.75 0.08333331 0.75 0.08333331 0.8333333 0.0625 0.8333333 0.08333331 0.8333333 0.08333331 0.9166667 0.0625 0.9166667 0.08333331 0.9166667 0.08333331 1 0.0625 0 0.08333331 0 0.08333331 0.08333331 0.0625 0.08333331 0.08333331 0.08333331 0.08333331 0.1666666 0.0625 0.1666666 0.08333331 0.1666666 0.08333331 0.25 0.0625 0.25 0.08333331 0.25 0.08333331 0.3333333 0.0625 0.4166666 0.08333331 0.4166666 0.08333331 0.5 0.08333331 0.5 0.1041666 0.5 0.1041666 0.5833333 0.08333331 0.5833333 0.1041666 0.5833333 0.1041666 0.6666667 0.08333331 0.6666667 0.1041666 0.6666667 0.1041666 0.75 0.08333331 0.8333333 0.1041666 0.8333333 0.1041666 0.9166667 0.08333331 0.9166667 0.1041666 0.9166667 0.1041666 1 0.08333331 0 0.1041666 0 0.1041666 0.08333331 0.08333331 0.08333331 0.1041666 0.08333331 0.1041666 0.1666666 0.08333331 0.1666666 0.1041666 0.1666666 0.1041666 0.25 0.08333331 0.25 0.1041666 0.25 0.1041666 0.3333333 0.08333331 0.3333333 0.1041666 0.3333333 0.1041666 0.4166666 0.1041666 0.5833333 0.125 0.5833333 0.125 0.6666667 0.1041666 0.6666667 0.125 0.6666667 0.125 0.75 0.1041666 0.8333333 0.125 0.8333333 0.125 0.9166667 0.1041666 0.9166667 0.125 0.9166667 0.125 1 0.1041666 0 0.125 0 0.125 0.08333331 0.1041666 0.08333331 0.125 0.08333331 0.125 0.1666666 0.1041666 0.1666666 0.125 0.1666666 0.125 0.25 0.1041666 0.25 0.125 0.25 0.125 0.3333333 0.1041666 0.3333333 0.125 0.3333333 0.125 0.4166666 0.1041666 0.4166666 0.125 0.4166666 0.125 0.5 0.125 0.5 0.1458333 0.5 0.1458333 0.5833333 0.125 0.5833333 0.1458333 0.5833333 0.1458333 0.6666667 0.125 0.6666667 0.1458333 0.6666667 0.1458333 0.75 0.125 0.75 0.1458333 0.75 0.1458333 0.8333333 0.125 0.8333333 0.1458333 0.8333333 0.1458333 0.9166667 0.125 0.9166667 0.1458333 0.9166667 0.1458333 1 0.125 0 0.1458333 0 0.1458333 0.08333331 0.125 0.1666666 0.1458333 0.1666666 0.1458333 0.25 0.125 0.25 0.1458333 0.25 0.1458333 0.3333333 0.125 0.3333333 0.1458333 0.3333333 0.1458333 0.4166666 0.125 0.4166666 0.1458333 0.4166666 0.1458333 0.5 0.1458333 0.5 0.1666666 0.5 0.1666666 0.5833333 0.1458333 0.5833333 0.1666666 0.5833333 0.1666666 0.6666667 0.1458333 0.6666667 0.1666666 0.6666667 0.1666666 0.75 0.1458333 0.75 0.1666666 0.75 0.1666666 0.8333333 0.1458333 0.8333333 0.1666666 0.8333333 0.1666666 0.9166667 0.1458333 0.9166667 0.1666666 0.9166667 0.1666666 1 0.1458333 0 0.1666666 0 0.1666666 0.08333331 0.1458333 0.08333331 0.1666666 0.08333331 0.1666666 0.1666666 0.1458333 0.1666666 0.1666666 0.1666666 0.1666666 0.25 0.1458333 0.25 0.1666666 0.25 0.1666666 0.3333333 0.1458333 0.4166666 0.1666666 0.4166666 0.1666666 0.5 0.1666666 0.5 0.1875 0.5 0.1875 0.5833333 0.1666666 0.5833333 0.1875 0.5833333 0.1875 0.6666667 0.1666666 0.6666667 0.1875 0.6666667 0.1875 0.75 0.1666666 0.75 0.1875 0.75 0.1875 0.8333333 0.1666666 0 0.1875 0 0.1875 0.08333331 0.1666666 0.08333331 0.1875 0.08333331 0.1875 0.1666666 0.1666666 0.1666666 0.1875 0.1666666 0.1875 0.25 0.1666666 0.25 0.1875 0.25 0.1875 0.3333333 0.1666666 0.3333333 0.1875 0.3333333 0.1875 0.4166666 0.1666666 0.4166666 0.1875 0.4166666 0.1875 0.5 0.1875 0.5 0.2083333 0.5 0.2083333 0.5833333 0.1875 0.5833333 0.2083333 0.5833333 0.2083333 0.6666667 0.1875 0.6666667 0.2083333 0.6666667 0.2083333 0.75 0.1875 0.75 0.2083333 0.75 0.2083333 0.8333333 0.1875 0.8333333 0.2083333 0.8333333 0.2083333 0.9166667 0.1875 0.9166667 0.2083333 0.9166667 0.2083333 1 0.1875 0 0.2083333 0 0.2083333 0.08333331 0.1875 0.08333331 0.2083333 0.08333331 0.2083333 0.1666666 0.1875 0.1666666 0.2083333 0.1666666 0.2083333 0.25 0.1875 0.25 0.2083333 0.25 0.2083333 0.3333333 0.1875 0.3333333 0.2083333 0.3333333 0.2083333 0.4166666 0.1875 0.4166666 0.2083333 0.4166666 0.2083333 0.5 0.2083333 0.5833333 0.2291666 0.5833333 0.2291666 0.6666667 0.2083333 0.6666667 0.2291666 0.6666667 0.2291666 0.75 0.2083333 0.75 0.2291666 0.75 0.2291666 0.8333333 0.2083333 0.8333333 0.2291666 0.8333333 0.2291666 0.9166667 0.2083333 0.9166667 0.2291666 0.9166667 0.2291666 1 0.2083333 0 0.2291666 0 0.2291666 0.08333331 0.2083333 0.08333331 0.2291666 0.08333331 0.2291666 0.1666666 0.2083333 0.1666666 0.2291666 0.1666666 0.2291666 0.25 0.2083333 0.25 0.2291666 0.25 0.2291666 0.3333333 0.2083333 0.3333333 0.2291666 0.3333333 0.2291666 0.4166666 0.2083333 0.4166666 0.2291666 0.4166666 0.2291666 0.5 0.2291666 0.5 0.25 0.5 0.25 0.5833333 0.2291666 0.5833333 0.25 0.5833333 0.25 0.6666667 0.2291666 0.6666667 0.25 0.6666667 0.25 0.75 0.2291666 0.75 0.25 0.75 0.25 0.8333333 0.2291666 0.8333333 0.25 0.8333333 0.25 0.9166667 0.2291666 0.9166667 0.25 0.9166667 0.25 1 0.2291666 0.08333331 0.25 0.08333331 0.25 0.1666666 0.2291666 0.1666666 0.25 0.1666666 0.25 0.25 0.2291666 0.25 0.25 0.25 0.25 0.3333333 0.2291666 0.3333333 0.25 0.3333333 0.25 0.4166666 0.2291666 0.4166666 0.25 0.4166666 0.25 0.5 0.25 0.5 0.2708333 0.5 0.2708333 0.5833333 0.25 0.5833333 0.2708333 0.5833333 0.2708333 0.6666667 0.25 0.6666667 0.2708333 0.6666667 0.2708333 0.75 0.25 0.75 0.2708333 0.75 0.2708333 0.8333333 0.25 0.8333333 0.2708333 0.8333333 0.2708333 0.9166667 0.25 0.9166667 0.2708333 0.9166667 0.2708333 1 0.25 0 0.2708333 0 0.2708333 0.08333331 0.25 0.08333331 0.2708333 0.08333331 0.2708333 0.1666666 0.25 0.1666666 0.2708333 0.1666666 0.2708333 0.25 0.25 0.25 0.2708333 0.25 0.2708333 0.3333333 0.25 0.3333333 0.2708333 0.3333333 0.2708333 0.4166666 0.25 0.4166666 0.2708333 0.4166666 0.2708333 0.5 0.2708333 0.5 0.2916666 0.5 0.2916666 0.5833333 0.2708333 0.5833333 0.2916666 0.5833333 0.2916666 0.6666667 0.2708333 0.6666667 0.2916666 0.6666667 0.2916666 0.75 0.2708333 0.75 0.2916666 0.75 0.2916666 0.8333333 0.2708333 0.8333333 0.2916666 0.8333333 0.2916666 0.9166667 0.2708333 0.9166667 0.2916666 0.9166667 0.2916666 1 0.2708333 0 0.2916666 0 0.2916666 0.08333331 0.2708333 0.08333331 0.2916666 0.08333331 0.2916666 0.1666666 0.2708333 0.1666666 0.2916666 0.1666666 0.2916666 0.25 0.2708333 0.25 0.2916666 0.25 0.2916666 0.3333333 0.2708333 0.3333333 0.2916666 0.3333333 0.2916666 0.4166666 0.2708333 0.4166666 0.2916666 0.4166666 0.2916666 0.5 0.2916666 0.5 0.3125 0.5 0.3125 0.5833333 0.2916666 0.5833333 0.3125 0.5833333 0.3125 0.6666667 0.2916666 0.6666667 0.3125 0.6666667 0.3125 0.75 0.2916666 0.9166667 0.3125 0.9166667 0.3125 1 0.2916666 0 0.3125 0 0.3125 0.08333331 0.2916666 0.08333331 0.3125 0.08333331 0.3125 0.1666666 0.2916666 0.1666666 0.3125 0.1666666 0.3125 0.25 0.2916666 0.25 0.3125 0.25 0.3125 0.3333333 0.2916666 0.3333333 0.3125 0.3333333 0.3125 0.4166666 0.2916666 0.4166666 0.3125 0.4166666 0.3125 0.5 0.3125 0.5 0.3333333 0.5 0.3333333 0.5833333 0.3125 0.5833333 0.3333333 0.5833333 0.3333333 0.6666667 0.3125 0.6666667 0.3333333 0.6666667 0.3333333 0.75 0.3125 0.75 0.3333333 0.75 0.3333333 0.8333333 0.3125 0.8333333 0.3333333 0.8333333 0.3333333 0.9166667 0.3125 0.9166667 0.3333333 0.9166667 0.3333333 1 0.3125 0 0.3333333 0 0.3333333 0.08333331 0.3125 0.08333331 0.3333333 0.08333331 0.3333333 0.1666666 0.3125 0.1666666 0.3333333 0.1666666 0.3333333 0.25 0.3125 0.25 0.3333333 0.25 0.3333333 0.3333333 0.3125 0.3333333 0.3333333 0.3333333 0.3333333 0.4166666 0.3333333 0.5833333 0.3541666 0.5833333 0.3541666 0.6666667 0.3333333 0.75 0.3541666 0.75 0.3541666 0.8333333 0.3333333 0.9166667 0.3541666 0.9166667 0.3541666 1 0.3333333 0 0.3541666 0 0.3541666 0.08333331 0.3333333 0.08333331 0.3541666 0.08333331 0.3541666 0.1666666 0.3333333 0.1666666 0.3541666 0.1666666 0.3541666 0.25 0.3333333 0.25 0.3541666 0.25 0.3541666 0.3333333 0.3333333 0.3333333 0.3541666 0.3333333 0.3541666 0.4166666 0.3333333 0.4166666 0.3541666 0.4166666 0.3541666 0.5 0.3541666 0.5 0.375 0.5 0.375 0.5833333 0.3541666 0.5833333 0.375 0.5833333 0.375 0.6666667 0.3541666 0.6666667 0.375 0.6666667 0.375 0.75 0.3541666 0.75 0.375 0.75 0.375 0.8333333 0.3541666 0.8333333 0.375 0.8333333 0.375 0.9166667 0.3541666 0 0.375 0 0.375 0.08333331 0.3541666 0.08333331 0.375 0.08333331 0.375 0.1666666 0.3541666 0.1666666 0.375 0.1666666 0.375 0.25 0.3541666 0.25 0.375 0.25 0.375 0.3333333 0.3541666 0.3333333 0.375 0.3333333 0.375 0.4166666 0.3541666 0.4166666 0.375 0.4166666 0.375 0.5 0.375 0.5 0.3958333 0.5 0.3958333 0.5833333 0.375 0.6666667 0.3958333 0.6666667 0.3958333 0.75 0.375 0.75 0.3958333 0.75 0.3958333 0.8333333 0.375 0.8333333 0.3958333 0.8333333 0.3958333 0.9166667 0.375 0.9166667 0.3958333 0.9166667 0.3958333 1 0.375 0 0.3958333 0 0.3958333 0.08333331 0.375 0.08333331 0.3958333 0.08333331 0.3958333 0.1666666 0.375 0.1666666 0.3958333 0.1666666 0.3958333 0.25 0.375 0.25 0.3958333 0.25 0.3958333 0.3333333 0.375 0.3333333 0.3958333 0.3333333 0.3958333 0.4166666 0.3958333 0.5 0.4166666 0.5 0.4166666 0.5833333 0.3958333 0.5833333 0.4166666 0.5833333 0.4166666 0.6666667 0.3958333 0.6666667 0.4166666 0.6666667 0.4166666 0.75 0.3958333 0.75 0.4166666 0.75 0.4166666 0.8333333 0.3958333 0.8333333 0.4166666 0.8333333 0.4166666 0.9166667 0.3958333 0.9166667 0.4166666 0.9166667 0.4166666 1 0.3958333 0 0.4166666 0 0.4166666 0.08333331 0.3958333 0.08333331 0.4166666 0.08333331 0.4166666 0.1666666 0.3958333 0.1666666 0.4166666 0.1666666 0.4166666 0.25 0.3958333 0.25 0.4166666 0.25 0.4166666 0.3333333 0.3958333 0.3333333 0.4166666 0.3333333 0.4166666 0.4166666 0.3958333 0.4166666 0.4166666 0.4166666 0.4166666 0.5 0.4166666 0.5 0.4375 0.5 0.4375 0.5833333 0.4166666 0.5833333 0.4375 0.5833333 0.4375 0.6666667 0.4166666 0.6666667 0.4375 0.6666667 0.4375 0.75 0.4166666 0.75 0.4375 0.75 0.4375 0.8333333 0.4166666 0.8333333 0.4375 0.8333333 0.4375 0.9166667 0.4166666 0.9166667 0.4375 0.9166667 0.4375 1 0.4166666 0 0.4375 0 0.4375 0.08333331 0.4166666 0.08333331 0.4375 0.08333331 0.4375 0.1666666 0.4166666 0.1666666 0.4375 0.1666666 0.4375 0.25 0.4166666 0.25 0.4375 0.25 0.4375 0.3333333 0.4166666 0.3333333 0.4375 0.3333333 0.4375 0.4166666 0.4166666 0.4166666 0.4375 0.4166666 0.4375 0.5 0.4375 0.5 0.4583333 0.5 0.4583333 0.5833333 0.4375 0.5833333 0.4583333 0.5833333 0.4583333 0.6666667 0.4375 0.6666667 0.4583333 0.6666667 0.4583333 0.75 0.4375 0.75 0.4583333 0.75 0.4583333 0.8333333 0.4375 0.8333333 0.4583333 0.8333333 0.4583333 0.9166667 0.4375 0 0.4583333 0 0.4583333 0.08333331 0.4375 0.08333331 0.4583333 0.08333331 0.4583333 0.1666666 0.4375 0.3333333 0.4583333 0.3333333 0.4583333 0.4166666 0.4375 0.4166666 0.4583333 0.4166666 0.4583333 0.5 0.4583333 0.5 0.4791666 0.5 0.4791666 0.5833333 0.4583333 0.5833333 0.4791666 0.5833333 0.4791666 0.6666667 0.4583333 0.6666667 0.4791666 0.6666667 0.4791666 0.75 0.4583333 0.75 0.4791666 0.75 0.4791666 0.8333333 0.4583333 0.8333333 0.4791666 0.8333333 0.4791666 0.9166667 0.4583333 0.9166667 0.4791666 0.9166667 0.4791666 1 0.4583333 0 0.4791666 0 0.4791666 0.08333331 0.4583333 0.08333331 0.4791666 0.08333331 0.4791666 0.1666666 0.4583333 0.25 0.4791666 0.25 0.4791666 0.3333333 0.4583333 0.3333333 0.4791666 0.3333333 0.4791666 0.4166666 0.4791666 0.5 0.5 0.5 0.5 0.5833333 0.4791666 0.5833333 0.5 0.5833333 0.5 0.6666667 0.4791666 0.6666667 0.5 0.6666667 0.5 0.75 0.4791666 0.75 0.5 0.75 0.5 0.8333333 0.4791666 0.8333333 0.5 0.8333333 0.5 0.9166667 0.4791666 0.9166667 0.5 0.9166667 0.5 1 0.4791666 0 0.5 0 0.5 0.08333331 0.4791666 0.08333331 0.5 0.08333331 0.5 0.1666666 0.4791666 0.1666666 0.5 0.1666666 0.5 0.25 0.4791666 0.25 0.5 0.25 0.5 0.3333333 0.4791666 0.3333333 0.5 0.3333333 0.5 0.4166666 0.4791666 0.4166666 0.5 0.4166666 0.5 0.5 0.5 0.5 0.5208333 0.5833333 0.5 0.5833333 0.5 0.5833333 0.5208333 0.6666667 0.5 0.6666667 0.5 0.6666667 0.5208333 0.75 0.5 0.75 0.5 0.75 0.5208333 0.8333333 0.5 0.8333333 0.5 0.8333333 0.5208333 0.9166667 0.5 0.9166667 0.5 0.9166667 0.5208333 1 0.5 1 0.5 0 0.5208333 0.08333331 0.5 0.08333331 0.5 0.08333331 0.5208333 0.1666666 0.5 0.1666666 0.5 0.1666666 0.5208333 0.25 0.5 0.25 0.5 0.25 0.5208333 0.3333333 0.5 0.3333333 0.5 0.3333333 0.5208333 0.4166666 0.5 0.4166666 0.5 0.4166666 0.5208333 0.5 0.5 0.5 0.5208333 0.5 0.5416667 0.5833333 0.5208333 0.5833333 0.5208333 0.5833333 0.5416667 0.6666667 0.5208333 0.6666667 0.5208333 0.6666667 0.5416667 0.75 0.5208333 0.75 0.5208333 0.75 0.5416667 0.8333333 0.5208333 0.8333333 0.5208333 0.8333333 0.5416667 0.9166667 0.5208333 0.9166667 0.5208333 0.9166667 0.5416667 1 0.5208333 1 0.5208333 0 0.5416667 0.08333331 0.5208333 0.08333331 0.5208333 0.08333331 0.5416667 0.1666666 0.5208333 0.1666666 0.5208333 0.1666666 0.5416667 0.25 0.5208333 0.25 0.5208333 0.25 0.5416667 0.3333333 0.5208333 0.3333333 0.5208333 0.3333333 0.5416667 0.4166666 0.5208333 0.4166666 0.5208333 0.4166666 0.5416667 0.5 0.5208333 0.5 0.5416667 0.5 0.5625 0.5833333 0.5416667 0.5833333 0.5416667 0.5833333 0.5625 0.6666667 0.5416667 0.6666667 0.5416667 0.6666667 0.5625 0.75 0.5416667 0.75 0.5416667 0.75 0.5625 0.8333333 0.5416667 0.8333333 0.5416667 0.9166667 0.5625 1 0.5416667 1 0.5416667 0 0.5625 0.08333331 0.5416667 0.08333331 0.5416667 0.08333331 0.5625 0.1666666 0.5416667 0.1666666 0.5416667 0.1666666 0.5625 0.25 0.5416667 0.25 0.5416667 0.25 0.5625 0.3333333 0.5416667 0.3333333 0.5416667 0.3333333 0.5625 0.4166666 0.5416667 0.4166666 0.5416667 0.4166666 0.5625 0.5 0.5416667 0.5 0.5625 0.5 0.5833333 0.5833333 0.5625 0.5833333 0.5625 0.5833333 0.5833333 0.6666667 0.5625 0.6666667 0.5625 0.6666667 0.5833333 0.75 0.5625 0.75 0.5625 0.75 0.5833333 0.8333333 0.5625 0.8333333 0.5625 0.8333333 0.5833333 0.9166667 0.5625 0.9166667 0.5625 0.9166667 0.5833333 1 0.5625 1 0.5625 0 0.5833333 0.08333331 0.5625 0.08333331 0.5625 0.1666666 0.5833333 0.25 0.5625 0.25 0.5625 0.25 0.5833333 0.3333333 0.5625 0.3333333 0.5625 0.3333333 0.5833333 0.4166666 0.5625 0.4166666 0.5625 0.4166666 0.5833333 0.5 0.5625 0.5 0.5833333 0.5 0.6041667 0.5833333 0.5833333 0.5833333 0.5833333 0.5833333 0.6041667 0.6666667 0.5833333 0.6666667 0.5833333 0.6666667 0.6041667 0.75 0.5833333 0.75 0.5833333 0.75 0.6041667 0.8333333 0.5833333 0.8333333 0.5833333 0.9166667 0.6041667 1 0.5833333 1 0.5833333 0 0.6041667 0.08333331 0.5833333 0.08333331 0.5833333 0.08333331 0.6041667 0.1666666 0.5833333 0.1666666 0.5833333 0.1666666 0.6041667 0.25 0.5833333 0.25 0.5833333 0.25 0.6041667 0.3333333 0.5833333 0.3333333 0.5833333 0.3333333 0.6041667 0.4166666 0.5833333 0.4166666 0.5833333 0.4166666 0.6041667 0.5 0.5833333 0.5 0.6041667 0.5 0.625 0.5833333 0.6041667 0.5833333 0.6041667 0.5833333 0.625 0.6666667 0.6041667 0.6666667 0.6041667 0.6666667 0.625 0.75 0.6041667 0.75 0.6041667 0.75 0.625 0.8333333 0.6041667 0.8333333 0.6041667 0.8333333 0.625 0.9166667 0.6041667 0.9166667 0.6041667 0.9166667 0.625 1 0.6041667 1 0.6041667 0 0.625 0.08333331 0.6041667 0.08333331 0.6041667 0.08333331 0.625 0.1666666 0.6041667 0.1666666 0.6041667 0.1666666 0.625 0.25 0.6041667 0.25 0.6041667 0.25 0.625 0.3333333 0.6041667 0.3333333 0.6041667 0.4166666 0.625 0.5 0.6041667 0.5 0.625 0.5 0.6458333 0.5833333 0.625 0.5833333 0.625 0.5833333 0.6458333 0.6666667 0.625 0.6666667 0.625 0.6666667 0.6458333 0.75 0.625 0.75 0.625 0.75 0.6458333 0.8333333 0.625 0.8333333 0.625 0.8333333 0.6458333 0.9166667 0.625 0.9166667 0.625 0.9166667 0.6458333 1 0.625 1 0.625 0 0.6458333 0.08333331 0.625 0.08333331 0.625 0.1666666 0.6458333 0.25 0.625 0.25 0.625 0.25 0.6458333 0.3333333 0.625 0.3333333 0.625 0.3333333 0.6458333 0.4166666 0.625 0.4166666 0.625 0.4166666 0.6458333 0.5 0.625 0.5 0.6458333 0.5 0.6666667 0.5833333 0.6458333 0.5833333 0.6458333 0.5833333 0.6666667 0.6666667 0.6458333 0.6666667 0.6458333 0.75 0.6666667 0.8333333 0.6458333 0.8333333 0.6458333 0.8333333 0.6666667 0.9166667 0.6458333 0.9166667 0.6458333 0.9166667 0.6666667 1 0.6458333 1 0.6458333 0 0.6666667 0.08333331 0.6458333 0.08333331 0.6458333 0.08333331 0.6666667 0.1666666 0.6458333 0.1666666 0.6458333 0.1666666 0.6666667 0.25 0.6458333 0.25 0.6458333 0.25 0.6666667 0.3333333 0.6458333 0.3333333 0.6458333 0.3333333 0.6666667 0.4166666 0.6458333 0.4166666 0.6458333 0.4166666 0.6666667 0.5 0.6458333 0.5 0.6666667 0.5 0.6875 0.5833333 0.6666667 0.5833333 0.6666667 0.5833333 0.6875 0.6666667 0.6666667 0.6666667 0.6666667 0.6666667 0.6875 0.75 0.6666667 0.75 0.6666667 0.75 0.6875 0.8333333 0.6666667 0.8333333 0.6666667 0.8333333 0.6875 0.9166667 0.6666667 0.9166667 0.6666667 0.9166667 0.6875 1 0.6666667 1 0.6666667 0 0.6875 0.08333331 0.6666667 0.08333331 0.6666667 0.08333331 0.6875 0.1666666 0.6666667 0.1666666 0.6666667 0.1666666 0.6875 0.25 0.6666667 0.25 0.6666667 0.25 0.6875 0.3333333 0.6666667 0.3333333 0.6666667 0.3333333 0.6875 0.4166666 0.6666667 0.4166666 0.6666667 0.4166666 0.6875 0.5 0.6666667 0.5 0.6875 0.5 0.7083333 0.5833333 0.6875 0.5833333 0.6875 0.5833333 0.7083333 0.6666667 0.6875 0.6666667 0.6875 0.6666667 0.7083333 0.75 0.6875 0.75 0.6875 0.75 0.7083333 0.8333333 0.6875 0.8333333 0.6875 0.8333333 0.7083333 0.9166667 0.6875 0.9166667 0.6875 0.9166667 0.7083333 1 0.6875 1 0.6875 0 0.7083333 0.08333331 0.6875 0.08333331 0.6875 0.08333331 0.7083333 0.1666666 0.6875 0.1666666 0.6875 0.1666666 0.7083333 0.25 0.6875 0.25 0.6875 0.25 0.7083333 0.3333333 0.6875 0.3333333 0.6875 0.3333333 0.7083333 0.4166666 0.6875 0.4166666 0.6875 0.4166666 0.7083333 0.5 0.6875 0.5 0.7083333 0.5 0.7291667 0.5833333 0.7083333 0.5833333 0.7083333 0.5833333 0.7291667 0.6666667 0.7083333 0.6666667 0.7083333 0.6666667 0.7291667 0.75 0.7083333 0.75 0.7083333 0.75 0.7291667 0.8333333 0.7083333 0.8333333 0.7083333 0.8333333 0.7291667 0.9166667 0.7083333 0.9166667 0.7083333 0.9166667 0.7291667 1 0.7083333 1 0.7083333 0 0.7291667 0.08333331 0.7083333 0.08333331 0.7083333 0.08333331 0.7291667 0.1666666 0.7083333 0.1666666 0.7083333 0.1666666 0.7291667 0.25 0.7083333 0.25 0.7083333 0.25 0.7291667 0.3333333 0.7083333 0.3333333 0.7083333 0.3333333 0.7291667 0.4166666 0.7083333 0.4166666 0.7083333 0.4166666 0.7291667 0.5 0.7083333 0.5 0.7291667 0.5 0.75 0.5833333 0.7291667 0.5833333 0.7291667 0.5833333 0.75 0.6666667 0.7291667 0.6666667 0.7291667 0.6666667 0.75 0.75 0.7291667 0.75 0.7291667 0.75 0.75 0.8333333 0.7291667 0.8333333 0.7291667 0.8333333 0.75 0.9166667 0.7291667 0.9166667 0.7291667 0.9166667 0.75 1 0.7291667 1 0.7291667 0 0.75 0.08333331 0.7291667 0.08333331 0.7291667 0.08333331 0.75 0.1666666 0.7291667 0.1666666 0.7291667 0.1666666 0.75 0.25 0.7291667 0.25 0.7291667 0.25 0.75 0.3333333 0.7291667 0.3333333 0.7291667 0.3333333 0.75 0.4166666 0.7291667 0.4166666 0.7291667 0.4166666 0.75 0.5 0.7291667 0.5 0.75 0.5 0.7708333 0.5833333 0.75 0.5833333 0.75 0.5833333 0.7708333 0.6666667 0.75 0.6666667 0.75 0.6666667 0.7708333 0.75 0.75 0.75 0.75 0.75 0.7708333 0.8333333 0.75 0.8333333 0.75 0.8333333 0.7708333 0.9166667 0.75 0.9166667 0.75 0.9166667 0.7708333 1 0.75 1 0.75 0 0.7708333 0.08333331 0.75 0.08333331 0.75 0.08333331 0.7708333 0.1666666 0.75 0.1666666 0.75 0.1666666 0.7708333 0.25 0.75 0.25 0.75 0.25 0.7708333 0.3333333 0.75 0.3333333 0.75 0.3333333 0.7708333 0.4166666 0.75 0.4166666 0.75 0.4166666 0.7708333 0.5 0.75 0.5 0.7708333 0.5 0.7916667 0.5833333 0.7708333 0.5833333 0.7708333 0.5833333 0.7916667 0.6666667 0.7708333 0.6666667 0.7708333 0.75 0.7916667 0.8333333 0.7708333 0.8333333 0.7708333 0.8333333 0.7916667 0.9166667 0.7708333 0.9166667 0.7708333 0.9166667 0.7916667 1 0.7708333 1 0.7708333 0 0.7916667 0.08333331 0.7708333 0.08333331 0.7708333 0.08333331 0.7916667 0.1666666 0.7708333 0.1666666 0.7708333 0.1666666 0.7916667 0.25 0.7708333 0.25 0.7708333 0.25 0.7916667 0.3333333 0.7708333 0.3333333 0.7708333 0.3333333 0.7916667 0.4166666 0.7708333 0.4166666 0.7708333 0.4166666 0.7916667 0.5 0.7708333 0.5 0.7916667 0.5 0.8125 0.5833333 0.7916667 0.5833333 0.7916667 0.5833333 0.8125 0.6666667 0.7916667 0.6666667 0.7916667 0.6666667 0.8125 0.75 0.7916667 0.75 0.7916667 0.75 0.8125 0.8333333 0.7916667 0.8333333 0.7916667 0.8333333 0.8125 0.9166667 0.7916667 0.9166667 0.7916667 0.9166667 0.8125 1 0.7916667 1 0.7916667 0 0.8125 0.08333331 0.7916667 0.08333331 0.7916667 0.1666666 0.8125 0.25 0.7916667 0.25 0.7916667 0.25 0.8125 0.3333333 0.7916667 0.3333333 0.7916667 0.3333333 0.8125 0.4166666 0.7916667 0.4166666 0.7916667 0.4166666 0.8125 0.5 0.7916667 0.5 0.8125 0.5 0.8333333 0.5833333 0.8125 0.5833333 0.8125 0.5833333 0.8333333 0.6666667 0.8125 0.6666667 0.8125 0.6666667 0.8333333 0.75 0.8125 0.75 0.8125 0.75 0.8333333 0.8333333 0.8125 0.8333333 0.8125 0.8333333 0.8333333 0.9166667 0.8125 0.9166667 0.8125 0.9166667 0.8333333 1 0.8125 1 0.8125 0.1666666 0.8333333 0.25 0.8125 0.25 0.8125 0.3333333 0.8333333 0.4166666 0.8125 0.4166666 0.8125 0.4166666 0.8333333 0.5 0.8125 0.5 0.8333333 0.5 0.8541667 0.5833333 0.8333333 0.5833333 0.8333333 0.5833333 0.8541667 0.6666667 0.8333333 0.6666667 0.8333333 0.6666667 0.8541667 0.75 0.8333333 0.75 0.8333333 0.75 0.8541667 0.8333333 0.8333333 0.8333333 0.8333333 0.8333333 0.8541667 0.9166667 0.8333333 0.9166667 0.8333333 0.9166667 0.8541667 1 0.8333333 1 0.8333333 0 0.8541667 0.08333331 0.8333333 0.08333331 0.8333333 0.08333331 0.8541667 0.1666666 0.8333333 0.1666666 0.8333333 0.1666666 0.8541667 0.25 0.8333333 0.25 0.8333333 0.25 0.8541667 0.3333333 0.8333333 0.3333333 0.8333333 0.3333333 0.8541667 0.4166666 0.8333333 0.4166666 0.8333333 0.4166666 0.8541667 0.5 0.8333333 0.5 0.8541667 0.5 0.875 0.5833333 0.8541667 0.5833333 0.8541667 0.5833333 0.875 0.6666667 0.8541667 0.6666667 0.8541667 0.6666667 0.875 0.75 0.8541667 0.75 0.8541667 0.75 0.875 0.8333333 0.8541667 0.8333333 0.8541667 0.8333333 0.875 0.9166667 0.8541667 0.9166667 0.8541667 0.9166667 0.875 1 0.8541667 1 0.8541667 0 0.875 0.08333331 0.8541667 0.08333331 0.8541667 0.08333331 0.875 0.1666666 0.8541667 0.1666666 0.8541667 0.1666666 0.875 0.25 0.8541667 0.25 0.8541667 0.25 0.875 0.3333333 0.8541667 0.3333333 0.8541667 0.3333333 0.875 0.4166666 0.8541667 0.4166666 0.8541667 0.4166666 0.875 0.5 0.8541667 0.5 0.875 0.5 0.8958333 0.5833333 0.875 0.5833333 0.875 0.5833333 0.8958333 0.6666667 0.875 0.6666667 0.875 0.6666667 0.8958333 0.75 0.875 0.75 0.875 0.75 0.8958333 0.8333333 0.875 0.8333333 0.875 0.9166667 0.8958333 1 0.875 1 0.875 0 0.8958333 0.08333331 0.875 0.08333331 0.875 0.08333331 0.8958333 0.1666666 0.875 0.1666666 0.875 0.1666666 0.8958333 0.25 0.875 0.25 0.875 0.25 0.8958333 0.3333333 0.875 0.3333333 0.8958333 0.5 0.9166667 0.5833333 0.8958333 0.5833333 0.8958333 0.5833333 0.9166667 0.6666667 0.8958333 0.6666667 0.8958333 0.6666667 0.9166667 0.75 0.8958333 0.75 0.8958333 0.75 0.9166667 0.8333333 0.8958333 0.8333333 0.8958333 0.8333333 0.9166667 0.9166667 0.8958333 0.9166667 0.8958333 0.9166667 0.9166667 1 0.8958333 1 0.8958333 0 0.9166667 0.08333331 0.8958333 0.08333331 0.8958333 0.08333331 0.9166667 0.1666666 0.8958333 0.1666666 0.8958333 0.1666666 0.9166667 0.25 0.8958333 0.25 0.8958333 0.25 0.9166667 0.3333333 0.8958333 0.3333333 0.8958333 0.3333333 0.9166667 0.4166666 0.8958333 0.4166666 0.8958333 0.4166666 0.9166667 0.5 0.8958333 0.5 0.9166667 0.5 0.9375 0.5833333 0.9166667 0.5833333 0.9166667 0.5833333 0.9375 0.6666667 0.9166667 0.6666667 0.9166667 0.6666667 0.9375 0.75 0.9166667 0.75 0.9166667 0.9166667 0.9375 1 0.9166667 1 0.9166667 0 0.9375 0.08333331 0.9166667 0.08333331 0.9166667 0.08333331 0.9375 0.1666666 0.9166667 0.1666666 0.9166667 0.1666666 0.9375 0.25 0.9166667 0.25 0.9166667 0.25 0.9375 0.3333333 0.9166667 0.3333333 0.9166667 0.3333333 0.9375 0.4166666 0.9166667 0.4166666 0.9166667 0.4166666 0.9375 0.5 0.9166667 0.5 0.9375 0.5 0.9583333 0.5833333 0.9375 0.5833333 0.9375 0.5833333 0.9583333 0.6666667 0.9375 0.6666667 0.9375 0.6666667 0.9583333 0.75 0.9375 0.75 0.9375 0.75 0.9583333 0.8333333 0.9375 0.8333333 0.9375 0.08333331 0.9583333 0.1666666 0.9375 0.1666666 0.9375 0.1666666 0.9583333 0.25 0.9375 0.25 0.9375 0.25 0.9583333 0.3333333 0.9375 0.3333333 0.9583333 0.5 0.9791667 0.5833333 0.9583333 0.5833333 0.9583333 0.5833333 0.9791667 0.6666667 0.9583333 0.6666667 0.9583333 0.6666667 0.9791667 0.75 0.9583333 0.75 0.9583333 0.75 0.9791667 0.8333333 0.9583333 0.8333333 0.9583333 0.8333333 0.9791667 0.9166667 0.9583333 0.9166667 0.9583333 0.1666666 0.9791667 0.25 0.9583333 0.25 0.9583333 0.25 0.9791667 0.3333333 0.9583333 0.3333333 0.9583333 0.3333333 0.9791667 0.4166666 0.9583333 0.4166666 0.9791667 0.5 1 0.5833333 0.9791667 0.5833333 0.9791667 0.6666667 1 0.75 0.9791667 0.75 0.9791667 0.75 1 0.8333333 0.9791667 0.8333333 0.9791667 0.8333333 1 0.9166667 0.9791667 0.9166667 0.9791667 0.9166667 1 1 0.9791667 1 0.9791667 0.1666666 1 0.25 0.9791667 0.25 0.9791667 0.25 1 0.3333333 0.9791667 0.3333333 0.9791667 0.3333333 1 0.4166666 0.9791667 0.4166666 0.9791667 0.4166666 1 0.5 0.9791667 0.5 0 0.5 0.02083331 0.5833333 0 0.5833333 0 0.5833333 0.02083331 0.6666667 0 0.6666667 0 0.6666667 0.02083331 0.75 0 0.75 0 0.75 0.02083331 0.8333333 0 0.8333333 0 0.8333333 0.02083331 0.9166667 0 0.9166667 0 0.9166667 0.02083331 1 0 1 0 0 0.02083331 0.08333331 0 0.08333331 0 0.1666666 0.02083331 0.25 0 0.25 0 0.25 0.02083331 0.3333333 0 0.3333333 0 0.3333333 0.02083331 0.4166666 0 0.4166666 0 0.4166666 0.02083331 0.5 0 0.5 0.02083331 0.5 0.04166662 0.5833333 0.02083331 0.5833333 0.02083331 0.5833333 0.04166662 0.6666667 0.02083331 0.6666667 0.02083331 0.6666667 0.04166662 0.75 0.02083331 0.75 0.02083331 0.75 0.04166662 0.8333333 0.02083331 0.8333333 0.02083331 0.8333333 0.04166662 0.9166667 0.02083331 0.9166667 0.02083331 0.9166667 0.04166662 1 0.02083331 1 0.02083331 0 0.04166662 0.08333331 0.02083331 0.08333331 0.02083331 0.08333331 0.04166662 0.1666666 0.02083331 0.1666666 0.02083331 0.1666666 0.04166662 0.25 0.02083331 0.25 0.02083331 0.25 0.04166662 0.3333333 0.02083331 0.3333333 0.02083331 0.3333333 0.04166662 0.4166666 0.02083331 0.4166666 0.02083331 0.4166666 0.04166662 0.5 0.02083331 0.5 0.04166662 0.5833333 0.0625 0.6666667 0.04166662 0.6666667 0.04166662 0.6666667 0.0625 0.75 0.04166662 0.75 0.04166662 0.75 0.0625 0.8333333 0.04166662 0.8333333 0.04166662 0.8333333 0.0625 0.9166667 0.04166662 0.9166667 0.04166662 0.9166667 0.0625 1 0.04166662 1 0.04166662 0 0.0625 0.08333331 0.04166662 0.08333331 0.04166662 0.08333331 0.0625 0.1666666 0.04166662 0.1666666 0.04166662 0.1666666 0.0625 0.25 0.04166662 0.25 0.04166662 0.25 0.0625 0.3333333 0.04166662 0.3333333 0.04166662 0.4166666 0.0625 0.5 0.04166662 0.5 0.0625 0.5 0.08333331 0.5833333 0.0625 0.5833333 0.0625 0.5833333 0.08333331 0.6666667 0.0625 0.6666667 0.0625 0.6666667 0.08333331 0.75 0.0625 0.75 0.0625 0.75 0.08333331 0.8333333 0.0625 0.8333333 0.0625 0.8333333 0.08333331 0.9166667 0.0625 0.9166667 0.0625 0.9166667 0.08333331 1 0.0625 1 0.0625 0 0.08333331 0.08333331 0.0625 0.08333331 0.0625 0.08333331 0.08333331 0.1666666 0.0625 0.1666666 0.0625 0.1666666 0.08333331 0.25 0.0625 0.25 0.0625 0.25 0.08333331 0.3333333 0.0625 0.3333333 0.0625 0.3333333 0.08333331 0.4166666 0.0625 0.4166666 0.0625 0.4166666 0.08333331 0.5 0.0625 0.5 0.08333331 0.5 0.1041666 0.5833333 0.08333331 0.5833333 0.08333331 0.5833333 0.1041666 0.6666667 0.08333331 0.6666667 0.08333331 0.6666667 0.1041666 0.75 0.08333331 0.75 0.08333331 0.75 0.1041666 0.8333333 0.08333331 0.8333333 0.08333331 0.8333333 0.1041666 0.9166667 0.08333331 0.9166667 0.08333331 0.9166667 0.1041666 1 0.08333331 1 0.08333331 0.08333331 0.1041666 0.1666666 0.08333331 0.1666666 0.08333331 0.1666666 0.1041666 0.25 0.08333331 0.25 0.08333331 0.25 0.1041666 0.3333333 0.08333331 0.3333333 0.08333331 0.3333333 0.1041666 0.4166666 0.08333331 0.4166666 0.08333331 0.4166666 0.1041666 0.5 0.08333331 0.5 0.1041666 0.5 0.125 0.5833333 0.1041666 0.5833333 0.1041666 0.5833333 0.125 0.6666667 0.1041666 0.6666667 0.1041666 0.6666667 0.125 0.75 0.1041666 0.75 0.1041666 0.75 0.125 0.8333333 0.1041666 0.8333333 0.1041666 0.8333333 0.125 0.9166667 0.1041666 0.9166667 0.1041666 0.9166667 0.125 1 0.1041666 1 0.1041666 0 0.125 0.08333331 0.1041666 0.08333331 0.1041666 0.08333331 0.125 0.1666666 0.1041666 0.1666666 0.1041666 0.3333333 0.125 0.4166666 0.1041666 0.4166666 0.1041666 0.4166666 0.125 0.5 0.1041666 0.5 0.125 0.5 0.1458333 0.5833333 0.125 0.5833333 0.125 0.5833333 0.1458333 0.6666667 0.125 0.6666667 0.125 0.6666667 0.1458333 0.75 0.125 0.75 0.125 0.75 0.1458333 0.8333333 0.125 0.8333333 0.125 0.8333333 0.1458333 0.9166667 0.125 0.9166667 0.125 0 0.1458333 0.08333331 0.125 0.08333331 0.125 0.08333331 0.1458333 0.1666666 0.125 0.1666666 0.125 0.1666666 0.1458333 0.25 0.125 0.25 0.125 0.25 0.1458333 0.3333333 0.125 0.3333333 0.125 0.4166666 0.1458333 0.5 0.125 0.5 0.1458333 0.5 0.1666666 0.5833333 0.1458333 0.5833333 0.1458333 0.5833333 0.1666666 0.6666667 0.1458333 0.6666667 0.1458333 0.6666667 0.1666666 0.75 0.1458333 0.75 0.1458333 0.75 0.1666666 0.8333333 0.1458333 0.8333333 0.1458333 0.8333333 0.1666666 0.9166667 0.1458333 0.9166667 0.1458333 0.9166667 0.1666666 1 0.1458333 1 0.1458333 0 0.1666666 0.08333331 0.1458333 0.08333331 0.1458333 0.08333331 0.1666666 0.1666666 0.1458333 0.1666666 0.1458333 0.1666666 0.1666666 0.25 0.1458333 0.25 0.1458333 0.25 0.1666666 0.3333333 0.1458333 0.3333333 0.1458333 0.3333333 0.1666666 0.4166666 0.1458333 0.4166666 0.1458333 0.4166666 0.1666666 0.5 0.1458333 0.5 0.1666666 0.5 0.1875 0.5833333 0.1666666 0.5833333 0.1666666 0.5833333 0.1875 0.6666667 0.1666666 0.6666667 0.1666666 0.6666667 0.1875 0.75 0.1666666 0.75 0.1666666 0.75 0.1875 0.8333333 0.1666666 0.8333333 0.1666666 0.8333333 0.1875 0.9166667 0.1666666 0.9166667 0.1666666 0.9166667 0.1875 1 0.1666666 1 0.1666666 0 0.1875 0.08333331 0.1666666 0.08333331 0.1666666 0.08333331 0.1875 0.1666666 0.1666666 0.1666666 0.1666666 0.1666666 0.1875 0.25 0.1666666 0.25 0.1666666 0.25 0.1875 0.3333333 0.1666666 0.3333333 0.1666666 0.3333333 0.1875 0.4166666 0.1666666 0.4166666 0.1666666 0.4166666 0.1875 0.5 0.1666666 0.5 0.1875 0.5 0.2083333 0.5833333 0.1875 0.5833333 0.1875 0.5833333 0.2083333 0.6666667 0.1875 0.6666667 0.1875 0.6666667 0.2083333 0.75 0.1875 0.75 0.1875 0.75 0.2083333 0.8333333 0.1875 0.8333333 0.1875 0.8333333 0.2083333 0.9166667 0.1875 0.9166667 0.1875 0.9166667 0.2083333 1 0.1875 1 0.1875 0 0.2083333 0.08333331 0.1875 0.08333331 0.1875 0.08333331 0.2083333 0.1666666 0.1875 0.1666666 0.1875 0.1666666 0.2083333 0.25 0.1875 0.25 0.1875 0.25 0.2083333 0.3333333 0.1875 0.3333333 0.1875 0.3333333 0.2083333 0.4166666 0.1875 0.4166666 0.1875 0.4166666 0.2083333 0.5 0.1875 0.5 0.2083333 0.5 0.2291666 0.5833333 0.2083333 0.5833333 0.2083333 0.5833333 0.2291666 0.6666667 0.2083333 0.6666667 0.2083333 0.6666667 0.2291666 0.75 0.2083333 0.75 0.2083333 0.75 0.2291666 0.8333333 0.2083333 0.8333333 0.2083333 0.9166667 0.2291666 1 0.2083333 1 0.2083333 0 0.2291666 0.08333331 0.2083333 0.08333331 0.2083333 0.08333331 0.2291666 0.1666666 0.2083333 0.1666666 0.2083333 0.3333333 0.2291666 0.4166666 0.2083333 0.4166666 0.2083333 0.4166666 0.2291666 0.5 0.2083333 0.5 0.2291666 0.5 0.25 0.5833333 0.2291666 0.5833333 0.2291666 0.5833333 0.25 0.6666667 0.2291666 0.6666667 0.2291666 0.6666667 0.25 0.75 0.2291666 0.75 0.2291666 0.75 0.25 0.8333333 0.2291666 0.8333333 0.2291666 0.9166667 0.25 1 0.2291666 1 0.2291666 0 0.25 0.08333331 0.2291666 0.08333331 0.2291666 0.08333331 0.25 0.1666666 0.2291666 0.1666666 0.2291666 0.1666666 0.25 0.25 0.2291666 0.25 0.2291666 0.25 0.25 0.3333333 0.2291666 0.3333333 0.2291666 0.3333333 0.25 0.4166666 0.2291666 0.4166666 0.2291666 0.4166666 0.25 0.5 0.2291666 0.5 0.25 0.5 0.2708333 0.5833333 0.25 0.5833333 0.25 0.5833333 0.2708333 0.6666667 0.25 0.6666667 0.25 0.6666667 0.2708333 0.75 0.25 0.75 0.25 0.9166667 0.2708333 1 0.25 1 0.25 0 0.2708333 0.08333331 0.25 0.08333331 0.25 0.08333331 0.2708333 0.1666666 0.25 0.1666666 0.25 0.1666666 0.2708333 0.25 0.25 0.25 0.25 0.25 0.2708333 0.3333333 0.25 0.3333333 0.25 0.3333333 0.2708333 0.4166666 0.25 0.4166666 0.25 0.4166666 0.2708333 0.5 0.25 0.5 0.2708333 0.5 0.2916666 0.5833333 0.2708333 0.5833333 0.2708333 0.6666667 0.2916666 0.75 0.2708333 0.75 0.2708333 0.75 0.2916666 0.8333333 0.2708333 0.8333333 0.2708333 0.9166667 0.2916666 1 0.2708333 1 0.2708333 0 0.2916666 0.08333331 0.2708333 0.08333331 0.2708333 0.08333331 0.2916666 0.1666666 0.2708333 0.1666666 0.2708333 0.1666666 0.2916666 0.25 0.2708333 0.25 0.2708333 0.25 0.2916666 0.3333333 0.2708333 0.3333333 0.2708333 0.3333333 0.2916666 0.4166666 0.2708333 0.4166666 0.2708333 0.4166666 0.2916666 0.5 0.2708333 0.5 0.2916666 0.5 0.3125 0.5833333 0.2916666 0.5833333 0.2916666 0.5833333 0.3125 0.6666667 0.2916666 0.6666667 0.2916666 0.6666667 0.3125 0.75 0.2916666 0.75 0.2916666 0.75 0.3125 0.8333333 0.2916666 0.8333333 0.2916666 0.8333333 0.3125 0.9166667 0.2916666 0.9166667 0.2916666 0 0.3125 0.08333331 0.2916666 0.08333331 0.2916666 0.08333331 0.3125 0.1666666 0.2916666 0.1666666 0.2916666 0.1666666 0.3125 0.25 0.2916666 0.25 0.2916666 0.25 0.3125 0.3333333 0.2916666 0.3333333 0.2916666 0.3333333 0.3125 0.4166666 0.2916666 0.4166666 0.2916666 0.4166666 0.3125 0.5 0.2916666 0.5 0.3125 0.5833333 0.3333333 0.6666667 0.3125 0.6666667 0.3125 0.6666667 0.3333333 0.75 0.3125 0.75 0.3125 0.75 0.3333333 0.8333333 0.3125 0.8333333 0.3125 0.8333333 0.3333333 0.9166667 0.3125 0.9166667 0.3125 0.9166667 0.3333333 1 0.3125 1 0.3125 0 0.3333333 0.08333331 0.3125 0.08333331 0.3125 0.08333331 0.3333333 0.1666666 0.3125 0.1666666 0.3125 0.1666666 0.3333333 0.25 0.3125 0.25 0.3125 0.25 0.3333333 0.3333333 0.3125 0.3333333 0.3125 0.3333333 0.3333333 0.4166666 0.3125 0.4166666 0.3125 0.4166666 0.3333333 0.5 0.3125 0.5 0.3333333 0.5 0.3541666 0.5833333 0.3333333 0.5833333 0.3333333 0.5833333 0.3541666 0.6666667 0.3333333 0.6666667 0.3333333 0.6666667 0.3541666 0.75 0.3333333 0.75 0.3333333 0.75 0.3541666 0.8333333 0.3333333 0.8333333 0.3333333 0.8333333 0.3541666 0.9166667 0.3333333 0.9166667 0.3333333 0.9166667 0.3541666 1 0.3333333 1 0.3333333 0 0.3541666 0.08333331 0.3333333 0.08333331 0.3333333 0.08333331 0.3541666 0.1666666 0.3333333 0.1666666 0.3333333 0.1666666 0.3541666 0.25 0.3333333 0.25 0.3333333 0.25 0.3541666 0.3333333 0.3333333 0.3333333 0.3333333 0.3333333 0.3541666 0.4166666 0.3333333 0.4166666 0.3333333 0.4166666 0.3541666 0.5 0.3333333 0.5 0.3541666 0.5 0.375 0.5833333 0.3541666 0.5833333 0.3541666 0.5833333 0.375 0.6666667 0.3541666 0.6666667 0.3541666 0.6666667 0.375 0.75 0.3541666 0.75 0.3541666 0.75 0.375 0.8333333 0.3541666 0.8333333 0.3541666 0.8333333 0.375 0.9166667 0.3541666 0.9166667 0.3541666 0.9166667 0.375 1 0.3541666 1 0.3541666 0 0.375 0.08333331 0.3541666 0.08333331 0.3541666 0.08333331 0.375 0.1666666 0.3541666 0.1666666 0.3541666 0.1666666 0.375 0.25 0.3541666 0.25 0.3541666 0.25 0.375 0.3333333 0.3541666 0.3333333 0.3541666 0.3333333 0.375 0.4166666 0.3541666 0.4166666 0.3541666 0.4166666 0.375 0.5 0.3541666 0.5 0.375 0.5 0.3958333 0.5833333 0.375 0.5833333 0.375 0.5833333 0.3958333 0.6666667 0.375 0.6666667 0.375 0.8333333 0.3958333 0.9166667 0.375 0.9166667 0.375 0.9166667 0.3958333 1 0.375 1 0.375 0 0.3958333 0.08333331 0.375 0.08333331 0.375 0.08333331 0.3958333 0.1666666 0.375 0.1666666 0.375 0.25 0.3958333 0.3333333 0.375 0.3333333 0.375 0.3333333 0.3958333 0.4166666 0.375 0.4166666 0.375 0.4166666 0.3958333 0.5 0.375 0.5 0.3958333 0.5 0.4166666 0.5833333 0.3958333 0.5833333 0.3958333 0.5833333 0.4166666 0.6666667 0.3958333 0.6666667 0.3958333 0.6666667 0.4166666 0.75 0.3958333 0.75 0.3958333 0.75 0.4166666 0.8333333 0.3958333 0.8333333 0.3958333 0.8333333 0.4166666 0.9166667 0.3958333 0.9166667 0.3958333 0.9166667 0.4166666 1 0.3958333 1 0.3958333 0 0.4166666 0.08333331 0.3958333 0.08333331 0.3958333 0.1666666 0.4166666 0.25 0.3958333 0.25 0.3958333 0.3333333 0.4166666 0.4166666 0.3958333 0.4166666 0.3958333 0.4166666 0.4166666 0.5 0.3958333 0.5 0.4166666 0.5 0.4375 0.5833333 0.4166666 0.5833333 0.4166666 0.5833333 0.4375 0.6666667 0.4166666 0.6666667 0.4166666 0.6666667 0.4375 0.75 0.4166666 0.75 0.4166666 0.75 0.4375 0.8333333 0.4166666 0.8333333 0.4166666 0.8333333 0.4375 0.9166667 0.4166666 0.9166667 0.4166666 0.9166667 0.4375 1 0.4166666 1 0.4166666 0 0.4375 0.08333331 0.4166666 0.08333331 0.4166666 0.08333331 0.4375 0.1666666 0.4166666 0.1666666 0.4166666 0.1666666 0.4375 0.25 0.4166666 0.25 0.4166666 0.25 0.4375 0.3333333 0.4166666 0.3333333 0.4166666 0.4166666 0.4375 0.5 0.4166666 0.5 0.4375 0.5 0.4583333 0.5833333 0.4375 0.5833333 0.4375 0.8333333 0.4583333 0.9166667 0.4375 0.9166667 0.4375 0.9166667 0.4583333 1 0.4375 1 0.4375 0.08333331 0.4583333 0.1666666 0.4375 0.1666666 0.4375 0.1666666 0.4583333 0.25 0.4375 0.25 0.4375 0.25 0.4583333 0.3333333 0.4375 0.3333333 0.4375 0.3333333 0.4583333 0.4166666 0.4375 0.4166666 0.4375 0.4166666 0.4583333 0.5 0.4375 0.5 0.4583333 0.6666667 0.4791666 0.75 0.4583333 0.75 0.4583333 0.8333333 0.4791666 0.9166667 0.4583333 0.9166667 0.4583333 0.9166667 0.4791666 1 0.4583333 1 0.4583333 0 0.4791666 0.08333331 0.4583333 0.08333331 0.4583333 0.08333331 0.4791666 0.1666666 0.4583333 0.1666666 0.4583333 0.1666666 0.4791666 0.25 0.4583333 0.25 0.4583333 0.25 0.4791666 0.3333333 0.4583333 0.3333333 0.4583333 0.3333333 0.4791666 0.4166666 0.4583333 0.4166666 0.4583333 0.4166666 0.4791666 0.5 0.4583333 0.5 0.4791666 0.5 0.5 0.5833333 0.4791666 0.5833333 0.4791666 0.5833333 0.5 0.6666667 0.4791666 0.6666667 0.4791666 0.6666667 0.5 0.75 0.4791666 0.75 0.4791666 0.75 0.5 0.8333333 0.4791666 0.8333333 0.4791666 0.8333333 0.5 0.9166667 0.4791666 0.9166667 0.4791666 0.9166667 0.5 1 0.4791666 1 0.4791666 0 0.5 0.08333331 0.4791666 0.08333331 0.4791666 0.08333331 0.5 0.1666666 0.4791666 0.1666666 0.4791666 0.1666666 0.5 0.25 0.4791666 0.25 0.4791666 0.25 0.5 0.3333333 0.4791666 0.3333333 0.4791666 0.3333333 0.5 0.4166666 0.4791666 0.4166666 0.4791666 0.4166666 0.5 0.5 0.4791666 0.5 0.375 0 0.625 0 0.625 0.25 0.375 0.25 0.625 0.25 0.625 0.5 0.375 0.5 0.625 0.5 0.625 0.75 0.375 0.75 0.625 0.75 0.625 1 0.125 0.5 0.375 0.5 0.375 0.75 0.625 0.5 0.875 0.5 0.875 0.75 0.375 0 0.625 0 0.625 0.25 0.375 0.25 0.625 0.25 0.625 0.5 0.375 0.5 0.625 0.5 0.625 0.75 0.375 0.75 0.625 0.75 0.625 1 0.125 0.5 0.375 0.5 0.375 0.75 0.625 0.5 0.875 0.5 0.875 0.75 0.375 0 0.625 0 0.625 0.25 0.375 0.25 0.625 0.25 0.625 0.5 0.375 0.5 0.625 0.5 0.625 0.75 0.375 0.75 0.625 0.75 0.625 1 0.125 0.5 0.375 0.5 0.375 0.75 0.625 0.5 0.875 0.5 0.875 0.75 0.5416667 0.8333333 0.5625 0.9166667 0.5416667 0.9166667 0.5625 0.08333331 0.5833333 0.1666666 0.5625 0.1666666 0.5833333 0.8333333 0.6041667 0.9166667 0.5833333 0.9166667 0.6041667 0.3333333 0.625 0.4166666 0.6041667 0.4166666 0.625 0.08333331 0.6458333 0.1666666 0.625 0.1666666 0.6458333 0.6666667 0.6666667 0.75 0.6458333 0.75 0.7708333 0.6666667 0.7916667 0.75 0.7708333 0.75 0.7916667 0.08333331 0.8125 0.1666666 0.7916667 0.1666666 0.8125 0 0.8333333 0.08333331 0.8125 0.08333331 0.8125 0.08333331 0.8333333 0.1666666 0.8125 0.1666666 0.8125 0.25 0.8333333 0.3333333 0.8125 0.3333333 0.875 0.8333333 0.8958333 0.9166667 0.875 0.9166667 0.875 0.3333333 0.8958333 0.4166666 0.875 0.4166666 0.875 0.4166666 0.8958333 0.5 0.875 0.5 0.9166667 0.75 0.9375 0.8333333 0.9166667 0.8333333 0.9166667 0.8333333 0.9375 0.9166667 0.9166667 0.9166667 0.9375 0.8333333 0.9583333 0.9166667 0.9375 0.9166667 0.9375 0.9166667 0.9583333 1 0.9375 1 0.9375 0 0.9583333 0.08333331 0.9375 0.08333331 0.9375 0.3333333 0.9583333 0.4166666 0.9375 0.4166666 0.9375 0.4166666 0.9583333 0.5 0.9375 0.5 0.9583333 0.9166667 0.9791667 1 0.9583333 1 0.9583333 0 0.9791667 0.08333331 0.9583333 0.08333331 0.9583333 0.08333331 0.9791667 0.1666666 0.9583333 0.1666666 0.9583333 0.4166666 0.9791667 0.5 0.9583333 0.5 0.9791667 0.5833333 1 0.6666667 0.9791667 0.6666667 0.9791667 0 1 0.08333331 0.9791667 0.08333331 0.9791667 0.08333331 1 0.1666666 0.9791667 0.1666666 0 0.08333331 0.02083331 0.1666666 0 0.1666666 0.04166662 0.5 0.0625 0.5833333 0.04166662 0.5833333 0.04166662 0.3333333 0.0625 0.4166666 0.04166662 0.4166666 0.08333331 0 0.1041666 0.08333331 0.08333331 0.08333331 0.1041666 0.1666666 0.125 0.25 0.1041666 0.25 0.1041666 0.25 0.125 0.3333333 0.1041666 0.3333333 0.125 0.9166667 0.1458333 1 0.125 1 0.125 0.3333333 0.1458333 0.4166666 0.125 0.4166666 0.2083333 0.8333333 0.2291666 0.9166667 0.2083333 0.9166667 0.2083333 0.1666666 0.2291666 0.25 0.2083333 0.25 0.2083333 0.25 0.2291666 0.3333333 0.2083333 0.3333333 0.2291666 0.8333333 0.25 0.9166667 0.2291666 0.9166667 0.25 0.75 0.2708333 0.8333333 0.25 0.8333333 0.25 0.8333333 0.2708333 0.9166667 0.25 0.9166667 0.2708333 0.5833333 0.2916666 0.6666667 0.2708333 0.6666667 0.2708333 0.8333333 0.2916666 0.9166667 0.2708333 0.9166667 0.2916666 0.9166667 0.3125 1 0.2916666 1 0.3125 0.5 0.3333333 0.5833333 0.3125 0.5833333 0.375 0.6666667 0.3958333 0.75 0.375 0.75 0.375 0.75 0.3958333 0.8333333 0.375 0.8333333 0.375 0.1666666 0.3958333 0.25 0.375 0.25 0.3958333 0.08333331 0.4166666 0.1666666 0.3958333 0.1666666 0.3958333 0.25 0.4166666 0.3333333 0.3958333 0.3333333 0.4166666 0.3333333 0.4375 0.4166666 0.4166666 0.4166666 0.4375 0.5833333 0.4583333 0.6666667 0.4375 0.6666667 0.4375 0.6666667 0.4583333 0.75 0.4375 0.75 0.4375 0.75 0.4583333 0.8333333 0.4375 0.8333333 0.4375 0 0.4583333 0.08333331 0.4375 0.08333331 0.4583333 0.5 0.4791666 0.5833333 0.4583333 0.5833333 0.4583333 0.5833333 0.4791666 0.6666667 0.4583333 0.6666667 0.4583333 0.75 0.4791666 0.8333333 0.4583333 0.8333333 0.5 0.8333333 0.5208333 0.8333333 0.5208333 0.9166667 0.5208333 0.5833333 0.5416667 0.5833333 0.5416667 0.6666667 0.5416667 0.25 0.5625 0.25 0.5625 0.3333333 0.5625 0 0.5833333 0 0.5833333 0.08333331 0.5833333 0.5 0.6041667 0.5 0.6041667 0.5833333 0.5833333 0 0.6041667 0 0.6041667 0.08333331 0.5833333 0.08333331 0.6041667 0.08333331 0.6041667 0.1666666 0.6041667 0.5 0.625 0.5 0.625 0.5833333 0.6041667 0.5833333 0.625 0.5833333 0.625 0.6666667 0.6041667 0.8333333 0.625 0.8333333 0.625 0.9166667 0.6041667 0.25 0.625 0.25 0.625 0.3333333 0.625 0.5 0.6458333 0.5 0.6458333 0.5833333 0.625 0.8333333 0.6458333 0.8333333 0.6458333 0.9166667 0.6458333 0.5 0.6666667 0.5 0.6666667 0.5833333 0.6458333 0.5833333 0.6666667 0.5833333 0.6666667 0.6666667 0.6458333 0.08333331 0.6666667 0.08333331 0.6666667 0.1666666 0.6666667 0.6666667 0.6875 0.6666667 0.6875 0.75 0.6666667 0.8333333 0.6875 0.8333333 0.6875 0.9166667 0.6666667 0.3333333 0.6875 0.3333333 0.6875 0.4166666 0.7083333 0.1666666 0.7291667 0.1666666 0.7291667 0.25 0.7083333 0.25 0.7291667 0.25 0.7291667 0.3333333 0.7083333 0.4166666 0.7291667 0.4166666 0.7291667 0.5 0.7291667 0.1666666 0.75 0.1666666 0.75 0.25 0.7291667 0.4166666 0.75 0.4166666 0.75 0.5 0.75 0.5 0.7708333 0.5 0.7708333 0.5833333 0.75 0.4166666 0.7708333 0.4166666 0.7708333 0.5 0.7708333 0.4166666 0.7916667 0.4166666 0.7916667 0.5 0.7916667 0.6666667 0.8125 0.6666667 0.8125 0.75 0.7916667 0.4166666 0.8125 0.4166666 0.8125 0.5 0.8125 0.5 0.8333333 0.5 0.8333333 0.5833333 0.8125 0.4166666 0.8333333 0.4166666 0.8333333 0.5 0.8333333 0.25 0.8541667 0.25 0.8541667 0.3333333 0.8541667 0 0.875 0 0.875 0.08333331 0.8541667 0.08333331 0.875 0.08333331 0.875 0.1666666 0.875 0.6666667 0.8958333 0.6666667 0.8958333 0.75 0.875 0.75 0.8958333 0.75 0.8958333 0.8333333 0.875 0 0.8958333 0 0.8958333 0.08333331 0.8958333 0.25 0.9166667 0.25 0.9166667 0.3333333 0.8958333 0.3333333 0.9166667 0.3333333 0.9166667 0.4166666 0.9166667 0.1666666 0.9375 0.1666666 0.9375 0.25 0.9583333 0.25 0.9791667 0.25 0.9791667 0.3333333 0.9791667 0.75 1 0.75 1 0.8333333 0.9791667 0.8333333 1 0.8333333 1 0.9166667 0.9791667 0.25 1 0.25 1 0.3333333 0.9791667 0.3333333 1 0.3333333 1 0.4166666 0.9791667 0.4166666 1 0.4166666 1 0.5 0 0.5 0.02083331 0.5 0.02083331 0.5833333 0 0.5833333 0.02083331 0.5833333 0.02083331 0.6666667 0 0.8333333 0.02083331 0.8333333 0.02083331 0.9166667 0 0.25 0.02083331 0.25 0.02083331 0.3333333 0 0.3333333 0.02083331 0.3333333 0.02083331 0.4166666 0 0.4166666 0.02083331 0.4166666 0.02083331 0.5 0.02083331 0.8333333 0.04166662 0.8333333 0.04166662 0.9166667 0.02083331 0.9166667 0.04166662 0.9166667 0.04166662 1 0.04166662 0.75 0.0625 0.75 0.0625 0.8333333 0.04166662 0.8333333 0.0625 0.8333333 0.0625 0.9166667 0.04166662 0.9166667 0.0625 0.9166667 0.0625 1 0.04166662 0 0.0625 0 0.0625 0.08333331 0.0625 0.6666667 0.08333331 0.6666667 0.08333331 0.75 0.0625 0.3333333 0.08333331 0.3333333 0.08333331 0.4166666 0.08333331 0.75 0.1041666 0.75 0.1041666 0.8333333 0.08333331 0.4166666 0.1041666 0.4166666 0.1041666 0.5 0.1041666 0.5 0.125 0.5 0.125 0.5833333 0.1041666 0.75 0.125 0.75 0.125 0.8333333 0.125 0.08333331 0.1458333 0.08333331 0.1458333 0.1666666 0.1458333 0.3333333 0.1666666 0.3333333 0.1666666 0.4166666 0.1666666 0.8333333 0.1875 0.8333333 0.1875 0.9166667 0.1666666 0.9166667 0.1875 0.9166667 0.1875 1 0.2083333 0.5 0.2291666 0.5 0.2291666 0.5833333 0.2291666 0 0.25 0 0.25 0.08333331 0.2916666 0.75 0.3125 0.75 0.3125 0.8333333 0.2916666 0.8333333 0.3125 0.8333333 0.3125 0.9166667 0.3125 0.4166666 0.3333333 0.4166666 0.3333333 0.5 0.3333333 0.5 0.3541666 0.5 0.3541666 0.5833333 0.3333333 0.6666667 0.3541666 0.6666667 0.3541666 0.75 0.3333333 0.8333333 0.3541666 0.8333333 0.3541666 0.9166667 0.3541666 0.9166667 0.375 0.9166667 0.375 1 0.375 0.5833333 0.3958333 0.5833333 0.3958333 0.6666667 0.375 0.4166666 0.3958333 0.4166666 0.3958333 0.5 0.4375 0.9166667 0.4583333 0.9166667 0.4583333 1 0.4375 0.1666666 0.4583333 0.1666666 0.4583333 0.25 0.4375 0.25 0.4583333 0.25 0.4583333 0.3333333 0.4583333 0.1666666 0.4791666 0.1666666 0.4791666 0.25 0.4583333 0.4166666 0.4791666 0.4166666 0.4791666 0.5</float_array>
          <technique_common>
            <accessor source="#Cube_022-mesh-map-0-array" count="3564" stride="2">
              <param name="S" type="float"/>
              <param name="T" type="float"/>
            </accessor>
          </technique_common>
        </source>
        <vertices id="Cube_022-mesh-vertices">
          <input semantic="POSITION" source="#Cube_022-mesh-positions"/>
        </vertices>
        <triangles material="Material_005-material" count="1188">
          <input semantic="VERTEX" source="#Cube_022-mesh-vertices" offset="0"/>
          <input semantic="NORMAL" source="#Cube_022-mesh-normals" offset="1"/>
          <input semantic="TEXCOORD" source="#Cube_022-mesh-map-0" offset="2" set="0"/>
          <p>0 0 0 3 0 1 2 0 2 2 1 3 7 1 4 6 1 5 6 2 6 5 2 7 4 2 8 4 3 9 1 3 10 0 3 11 2 4 12 4 4 13 0 4 14 7 5 15 1 5 16 5 5 17 8 6 18 11 6 19 10 6 20 10 7 21 15 7 22 14 7 23 14 8 24 13 8 25 12 8 26 12 9 27 9 9 28 8 9 29 10 10 30 12 10 31 8 10 32 15 11 33 9 11 34 13 11 35 16 12 36 19 12 37 18 12 38 18 13 39 23 13 40 22 13 41 22 14 42 21 14 43 20 14 44 20 15 45 17 15 46 16 15 47 18 16 48 20 16 49 16 16 50 23 17 51 17 17 52 21 17 53 295 18 54 30 18 55 301 18 56 24 19 57 301 19 58 31 19 59 296 20 60 31 20 61 302 20 62 25 21 63 302 21 64 303 21 65 26 22 66 304 22 67 305 22 68 298 23 69 305 23 70 32 23 71 299 24 72 32 24 73 306 24 74 27 25 75 306 25 76 307 25 77 28 26 78 307 26 79 33 26 80 300 27 81 33 27 82 308 27 83 29 28 84 308 28 85 30 28 86 30 29 87 34 29 88 309 29 89 31 30 90 310 30 91 311 30 92 302 31 93 311 31 94 35 31 95 303 32 96 35 32 97 36 32 98 304 33 99 36 33 100 37 33 101 305 34 102 37 34 103 312 34 104 32 35 105 312 35 106 38 35 107 306 36 108 38 36 109 313 36 110 307 37 111 313 37 112 39 37 113 33 38 114 39 38 115 314 38 116 308 39 117 314 39 118 34 39 119 34 40 120 315 40 121 40 40 122 309 41 123 40 41 124 316 41 125 310 42 126 316 42 127 41 42 128 311 43 129 41 43 130 317 43 131 35 44 132 317 44 133 42 44 134 36 45 135 42 45 136 318 45 137 37 46 138 318 46 139 43 46 140 312 47 141 43 47 142 44 47 143 38 48 144 44 48 145 319 48 146 39 49 147 320 49 148 45 49 149 314 50 150 45 50 151 315 50 152 315 51 153 321 51 154 46 51 155 40 52 156 46 52 157 322 52 158 316 53 159 322 53 160 47 53 161 41 54 162 47 54 163 48 54 164 317 55 165 48 55 166 49 55 167 42 56 168 49 56 169 323 56 170 43 57 171 324 57 172 50 57 173 44 58 174 50 58 175 325 58 176 319 59 177 325 59 178 51 59 179 320 60 180 51 60 181 326 60 182 45 61 183 326 61 184 321 61 185 46 62 186 328 62 187 52 62 188 322 63 189 52 63 190 53 63 191 47 64 192 53 64 193 329 64 194 48 65 195 329 65 196 54 65 197 49 66 198 54 66 199 330 66 200 50 67 201 332 67 202 333 67 203 325 68 204 333 68 205 55 68 206 51 69 207 55 69 208 56 69 209 326 70 210 56 70 211 327 70 212 52 71 213 336 71 214 337 71 215 53 72 216 337 72 217 338 72 218 54 73 219 339 73 220 57 73 221 330 74 222 57 74 223 58 74 224 331 75 225 58 75 226 59 75 227 332 76 228 59 76 229 340 76 230 55 77 231 341 77 232 60 77 233 56 78 234 60 78 235 334 78 236 335 79 237 343 79 238 61 79 239 336 80 240 61 80 241 62 80 242 337 81 243 62 81 244 344 81 245 339 82 246 345 82 247 63 82 248 57 83 249 63 83 250 346 83 251 58 84 252 346 84 253 64 84 254 59 85 255 64 85 256 347 85 257 340 86 258 347 86 259 65 86 260 341 87 261 65 87 262 66 87 263 60 88 264 66 88 265 342 88 266 61 89 267 350 89 268 67 89 269 62 90 270 67 90 271 351 90 272 344 91 273 351 91 274 68 91 275 345 92 276 68 92 277 352 92 278 63 93 279 352 93 280 353 93 281 64 94 282 354 94 283 69 94 284 347 95 285 69 95 286 355 95 287 65 96 288 355 96 289 356 96 290 66 97 291 356 97 292 348 97 293 348 98 294 70 98 295 71 98 296 349 99 297 71 99 298 357 99 299 67 100 300 358 100 301 359 100 302 68 101 303 360 101 304 72 101 305 352 102 306 72 102 307 361 102 308 353 103 309 361 103 310 73 103 311 354 104 312 73 104 313 74 104 314 69 105 315 74 105 316 362 105 317 356 106 318 363 106 319 70 106 320 70 107 321 75 107 322 364 107 323 71 108 324 364 108 325 76 108 326 357 109 327 76 109 328 77 109 329 358 110 330 77 110 331 365 110 332 359 111 333 365 111 334 78 111 335 360 112 336 78 112 337 366 112 338 72 113 339 366 113 340 79 113 341 361 114 342 79 114 343 367 114 344 73 115 345 367 115 346 368 115 347 74 116 348 368 116 349 80 116 350 362 117 351 80 117 352 369 117 353 363 118 354 369 118 355 75 118 356 75 119 357 370 119 358 81 119 359 364 120 360 81 120 361 82 120 362 76 121 363 82 121 364 371 121 365 77 122 366 371 122 367 83 122 368 365 123 369 83 123 370 84 123 371 78 124 372 84 124 373 372 124 374 366 125 375 372 125 376 85 125 377 79 126 378 85 126 379 373 126 380 80 127 381 375 127 382 376 127 383 370 128 384 377 128 385 86 128 386 81 129 387 86 129 388 378 129 389 82 130 390 378 130 391 379 130 392 371 131 393 379 131 394 87 131 395 83 132 396 87 132 397 380 132 398 84 133 399 380 133 400 88 133 401 372 134 402 88 134 403 89 134 404 85 135 405 89 135 406 381 135 407 374 136 408 382 136 409 90 136 410 375 137 411 90 137 412 383 137 413 86 138 414 385 138 415 91 138 416 378 139 417 91 139 418 92 139 419 379 140 420 92 140 421 93 140 422 87 141 423 93 141 424 94 141 425 380 142 426 94 142 427 95 142 428 88 143 429 95 143 430 386 143 431 89 144 432 386 144 433 96 144 434 381 145 435 96 145 436 97 145 437 382 146 438 97 146 439 98 146 440 90 147 441 98 147 442 387 147 443 384 148 444 388 148 445 99 148 446 385 149 447 99 149 448 389 149 449 91 150 450 389 150 451 100 150 452 92 151 453 100 151 454 390 151 455 93 152 456 390 152 457 391 152 458 94 153 459 391 153 460 392 153 461 95 154 462 392 154 463 101 154 464 386 155 465 101 155 466 102 155 467 96 156 468 102 156 469 393 156 470 97 157 471 393 157 472 394 157 473 98 158 474 394 158 475 395 158 476 388 159 477 396 159 478 103 159 479 99 160 480 103 160 481 397 160 482 100 161 483 398 161 484 104 161 485 390 162 486 104 162 487 399 162 488 391 163 489 399 163 490 105 163 491 392 164 492 105 164 493 106 164 494 101 165 495 106 165 496 107 165 497 102 166 498 107 166 499 108 166 500 393 167 501 108 167 502 109 167 503 394 168 504 109 168 505 400 168 506 103 169 507 402 169 508 403 169 509 397 170 510 403 170 511 110 170 512 398 171 513 110 171 514 404 171 515 104 172 516 404 172 517 405 172 518 399 173 519 405 173 520 111 173 521 105 174 522 111 174 523 112 174 524 106 175 525 112 175 526 113 175 527 107 176 528 113 176 529 406 176 530 108 177 531 406 177 532 114 177 533 109 178 534 114 178 535 407 178 536 401 179 537 408 179 538 115 179 539 402 180 540 115 180 541 116 180 542 403 181 543 116 181 544 117 181 545 110 182 546 117 182 547 409 182 548 404 183 549 409 183 550 118 183 551 405 184 552 118 184 553 410 184 554 111 185 555 410 185 556 411 185 557 112 186 558 411 186 559 412 186 560 113 187 561 412 187 562 413 187 563 114 188 564 414 188 565 119 188 566 407 189 567 119 189 568 408 189 569 408 190 570 120 190 571 121 190 572 115 191 573 121 191 574 415 191 575 116 192 576 415 192 577 416 192 578 117 193 579 416 193 580 122 193 581 409 194 582 122 194 583 123 194 584 118 195 585 123 195 586 417 195 587 412 196 588 419 196 589 124 196 590 413 197 591 124 197 592 125 197 593 414 198 594 125 198 595 126 198 596 119 199 597 126 199 598 120 199 599 120 200 600 127 200 601 420 200 602 121 201 603 420 201 604 421 201 605 122 202 606 423 202 607 128 202 608 123 203 609 128 203 610 424 203 611 418 204 612 425 204 613 129 204 614 419 205 615 129 205 616 426 205 617 124 206 618 426 206 619 427 206 620 125 207 621 427 207 622 130 207 623 126 208 624 130 208 625 127 208 626 127 209 627 428 209 628 131 209 629 420 210 630 131 210 631 429 210 632 421 211 633 429 211 634 132 211 635 422 212 636 132 212 637 133 212 638 423 213 639 133 213 640 134 213 641 128 214 642 134 214 643 430 214 644 424 215 645 430 215 646 135 215 647 425 216 648 135 216 649 431 216 650 129 217 651 431 217 652 432 217 653 130 218 654 434 218 655 428 218 656 428 219 657 136 219 658 435 219 659 131 220 660 435 220 661 436 220 662 429 221 663 436 221 664 137 221 665 132 222 666 137 222 667 138 222 668 133 223 669 138 223 670 139 223 671 134 224 672 139 224 673 140 224 674 430 225 675 140 225 676 141 225 677 135 226 678 141 226 679 437 226 680 432 227 681 438 227 682 142 227 683 433 228 684 142 228 685 143 228 686 434 229 687 143 229 688 136 229 689 136 230 690 144 230 691 439 230 692 435 231 693 439 231 694 145 231 695 436 232 696 145 232 697 146 232 698 137 233 699 146 233 700 440 233 701 138 234 702 440 234 703 147 234 704 139 235 705 147 235 706 148 235 707 140 236 708 148 236 709 149 236 710 141 237 711 149 237 712 150 237 713 437 238 714 150 238 715 441 238 716 438 239 717 441 239 718 151 239 719 142 240 720 151 240 721 152 240 722 143 241 723 152 241 724 144 241 725 144 242 726 153 242 727 154 242 728 439 243 729 154 243 730 155 243 731 145 244 732 155 244 733 442 244 734 146 245 735 442 245 736 443 245 737 440 246 738 443 246 739 156 246 740 147 247 741 156 247 742 157 247 743 148 248 744 157 248 745 158 248 746 149 249 747 158 249 748 159 249 749 150 250 750 159 250 751 444 250 752 151 251 753 445 251 754 446 251 755 152 252 756 446 252 757 153 252 758 153 253 759 447 253 760 448 253 761 154 254 762 448 254 763 160 254 764 155 255 765 160 255 766 449 255 767 156 256 768 451 256 769 452 256 770 157 257 771 452 257 772 161 257 773 158 258 774 161 258 775 162 258 776 159 259 777 162 259 778 453 259 779 160 260 780 458 260 781 163 260 782 449 261 783 163 261 784 459 261 785 451 262 786 460 262 787 164 262 788 452 263 789 164 263 790 461 263 791 161 264 792 461 264 793 165 264 794 162 265 795 165 265 796 462 265 797 456 266 798 166 266 799 167 266 800 457 267 801 167 267 802 168 267 803 458 268 804 168 268 805 465 268 806 163 269 807 465 269 808 466 269 809 164 270 810 468 270 811 169 270 812 461 271 813 169 271 814 469 271 815 165 272 816 469 272 817 170 272 818 462 273 819 170 273 820 171 273 821 463 274 822 171 274 823 172 274 824 464 275 825 172 275 826 166 275 827 166 276 828 470 276 829 173 276 830 167 277 831 173 277 832 471 277 833 168 278 834 471 278 835 472 278 836 169 279 837 476 279 838 174 279 839 469 280 840 174 280 841 175 280 842 170 281 843 175 281 844 477 281 845 171 282 846 477 282 847 176 282 848 172 283 849 176 283 850 470 283 851 470 284 852 478 284 853 177 284 854 173 285 855 177 285 856 479 285 857 472 286 858 480 286 859 178 286 860 473 287 861 178 287 862 481 287 863 474 288 864 481 288 865 179 288 866 475 289 867 179 289 868 180 289 869 476 290 870 180 290 871 482 290 872 174 291 873 482 291 874 483 291 875 175 292 876 483 292 877 484 292 878 176 293 879 485 293 880 478 293 881 478 294 882 486 294 883 181 294 884 177 295 885 181 295 886 182 295 887 479 296 888 182 296 889 487 296 890 178 297 891 488 297 892 489 297 893 481 298 894 489 298 895 183 298 896 179 299 897 183 299 898 184 299 899 180 300 900 184 300 901 185 300 902 482 301 903 185 301 904 186 301 905 483 302 906 186 302 907 187 302 908 484 303 909 187 303 910 490 303 911 181 304 912 492 304 913 493 304 914 182 305 915 493 305 916 494 305 917 488 306 918 495 306 919 188 306 920 489 307 921 188 307 922 189 307 923 183 308 924 189 308 925 496 308 926 184 309 927 496 309 928 497 309 929 185 310 930 497 310 931 190 310 932 186 311 933 190 311 934 191 311 935 187 312 936 191 312 937 192 312 938 490 313 939 192 313 940 491 313 941 491 314 942 193 314 943 498 314 944 492 315 945 498 315 946 194 315 947 493 316 948 194 316 949 195 316 950 494 317 951 195 317 952 196 317 953 495 318 954 196 318 955 499 318 956 188 319 957 499 319 958 197 319 959 189 320 960 197 320 961 500 320 962 497 321 963 501 321 964 198 321 965 190 322 966 198 322 967 502 322 968 191 323 969 502 323 970 199 323 971 192 324 972 199 324 973 193 324 974 193 325 975 503 325 976 200 325 977 498 326 978 200 326 979 504 326 980 194 327 981 504 327 982 505 327 983 195 328 984 505 328 985 506 328 986 196 329 987 506 329 988 507 329 989 499 330 990 507 330 991 201 330 992 197 331 993 201 331 994 202 331 995 500 332 996 202 332 997 203 332 998 501 333 999 203 333 1000 204 333 1001 198 334 1002 204 334 1003 508 334 1004 199 335 1005 509 335 1006 503 335 1007 503 336 1008 205 336 1009 510 336 1010 200 337 1011 510 337 1012 206 337 1013 504 338 1014 206 338 1015 207 338 1016 505 339 1017 207 339 1018 511 339 1019 201 340 1020 513 340 1021 514 340 1022 202 341 1023 514 341 1024 515 341 1025 203 342 1026 515 342 1027 516 342 1028 204 343 1029 516 343 1030 208 343 1031 508 344 1032 208 344 1033 517 344 1034 509 345 1035 517 345 1036 205 345 1037 205 346 1038 518 346 1039 209 346 1040 510 347 1041 209 347 1042 519 347 1043 206 348 1044 519 348 1045 520 348 1046 207 349 1047 520 349 1048 210 349 1049 511 350 1050 210 350 1051 211 350 1052 512 351 1053 211 351 1054 212 351 1055 513 352 1056 212 352 1057 213 352 1058 514 353 1059 213 353 1060 214 353 1061 515 354 1062 214 354 1063 215 354 1064 516 355 1065 215 355 1066 216 355 1067 208 356 1068 216 356 1069 217 356 1070 517 357 1071 217 357 1072 518 357 1073 209 358 1074 522 358 1075 218 358 1076 519 359 1077 218 359 1078 523 359 1079 520 360 1080 523 360 1081 219 360 1082 210 361 1083 219 361 1084 220 361 1085 211 362 1086 220 362 1087 524 362 1088 212 363 1089 524 363 1090 525 363 1091 213 364 1092 525 364 1093 526 364 1094 214 365 1095 526 365 1096 221 365 1097 215 366 1098 221 366 1099 222 366 1100 216 367 1101 222 367 1102 527 367 1103 217 368 1104 527 368 1105 521 368 1106 521 369 1107 528 369 1108 223 369 1109 522 370 1110 223 370 1111 529 370 1112 218 371 1113 529 371 1114 224 371 1115 523 372 1116 224 372 1117 225 372 1118 219 373 1119 225 373 1120 226 373 1121 220 374 1122 226 374 1123 530 374 1124 525 375 1125 531 375 1126 227 375 1127 526 376 1128 227 376 1129 532 376 1130 221 377 1131 532 377 1132 533 377 1133 222 378 1134 533 378 1135 228 378 1136 527 379 1137 228 379 1138 528 379 1139 528 380 1140 229 380 1141 230 380 1142 223 381 1143 230 381 1144 231 381 1145 529 382 1146 231 382 1147 232 382 1148 224 383 1149 232 383 1150 233 383 1151 225 384 1152 233 384 1153 234 384 1154 226 385 1155 234 385 1156 534 385 1157 530 386 1158 534 386 1159 235 386 1160 531 387 1161 235 387 1162 535 387 1163 227 388 1164 535 388 1165 536 388 1166 532 389 1167 536 389 1168 236 389 1169 533 390 1170 236 390 1171 537 390 1172 228 391 1173 537 391 1174 229 391 1175 229 392 1176 237 392 1177 538 392 1178 230 393 1179 538 393 1180 238 393 1181 231 394 1182 238 394 1183 539 394 1184 232 395 1185 539 395 1186 540 395 1187 233 396 1188 540 396 1189 239 396 1190 234 397 1191 239 397 1192 240 397 1193 534 398 1194 240 398 1195 541 398 1196 235 399 1197 541 399 1198 542 399 1199 535 400 1200 542 400 1201 241 400 1202 536 401 1203 241 401 1204 543 401 1205 236 402 1206 543 402 1207 544 402 1208 537 403 1209 544 403 1210 237 403 1211 237 404 1212 242 404 1213 243 404 1214 538 405 1215 243 405 1216 545 405 1217 238 406 1218 545 406 1219 546 406 1220 239 407 1221 548 407 1222 244 407 1223 240 408 1224 244 408 1225 549 408 1226 541 409 1227 549 409 1228 245 409 1229 542 410 1230 245 410 1231 550 410 1232 241 411 1233 550 411 1234 246 411 1235 543 412 1236 246 412 1237 551 412 1238 544 413 1239 551 413 1240 242 413 1241 242 414 1242 552 414 1243 247 414 1244 243 415 1245 247 415 1246 553 415 1247 545 416 1248 553 416 1249 248 416 1250 546 417 1251 248 417 1252 554 417 1253 547 418 1254 554 418 1255 249 418 1256 548 419 1257 249 419 1258 555 419 1259 244 420 1260 555 420 1261 556 420 1262 549 421 1263 556 421 1264 250 421 1265 245 422 1266 250 422 1267 557 422 1268 550 423 1269 557 423 1270 251 423 1271 246 424 1272 251 424 1273 558 424 1274 247 425 1275 560 425 1276 561 425 1277 248 426 1278 562 426 1279 563 426 1280 249 427 1281 564 427 1282 252 427 1283 555 428 1284 252 428 1285 253 428 1286 556 429 1287 253 429 1288 565 429 1289 250 430 1290 565 430 1291 566 430 1292 557 431 1293 566 431 1294 254 431 1295 251 432 1296 254 432 1297 255 432 1298 558 433 1299 255 433 1300 559 433 1301 559 434 1302 256 434 1303 567 434 1304 560 435 1305 567 435 1306 257 435 1307 561 436 1308 257 436 1309 258 436 1310 562 437 1311 258 437 1312 259 437 1313 563 438 1314 259 438 1315 568 438 1316 252 439 1317 569 439 1318 570 439 1319 253 440 1320 570 440 1321 260 440 1322 565 441 1323 260 441 1324 261 441 1325 566 442 1326 261 442 1327 571 442 1328 254 443 1329 571 443 1330 572 443 1331 255 444 1332 572 444 1333 256 444 1334 256 445 1335 573 445 1336 574 445 1337 257 446 1338 575 446 1339 262 446 1340 258 447 1341 262 447 1342 263 447 1343 259 448 1344 263 448 1345 576 448 1346 568 449 1347 576 449 1348 264 449 1349 569 450 1350 264 450 1351 265 450 1352 570 451 1353 265 451 1354 266 451 1355 260 452 1356 266 452 1357 267 452 1358 261 453 1359 267 453 1360 268 453 1361 571 454 1362 268 454 1363 577 454 1364 573 455 1365 269 455 1366 578 455 1367 574 456 1368 578 456 1369 270 456 1370 575 457 1371 270 457 1372 579 457 1373 262 458 1374 579 458 1375 580 458 1376 263 459 1377 580 459 1378 581 459 1379 576 460 1380 581 460 1381 271 460 1382 264 461 1383 271 461 1384 582 461 1385 265 462 1386 582 462 1387 272 462 1388 266 463 1389 272 463 1390 583 463 1391 267 464 1392 583 464 1393 273 464 1394 268 465 1395 273 465 1396 274 465 1397 577 466 1398 274 466 1399 269 466 1400 269 467 1401 584 467 1402 275 467 1403 578 468 1404 275 468 1405 276 468 1406 270 469 1407 276 469 1408 277 469 1409 579 470 1410 277 470 1411 278 470 1412 580 471 1413 278 471 1414 585 471 1415 581 472 1416 585 472 1417 279 472 1418 271 473 1419 279 473 1420 280 473 1421 582 474 1422 280 474 1423 586 474 1424 272 475 1425 586 475 1426 587 475 1427 583 476 1428 587 476 1429 281 476 1430 273 477 1431 281 477 1432 282 477 1433 274 478 1434 282 478 1435 584 478 1436 584 479 1437 283 479 1438 284 479 1439 275 480 1440 284 480 1441 285 480 1442 276 481 1443 285 481 1444 286 481 1445 277 482 1446 286 482 1447 287 482 1448 278 483 1449 287 483 1450 588 483 1451 279 484 1452 589 484 1453 288 484 1454 280 485 1455 288 485 1456 590 485 1457 281 486 1458 592 486 1459 593 486 1460 282 487 1461 593 487 1462 283 487 1463 283 488 1464 594 488 1465 289 488 1466 284 489 1467 289 489 1468 290 489 1469 285 490 1470 290 490 1471 595 490 1472 286 491 1473 595 491 1474 291 491 1475 287 492 1476 291 492 1477 596 492 1478 588 493 1479 596 493 1480 292 493 1481 589 494 1482 292 494 1483 293 494 1484 288 495 1485 293 495 1486 597 495 1487 591 496 1488 598 496 1489 294 496 1490 592 497 1491 294 497 1492 599 497 1493 594 498 1494 295 498 1495 24 498 1496 289 499 1497 24 499 1498 296 499 1499 290 500 1500 296 500 1501 25 500 1502 595 501 1503 25 501 1504 297 501 1505 291 502 1506 297 502 1507 26 502 1508 596 503 1509 26 503 1510 298 503 1511 292 504 1512 298 504 1513 299 504 1514 293 505 1515 299 505 1516 27 505 1517 597 506 1518 27 506 1519 28 506 1520 598 507 1521 28 507 1522 300 507 1523 294 508 1524 300 508 1525 29 508 1526 599 509 1527 29 509 1528 295 509 1529 295 510 1530 301 510 1531 24 510 1532 24 511 1533 31 511 1534 296 511 1535 296 512 1536 302 512 1537 25 512 1538 25 513 1539 303 513 1540 297 513 1541 297 514 1542 304 514 1543 26 514 1544 26 515 1545 305 515 1546 298 515 1547 298 516 1548 32 516 1549 299 516 1550 299 517 1551 306 517 1552 27 517 1553 27 518 1554 307 518 1555 28 518 1556 28 519 1557 33 519 1558 300 519 1559 300 520 1560 308 520 1561 29 520 1562 29 521 1563 30 521 1564 295 521 1565 30 522 1566 309 522 1567 301 522 1568 301 523 1569 310 523 1570 31 523 1571 31 524 1572 311 524 1573 302 524 1574 302 525 1575 35 525 1576 303 525 1577 303 526 1578 36 526 1579 304 526 1580 304 527 1581 37 527 1582 305 527 1583 305 528 1584 312 528 1585 32 528 1586 32 529 1587 38 529 1588 306 529 1589 306 530 1590 313 530 1591 307 530 1592 307 531 1593 39 531 1594 33 531 1595 33 532 1596 314 532 1597 308 532 1598 308 533 1599 34 533 1600 30 533 1601 34 534 1602 40 534 1603 309 534 1604 309 535 1605 316 535 1606 310 535 1607 310 536 1608 41 536 1609 311 536 1610 311 537 1611 317 537 1612 35 537 1613 36 538 1614 318 538 1615 37 538 1616 37 539 1617 43 539 1618 312 539 1619 312 540 1620 44 540 1621 38 540 1622 38 541 1623 319 541 1624 313 541 1625 313 542 1626 320 542 1627 39 542 1628 39 543 1629 45 543 1630 314 543 1631 314 544 1632 315 544 1633 34 544 1634 315 545 1635 46 545 1636 40 545 1637 40 546 1638 322 546 1639 316 546 1640 316 547 1641 47 547 1642 41 547 1643 41 548 1644 48 548 1645 317 548 1646 317 549 1647 49 549 1648 42 549 1649 42 550 1650 323 550 1651 318 550 1652 318 551 1653 324 551 1654 43 551 1655 44 552 1656 325 552 1657 319 552 1658 319 553 1659 51 553 1660 320 553 1661 320 554 1662 326 554 1663 45 554 1664 45 555 1665 321 555 1666 315 555 1667 321 556 1668 328 556 1669 46 556 1670 46 557 1671 52 557 1672 322 557 1673 322 558 1674 53 558 1675 47 558 1676 47 559 1677 329 559 1678 48 559 1679 49 560 1680 330 560 1681 323 560 1682 323 561 1683 331 561 1684 324 561 1685 324 562 1686 332 562 1687 50 562 1688 50 563 1689 333 563 1690 325 563 1691 325 564 1692 55 564 1693 51 564 1694 51 565 1695 56 565 1696 326 565 1697 326 566 1698 327 566 1699 321 566 1700 327 567 1701 335 567 1702 328 567 1703 328 568 1704 336 568 1705 52 568 1706 52 569 1707 337 569 1708 53 569 1709 53 570 1710 338 570 1711 329 570 1712 329 571 1713 339 571 1714 54 571 1715 54 572 1716 57 572 1717 330 572 1718 330 573 1719 58 573 1720 331 573 1721 331 574 1722 59 574 1723 332 574 1724 332 575 1725 340 575 1726 333 575 1727 333 576 1728 341 576 1729 55 576 1730 56 577 1731 334 577 1732 327 577 1733 334 578 1734 343 578 1735 335 578 1736 335 579 1737 61 579 1738 336 579 1739 336 580 1740 62 580 1741 337 580 1742 337 581 1743 344 581 1744 338 581 1745 338 582 1746 345 582 1747 339 582 1748 339 583 1749 63 583 1750 57 583 1751 57 584 1752 346 584 1753 58 584 1754 59 585 1755 347 585 1756 340 585 1757 340 586 1758 65 586 1759 341 586 1760 341 587 1761 66 587 1762 60 587 1763 60 588 1764 342 588 1765 334 588 1766 342 589 1767 349 589 1768 343 589 1769 343 590 1770 350 590 1771 61 590 1772 62 591 1773 351 591 1774 344 591 1775 344 592 1776 68 592 1777 345 592 1778 345 593 1779 352 593 1780 63 593 1781 63 594 1782 353 594 1783 346 594 1784 346 595 1785 354 595 1786 64 595 1787 64 596 1788 69 596 1789 347 596 1790 347 597 1791 355 597 1792 65 597 1793 65 598 1794 356 598 1795 66 598 1796 66 599 1797 348 599 1798 342 599 1799 348 600 1800 71 600 1801 349 600 1802 349 601 1803 357 601 1804 350 601 1805 350 602 1806 358 602 1807 67 602 1808 67 603 1809 359 603 1810 351 603 1811 351 604 1812 360 604 1813 68 604 1814 68 605 1815 72 605 1816 352 605 1817 352 606 1818 361 606 1819 353 606 1820 353 607 1821 73 607 1822 354 607 1823 354 608 1824 74 608 1825 69 608 1826 69 609 1827 362 609 1828 355 609 1829 355 610 1830 363 610 1831 356 610 1832 356 611 1833 70 611 1834 348 611 1835 70 612 1836 364 612 1837 71 612 1838 71 613 1839 76 613 1840 357 613 1841 357 614 1842 77 614 1843 358 614 1844 358 615 1845 365 615 1846 359 615 1847 359 616 1848 78 616 1849 360 616 1850 360 617 1851 366 617 1852 72 617 1853 72 618 1854 79 618 1855 361 618 1856 361 619 1857 367 619 1858 73 619 1859 73 620 1860 368 620 1861 74 620 1862 74 621 1863 80 621 1864 362 621 1865 362 622 1866 369 622 1867 363 622 1868 363 623 1869 75 623 1870 70 623 1871 75 624 1872 81 624 1873 364 624 1874 364 625 1875 82 625 1876 76 625 1877 76 626 1878 371 626 1879 77 626 1880 77 627 1881 83 627 1882 365 627 1883 365 628 1884 84 628 1885 78 628 1886 78 629 1887 372 629 1888 366 629 1889 366 630 1890 85 630 1891 79 630 1892 79 631 1893 373 631 1894 367 631 1895 367 632 1896 374 632 1897 368 632 1898 368 633 1899 375 633 1900 80 633 1901 80 634 1902 376 634 1903 369 634 1904 369 635 1905 370 635 1906 75 635 1907 370 636 1908 86 636 1909 81 636 1910 81 637 1911 378 637 1912 82 637 1913 82 638 1914 379 638 1915 371 638 1916 371 639 1917 87 639 1918 83 639 1919 83 640 1920 380 640 1921 84 640 1922 84 641 1923 88 641 1924 372 641 1925 372 642 1926 89 642 1927 85 642 1928 85 643 1929 381 643 1930 373 643 1931 373 644 1932 382 644 1933 374 644 1934 374 645 1935 90 645 1936 375 645 1937 375 646 1938 383 646 1939 376 646 1940 376 647 1941 377 647 1942 370 647 1943 377 648 1944 385 648 1945 86 648 1946 86 649 1947 91 649 1948 378 649 1949 378 650 1950 92 650 1951 379 650 1952 379 651 1953 93 651 1954 87 651 1955 87 652 1956 94 652 1957 380 652 1958 380 653 1959 95 653 1960 88 653 1961 88 654 1962 386 654 1963 89 654 1964 89 655 1965 96 655 1966 381 655 1967 381 656 1968 97 656 1969 382 656 1970 382 657 1971 98 657 1972 90 657 1973 90 658 1974 387 658 1975 383 658 1976 383 659 1977 384 659 1978 377 659 1979 384 660 1980 99 660 1981 385 660 1982 385 661 1983 389 661 1984 91 661 1985 92 662 1986 390 662 1987 93 662 1988 93 663 1989 391 663 1990 94 663 1991 94 664 1992 392 664 1993 95 664 1994 95 665 1995 101 665 1996 386 665 1997 386 666 1998 102 666 1999 96 666 2000 96 667 2001 393 667 2002 97 667 2003 97 668 2004 394 668 2005 98 668 2006 98 669 2007 395 669 2008 387 669 2009 387 670 2010 388 670 2011 384 670 2012 388 671 2013 103 671 2014 99 671 2015 99 672 2016 397 672 2017 389 672 2018 389 673 2019 398 673 2020 100 673 2021 100 674 2022 104 674 2023 390 674 2024 390 675 2025 399 675 2026 391 675 2027 391 676 2028 105 676 2029 392 676 2030 392 677 2031 106 677 2032 101 677 2033 102 678 2034 108 678 2035 393 678 2036 393 679 2037 109 679 2038 394 679 2039 394 680 2040 400 680 2041 395 680 2042 395 681 2043 396 681 2044 388 681 2045 396 682 2046 402 682 2047 103 682 2048 103 683 2049 403 683 2050 397 683 2051 397 684 2052 110 684 2053 398 684 2054 398 685 2055 404 685 2056 104 685 2057 104 686 2058 405 686 2059 399 686 2060 399 687 2061 111 687 2062 105 687 2063 107 688 2064 406 688 2065 108 688 2066 109 689 2067 407 689 2068 400 689 2069 400 690 2070 401 690 2071 396 690 2072 401 691 2073 115 691 2074 402 691 2075 402 692 2076 116 692 2077 403 692 2078 403 693 2079 117 693 2080 110 693 2081 110 694 2082 409 694 2083 404 694 2084 404 695 2085 118 695 2086 405 695 2087 405 696 2088 410 696 2089 111 696 2090 111 697 2091 411 697 2092 112 697 2093 112 698 2094 412 698 2095 113 698 2096 113 699 2097 413 699 2098 406 699 2099 406 700 2100 414 700 2101 114 700 2102 114 701 2103 119 701 2104 407 701 2105 407 702 2106 408 702 2107 401 702 2108 408 703 2109 121 703 2110 115 703 2111 115 704 2112 415 704 2113 116 704 2114 116 705 2115 416 705 2116 117 705 2117 117 706 2118 122 706 2119 409 706 2120 409 707 2121 123 707 2122 118 707 2123 118 708 2124 417 708 2125 410 708 2126 410 709 2127 418 709 2128 411 709 2129 411 710 2130 419 710 2131 412 710 2132 412 711 2133 124 711 2134 413 711 2135 413 712 2136 125 712 2137 414 712 2138 414 713 2139 126 713 2140 119 713 2141 119 714 2142 120 714 2143 408 714 2144 120 715 2145 420 715 2146 121 715 2147 121 716 2148 421 716 2149 415 716 2150 415 717 2151 422 717 2152 416 717 2153 416 718 2154 423 718 2155 122 718 2156 123 719 2157 424 719 2158 417 719 2159 417 720 2160 425 720 2161 418 720 2162 418 721 2163 129 721 2164 419 721 2165 419 722 2166 426 722 2167 124 722 2168 124 723 2169 427 723 2170 125 723 2171 127 724 2172 131 724 2173 420 724 2174 420 725 2175 429 725 2176 421 725 2177 421 726 2178 132 726 2179 422 726 2180 422 727 2181 133 727 2182 423 727 2183 423 728 2184 134 728 2185 128 728 2186 128 729 2187 430 729 2188 424 729 2189 424 730 2190 135 730 2191 425 730 2192 425 731 2193 431 731 2194 129 731 2195 129 732 2196 432 732 2197 426 732 2198 426 733 2199 433 733 2200 427 733 2201 427 734 2202 434 734 2203 130 734 2204 130 735 2205 428 735 2206 127 735 2207 428 736 2208 435 736 2209 131 736 2210 131 737 2211 436 737 2212 429 737 2213 429 738 2214 137 738 2215 132 738 2216 134 739 2217 140 739 2218 430 739 2219 430 740 2220 141 740 2221 135 740 2222 135 741 2223 437 741 2224 431 741 2225 431 742 2226 438 742 2227 432 742 2228 432 743 2229 142 743 2230 433 743 2231 433 744 2232 143 744 2233 434 744 2234 434 745 2235 136 745 2236 428 745 2237 136 746 2238 439 746 2239 435 746 2240 435 747 2241 145 747 2242 436 747 2243 436 748 2244 146 748 2245 137 748 2246 137 749 2247 440 749 2248 138 749 2249 141 750 2250 150 750 2251 437 750 2252 437 751 2253 441 751 2254 438 751 2255 438 752 2256 151 752 2257 142 752 2258 144 753 2259 154 753 2260 439 753 2261 439 754 2262 155 754 2263 145 754 2264 145 755 2265 442 755 2266 146 755 2267 146 756 2268 443 756 2269 440 756 2270 440 757 2271 156 757 2272 147 757 2273 150 758 2274 444 758 2275 441 758 2276 441 759 2277 445 759 2278 151 759 2279 151 760 2280 446 760 2281 152 760 2282 153 761 2283 448 761 2284 154 761 2285 155 762 2286 449 762 2287 442 762 2288 442 763 2289 450 763 2290 443 763 2291 443 764 2292 451 764 2293 156 764 2294 156 765 2295 452 765 2296 157 765 2297 159 766 2298 453 766 2299 444 766 2300 444 767 2301 454 767 2302 445 767 2303 445 768 2304 455 768 2305 446 768 2306 446 769 2307 447 769 2308 153 769 2309 447 770 2310 457 770 2311 448 770 2312 448 771 2313 458 771 2314 160 771 2315 160 772 2316 163 772 2317 449 772 2318 449 773 2319 459 773 2320 450 773 2321 450 774 2322 460 774 2323 451 774 2324 451 775 2325 164 775 2326 452 775 2327 452 776 2328 461 776 2329 161 776 2330 162 777 2331 462 777 2332 453 777 2333 453 778 2334 463 778 2335 454 778 2336 454 779 2337 464 779 2338 455 779 2339 455 780 2340 456 780 2341 447 780 2342 456 781 2343 167 781 2344 457 781 2345 457 782 2346 168 782 2347 458 782 2348 458 783 2349 465 783 2350 163 783 2351 163 784 2352 466 784 2353 459 784 2354 459 785 2355 467 785 2356 460 785 2357 460 786 2358 468 786 2359 164 786 2360 164 787 2361 169 787 2362 461 787 2363 461 788 2364 469 788 2365 165 788 2366 165 789 2367 170 789 2368 462 789 2369 462 790 2370 171 790 2371 463 790 2372 463 791 2373 172 791 2374 464 791 2375 464 792 2376 166 792 2377 456 792 2378 167 793 2379 471 793 2380 168 793 2381 168 794 2382 472 794 2383 465 794 2384 465 795 2385 473 795 2386 466 795 2387 466 796 2388 474 796 2389 467 796 2390 467 797 2391 475 797 2392 468 797 2393 468 798 2394 476 798 2395 169 798 2396 169 799 2397 174 799 2398 469 799 2399 469 800 2400 175 800 2401 170 800 2402 170 801 2403 477 801 2404 171 801 2405 172 802 2406 470 802 2407 166 802 2408 470 803 2409 177 803 2410 173 803 2411 173 804 2412 479 804 2413 471 804 2414 471 805 2415 480 805 2416 472 805 2417 472 806 2418 178 806 2419 473 806 2420 473 807 2421 481 807 2422 474 807 2423 474 808 2424 179 808 2425 475 808 2426 475 809 2427 180 809 2428 476 809 2429 476 810 2430 482 810 2431 174 810 2432 174 811 2433 483 811 2434 175 811 2435 175 812 2436 484 812 2437 477 812 2438 477 813 2439 485 813 2440 176 813 2441 176 814 2442 478 814 2443 470 814 2444 478 815 2445 181 815 2446 177 815 2447 177 816 2448 182 816 2449 479 816 2450 479 817 2451 487 817 2452 480 817 2453 480 818 2454 488 818 2455 178 818 2456 178 819 2457 489 819 2458 481 819 2459 481 820 2460 183 820 2461 179 820 2462 180 821 2463 185 821 2464 482 821 2465 482 822 2466 186 822 2467 483 822 2468 483 823 2469 187 823 2470 484 823 2471 484 824 2472 490 824 2473 485 824 2474 485 825 2475 486 825 2476 478 825 2477 486 826 2478 492 826 2479 181 826 2480 181 827 2481 493 827 2482 182 827 2483 182 828 2484 494 828 2485 487 828 2486 487 829 2487 495 829 2488 488 829 2489 488 830 2490 188 830 2491 489 830 2492 489 831 2493 189 831 2494 183 831 2495 183 832 2496 496 832 2497 184 832 2498 184 833 2499 497 833 2500 185 833 2501 187 834 2502 192 834 2503 490 834 2504 490 835 2505 491 835 2506 486 835 2507 491 836 2508 498 836 2509 492 836 2510 492 837 2511 194 837 2512 493 837 2513 493 838 2514 195 838 2515 494 838 2516 494 839 2517 196 839 2518 495 839 2519 495 840 2520 499 840 2521 188 840 2522 189 841 2523 500 841 2524 496 841 2525 496 842 2526 501 842 2527 497 842 2528 497 843 2529 198 843 2530 190 843 2531 190 844 2532 502 844 2533 191 844 2534 192 845 2535 193 845 2536 491 845 2537 193 846 2538 200 846 2539 498 846 2540 498 847 2541 504 847 2542 194 847 2543 194 848 2544 505 848 2545 195 848 2546 195 849 2547 506 849 2548 196 849 2549 196 850 2550 507 850 2551 499 850 2552 499 851 2553 201 851 2554 197 851 2555 197 852 2556 202 852 2557 500 852 2558 500 853 2559 203 853 2560 501 853 2561 501 854 2562 204 854 2563 198 854 2564 198 855 2565 508 855 2566 502 855 2567 502 856 2568 509 856 2569 199 856 2570 199 857 2571 503 857 2572 193 857 2573 503 858 2574 510 858 2575 200 858 2576 200 859 2577 206 859 2578 504 859 2579 504 860 2580 207 860 2581 505 860 2582 505 861 2583 511 861 2584 506 861 2585 506 862 2586 512 862 2587 507 862 2588 507 863 2589 513 863 2590 201 863 2591 201 864 2592 514 864 2593 202 864 2594 202 865 2595 515 865 2596 203 865 2597 203 866 2598 516 866 2599 204 866 2600 204 867 2601 208 867 2602 508 867 2603 508 868 2604 517 868 2605 509 868 2606 509 869 2607 205 869 2608 503 869 2609 205 870 2610 209 870 2611 510 870 2612 510 871 2613 519 871 2614 206 871 2615 206 872 2616 520 872 2617 207 872 2618 207 873 2619 210 873 2620 511 873 2621 511 874 2622 211 874 2623 512 874 2624 512 875 2625 212 875 2626 513 875 2627 513 876 2628 213 876 2629 514 876 2630 514 877 2631 214 877 2632 515 877 2633 515 878 2634 215 878 2635 516 878 2636 516 879 2637 216 879 2638 208 879 2639 208 880 2640 217 880 2641 517 880 2642 517 881 2643 518 881 2644 205 881 2645 518 882 2646 522 882 2647 209 882 2648 209 883 2649 218 883 2650 519 883 2651 519 884 2652 523 884 2653 520 884 2654 520 885 2655 219 885 2656 210 885 2657 211 886 2658 524 886 2659 212 886 2660 212 887 2661 525 887 2662 213 887 2663 213 888 2664 526 888 2665 214 888 2666 216 889 2667 527 889 2668 217 889 2669 217 890 2670 521 890 2671 518 890 2672 521 891 2673 223 891 2674 522 891 2675 522 892 2676 529 892 2677 218 892 2678 218 893 2679 224 893 2680 523 893 2681 523 894 2682 225 894 2683 219 894 2684 220 895 2685 530 895 2686 524 895 2687 524 896 2688 531 896 2689 525 896 2690 525 897 2691 227 897 2692 526 897 2693 526 898 2694 532 898 2695 221 898 2696 221 899 2697 533 899 2698 222 899 2699 222 900 2700 228 900 2701 527 900 2702 527 901 2703 528 901 2704 521 901 2705 528 902 2706 230 902 2707 223 902 2708 223 903 2709 231 903 2710 529 903 2711 529 904 2712 232 904 2713 224 904 2714 226 905 2715 534 905 2716 530 905 2717 530 906 2718 235 906 2719 531 906 2720 531 907 2721 535 907 2722 227 907 2723 227 908 2724 536 908 2725 532 908 2726 532 909 2727 236 909 2728 533 909 2729 533 910 2730 537 910 2731 228 910 2732 228 911 2733 229 911 2734 528 911 2735 229 912 2736 538 912 2737 230 912 2738 231 913 2739 539 913 2740 232 913 2741 232 914 2742 540 914 2743 233 914 2744 234 915 2745 240 915 2746 534 915 2747 534 916 2748 541 916 2749 235 916 2750 235 917 2751 542 917 2752 535 917 2753 535 918 2754 241 918 2755 536 918 2756 536 919 2757 543 919 2758 236 919 2759 236 920 2760 544 920 2761 537 920 2762 537 921 2763 237 921 2764 229 921 2765 237 922 2766 243 922 2767 538 922 2768 538 923 2769 545 923 2770 238 923 2771 238 924 2772 546 924 2773 539 924 2774 539 925 2775 547 925 2776 540 925 2777 540 926 2778 548 926 2779 239 926 2780 240 927 2781 549 927 2782 541 927 2783 541 928 2784 245 928 2785 542 928 2786 542 929 2787 550 929 2788 241 929 2789 241 930 2790 246 930 2791 543 930 2792 543 931 2793 551 931 2794 544 931 2795 544 932 2796 242 932 2797 237 932 2798 243 933 2799 553 933 2800 545 933 2801 545 934 2802 248 934 2803 546 934 2804 546 935 2805 554 935 2806 547 935 2807 547 936 2808 249 936 2809 548 936 2810 548 937 2811 555 937 2812 244 937 2813 244 938 2814 556 938 2815 549 938 2816 549 939 2817 250 939 2818 245 939 2819 245 940 2820 557 940 2821 550 940 2822 550 941 2823 251 941 2824 246 941 2825 246 942 2826 558 942 2827 551 942 2828 551 943 2829 552 943 2830 242 943 2831 552 944 2832 560 944 2833 247 944 2834 247 945 2835 561 945 2836 553 945 2837 553 946 2838 562 946 2839 248 946 2840 248 947 2841 563 947 2842 554 947 2843 554 948 2844 564 948 2845 249 948 2846 249 949 2847 252 949 2848 555 949 2849 555 950 2850 253 950 2851 556 950 2852 556 951 2853 565 951 2854 250 951 2855 250 952 2856 566 952 2857 557 952 2858 557 953 2859 254 953 2860 251 953 2861 251 954 2862 255 954 2863 558 954 2864 558 955 2865 559 955 2866 552 955 2867 559 956 2868 567 956 2869 560 956 2870 560 957 2871 257 957 2872 561 957 2873 561 958 2874 258 958 2875 562 958 2876 562 959 2877 259 959 2878 563 959 2879 563 960 2880 568 960 2881 564 960 2882 564 961 2883 569 961 2884 252 961 2885 252 962 2886 570 962 2887 253 962 2888 253 963 2889 260 963 2890 565 963 2891 565 964 2892 261 964 2893 566 964 2894 566 965 2895 571 965 2896 254 965 2897 254 966 2898 572 966 2899 255 966 2900 255 967 2901 256 967 2902 559 967 2903 256 968 2904 574 968 2905 567 968 2906 567 969 2907 575 969 2908 257 969 2909 259 970 2910 576 970 2911 568 970 2912 568 971 2913 264 971 2914 569 971 2915 569 972 2916 265 972 2917 570 972 2918 570 973 2919 266 973 2920 260 973 2921 261 974 2922 268 974 2923 571 974 2924 571 975 2925 577 975 2926 572 975 2927 572 976 2928 573 976 2929 256 976 2930 573 977 2931 578 977 2932 574 977 2933 574 978 2934 270 978 2935 575 978 2936 575 979 2937 579 979 2938 262 979 2939 262 980 2940 580 980 2941 263 980 2942 263 981 2943 581 981 2944 576 981 2945 576 982 2946 271 982 2947 264 982 2948 264 983 2949 582 983 2950 265 983 2951 266 984 2952 583 984 2953 267 984 2954 268 985 2955 274 985 2956 577 985 2957 577 986 2958 269 986 2959 573 986 2960 269 987 2961 275 987 2962 578 987 2963 578 988 2964 276 988 2965 270 988 2966 270 989 2967 277 989 2968 579 989 2969 579 990 2970 278 990 2971 580 990 2972 580 991 2973 585 991 2974 581 991 2975 581 992 2976 279 992 2977 271 992 2978 271 993 2979 280 993 2980 582 993 2981 582 994 2982 586 994 2983 272 994 2984 272 995 2985 587 995 2986 583 995 2987 583 996 2988 281 996 2989 273 996 2990 274 997 2991 584 997 2992 269 997 2993 584 998 2994 284 998 2995 275 998 2996 278 999 2997 588 999 2998 585 999 2999 585 1000 3000 589 1000 3001 279 1000 3002 280 1001 3003 590 1001 3004 586 1001 3005 586 1002 3006 591 1002 3007 587 1002 3008 587 1003 3009 592 1003 3010 281 1003 3011 281 1004 3012 593 1004 3013 282 1004 3014 282 1005 3015 283 1005 3016 584 1005 3017 285 1006 3018 595 1006 3019 286 1006 3020 287 1007 3021 596 1007 3022 588 1007 3023 588 1008 3024 292 1008 3025 589 1008 3026 589 1009 3027 293 1009 3028 288 1009 3029 288 1010 3030 597 1010 3031 590 1010 3032 590 1011 3033 598 1011 3034 591 1011 3035 591 1012 3036 294 1012 3037 592 1012 3038 592 1013 3039 599 1013 3040 593 1013 3041 593 1014 3042 594 1014 3043 283 1014 3044 594 1015 3045 24 1015 3046 289 1015 3047 289 1016 3048 296 1016 3049 290 1016 3050 290 1017 3051 25 1017 3052 595 1017 3053 595 1018 3054 297 1018 3055 291 1018 3056 291 1019 3057 26 1019 3058 596 1019 3059 596 1020 3060 298 1020 3061 292 1020 3062 292 1021 3063 299 1021 3064 293 1021 3065 293 1022 3066 27 1022 3067 597 1022 3068 597 1023 3069 28 1023 3070 598 1023 3071 598 1024 3072 300 1024 3073 294 1024 3074 294 1025 3075 29 1025 3076 599 1025 3077 599 1026 3078 295 1026 3079 594 1026 3080 0 1027 3081 1 1027 3082 3 1027 3083 2 1028 3084 3 1028 3085 7 1028 3086 6 1029 3087 7 1029 3088 5 1029 3089 4 1030 3090 5 1030 3091 1 1030 3092 2 1031 3093 6 1031 3094 4 1031 3095 7 1032 3096 3 1032 3097 1 1032 3098 8 1033 3099 9 1033 3100 11 1033 3101 10 1034 3102 11 1034 3103 15 1034 3104 14 1035 3105 15 1035 3106 13 1035 3107 12 1036 3108 13 1036 3109 9 1036 3110 10 1037 3111 14 1037 3112 12 1037 3113 15 1038 3114 11 1038 3115 9 1038 3116 16 1039 3117 17 1039 3118 19 1039 3119 18 1040 3120 19 1040 3121 23 1040 3122 22 1041 3123 23 1041 3124 21 1041 3125 20 1042 3126 21 1042 3127 17 1042 3128 18 1043 3129 22 1043 3130 20 1043 3131 23 1044 3132 19 1044 3133 17 1044 3134 35 1045 3135 42 1045 3136 36 1045 3137 43 1046 3138 50 1046 3139 44 1046 3140 48 1047 3141 54 1047 3142 49 1047 3143 55 1048 3144 60 1048 3145 56 1048 3146 58 1049 3147 64 1049 3148 59 1049 3149 61 1050 3150 67 1050 3151 62 1050 3152 91 1051 3153 100 1051 3154 92 1051 3155 101 1052 3156 107 1052 3157 102 1052 3158 105 1053 3159 112 1053 3160 106 1053 3161 106 1054 3162 113 1054 3163 107 1054 3164 108 1055 3165 114 1055 3166 109 1055 3167 122 1056 3168 128 1056 3169 123 1056 3170 125 1057 3171 130 1057 3172 126 1057 3173 126 1058 3174 127 1058 3175 120 1058 3176 132 1059 3177 138 1059 3178 133 1059 3179 133 1060 3180 139 1060 3181 134 1060 3182 138 1061 3183 147 1061 3184 139 1061 3185 139 1062 3186 148 1062 3187 140 1062 3188 140 1063 3189 149 1063 3190 141 1063 3191 142 1064 3192 152 1064 3193 143 1064 3194 143 1065 3195 144 1065 3196 136 1065 3197 147 1066 3198 157 1066 3199 148 1066 3200 148 1067 3201 158 1067 3202 149 1067 3203 149 1068 3204 159 1068 3205 150 1068 3206 152 1069 3207 153 1069 3208 144 1069 3209 154 1070 3210 160 1070 3211 155 1070 3212 157 1071 3213 161 1071 3214 158 1071 3215 158 1072 3216 162 1072 3217 159 1072 3218 161 1073 3219 165 1073 3220 162 1073 3221 166 1074 3222 173 1074 3223 167 1074 3224 171 1075 3225 176 1075 3226 172 1075 3227 179 1076 3228 184 1076 3229 180 1076 3230 185 1077 3231 190 1077 3232 186 1077 3233 186 1078 3234 191 1078 3235 187 1078 3236 188 1079 3237 197 1079 3238 189 1079 3239 191 1080 3240 199 1080 3241 192 1080 3242 210 1081 3243 220 1081 3244 211 1081 3245 214 1082 3246 221 1082 3247 215 1082 3248 215 1083 3249 222 1083 3250 216 1083 3251 219 1084 3252 226 1084 3253 220 1084 3254 224 1085 3255 233 1085 3256 225 1085 3257 225 1086 3258 234 1086 3259 226 1086 3260 230 1087 3261 238 1087 3262 231 1087 3263 233 1088 3264 239 1088 3265 234 1088 3266 239 1089 3267 244 1089 3268 240 1089 3269 242 1090 3270 247 1090 3271 243 1090 3272 257 1091 3273 262 1091 3274 258 1091 3275 258 1092 3276 263 1092 3277 259 1092 3278 260 1093 3279 267 1093 3280 261 1093 3281 265 1094 3282 272 1094 3283 266 1094 3284 267 1095 3285 273 1095 3286 268 1095 3287 273 1096 3288 282 1096 3289 274 1096 3290 275 1097 3291 285 1097 3292 276 1097 3293 276 1098 3294 286 1098 3295 277 1098 3296 277 1099 3297 287 1099 3298 278 1099 3299 279 1100 3300 288 1100 3301 280 1100 3302 283 1101 3303 289 1101 3304 284 1101 3305 284 1102 3306 290 1102 3307 285 1102 3308 286 1103 3309 291 1103 3310 287 1103 3311 297 1104 3312 303 1104 3313 304 1104 3314 301 1105 3315 309 1105 3316 310 1105 3317 313 1106 3318 319 1106 3319 320 1106 3320 318 1107 3321 323 1107 3322 324 1107 3323 321 1108 3324 327 1108 3325 328 1108 3326 323 1109 3327 330 1109 3328 331 1109 3329 324 1110 3330 331 1110 3331 332 1110 3332 327 1111 3333 334 1111 3334 335 1111 3335 328 1112 3336 335 1112 3337 336 1112 3338 329 1113 3339 338 1113 3340 339 1113 3341 333 1114 3342 340 1114 3343 341 1114 3344 334 1115 3345 342 1115 3346 343 1115 3347 338 1116 3348 344 1116 3349 345 1116 3350 342 1117 3351 348 1117 3352 349 1117 3353 343 1118 3354 349 1118 3355 350 1118 3356 346 1119 3357 353 1119 3358 354 1119 3359 350 1120 3360 357 1120 3361 358 1120 3362 351 1121 3363 359 1121 3364 360 1121 3365 355 1122 3366 362 1122 3367 363 1122 3368 367 1123 3369 373 1123 3370 374 1123 3371 368 1124 3372 374 1124 3373 375 1124 3374 369 1125 3375 376 1125 3376 370 1125 3377 373 1126 3378 381 1126 3379 382 1126 3380 376 1127 3381 383 1127 3382 377 1127 3383 377 1128 3384 384 1128 3385 385 1128 3386 383 1129 3387 387 1129 3388 384 1129 3389 387 1130 3390 395 1130 3391 388 1130 3392 389 1131 3393 397 1131 3394 398 1131 3395 395 1132 3396 400 1132 3397 396 1132 3398 396 1133 3399 401 1133 3400 402 1133 3401 400 1134 3402 407 1134 3403 401 1134 3404 406 1135 3405 413 1135 3406 414 1135 3407 410 1136 3408 417 1136 3409 418 1136 3410 411 1137 3411 418 1137 3412 419 1137 3413 415 1138 3414 421 1138 3415 422 1138 3416 416 1139 3417 422 1139 3418 423 1139 3419 417 1140 3420 424 1140 3421 425 1140 3422 426 1141 3423 432 1141 3424 433 1141 3425 427 1142 3426 433 1142 3427 434 1142 3428 431 1143 3429 437 1143 3430 438 1143 3431 441 1144 3432 444 1144 3433 445 1144 3434 442 1145 3435 449 1145 3436 450 1145 3437 443 1146 3438 450 1146 3439 451 1146 3440 444 1147 3441 453 1147 3442 454 1147 3443 445 1148 3444 454 1148 3445 455 1148 3446 446 1149 3447 455 1149 3448 447 1149 3449 447 1150 3450 456 1150 3451 457 1150 3452 448 1151 3453 457 1151 3454 458 1151 3455 450 1152 3456 459 1152 3457 460 1152 3458 453 1153 3459 462 1153 3460 463 1153 3461 454 1154 3462 463 1154 3463 464 1154 3464 455 1155 3465 464 1155 3466 456 1155 3467 459 1156 3468 466 1156 3469 467 1156 3470 460 1157 3471 467 1157 3472 468 1157 3473 465 1158 3474 472 1158 3475 473 1158 3476 466 1159 3477 473 1159 3478 474 1159 3479 467 1160 3480 474 1160 3481 475 1160 3482 468 1161 3483 475 1161 3484 476 1161 3485 471 1162 3486 479 1162 3487 480 1162 3488 477 1163 3489 484 1163 3490 485 1163 3491 480 1164 3492 487 1164 3493 488 1164 3494 485 1165 3495 490 1165 3496 486 1165 3497 486 1166 3498 491 1166 3499 492 1166 3500 487 1167 3501 494 1167 3502 495 1167 3503 496 1168 3504 500 1168 3505 501 1168 3506 502 1169 3507 508 1169 3508 509 1169 3509 506 1170 3510 511 1170 3511 512 1170 3512 507 1171 3513 512 1171 3514 513 1171 3515 518 1172 3516 521 1172 3517 522 1172 3518 524 1173 3519 530 1173 3520 531 1173 3521 539 1174 3522 546 1174 3523 547 1174 3524 540 1175 3525 547 1175 3526 548 1175 3527 551 1176 3528 558 1176 3529 552 1176 3530 552 1177 3531 559 1177 3532 560 1177 3533 553 1178 3534 561 1178 3535 562 1178 3536 554 1179 3537 563 1179 3538 564 1179 3539 564 1180 3540 568 1180 3541 569 1180 3542 567 1181 3543 574 1181 3544 575 1181 3545 572 1182 3546 577 1182 3547 573 1182 3548 585 1183 3549 588 1183 3550 589 1183 3551 586 1184 3552 590 1184 3553 591 1184 3554 587 1185 3555 591 1185 3556 592 1185 3557 590 1186 3558 597 1186 3559 598 1186 3560 593 1187 3561 599 1187 3562 594 1187 3563</p>
        </triangles>
      </mesh>
    </geometry>
  </library_geometries>
  <library_visual_scenes>
    <visual_scene id="Scene" name="Scene">
      <node id="tmp_export_Cube_022" name="tmp_export_Cube.022" type="NODE">
        <matrix sid="transform">1 0 0 0 0 1 0 0 0 0 1 0 0 0 0 1</matrix>
        <instance_geometry url="#Cube_022-mesh" name="tmp_export_Cube.022">
          <bind_material>
            <technique_common>
              <instance_material symbol="Material_005-material" target="#Material_005-material">
                <bind_vertex_input semantic="UVMap" input_semantic="TEXCOORD" input_set="0"/>
              </instance_material>
            </technique_common>
          </bind_material>
        </instance_geometry>
      </node>
    </visual_scene>
  </library_visual_scenes>
  <scene>
    <instance_visual_scene url="#Scene"/>
  </scene>
</COLLADA>